image_path,mask_path,split,has_wound,bbox_yolo,wound_pixels,source
data/FUSeg/train/images/0409.png,data/FUSeg/train/labels/0409.png,train,True,"[[0, 0.3408203125, 0.423828125, 0.0703125, 0.080078125]]",809,FUSeg
data/AZH/train/BG/64.jpg,,train,False,[],0,AZH-train/BG
data/FUSeg/train/images/0380.png,data/FUSeg/train/labels/0380.png,train,True,"[[0, 0.2880859375, 0.556640625, 0.09765625, 0.107421875]]",1977,FUSeg
data/FUSeg/train/images/0477.png,data/FUSeg/train/labels/0477.png,train,True,"[[0, 0.5185546875, 0.494140625, 0.05078125, 0.056640625]]",511,FUSeg
data/FUSeg/train/images/0875.png,data/FUSeg/train/labels/0875.png,train,True,"[[0, 0.4072265625, 0.4482421875, 0.1328125, 0.078125]]",1590,FUSeg
data/AZH/test/no wound/86.jpg,,train,False,[],0,AZH-test/no wound
data/FUSeg/train/images/0329.png,data/FUSeg/train/labels/0329.png,train,True,"[[0, 0.412109375, 0.5263671875, 0.080078125, 0.16015625]]",2038,FUSeg
data/FUSeg/train/images/0986.png,data/FUSeg/train/labels/0986.png,train,True,"[[0, 0.474609375, 0.517578125, 0.091796875, 0.060546875]]",951,FUSeg
data/FUSeg/train/images/0524.png,data/FUSeg/train/labels/0524.png,train,True,"[[0, 0.3671875, 0.5390625, 0.072265625, 0.056640625]]",624,FUSeg
data/FUSeg/train/images/0925.png,data/FUSeg/train/labels/0925.png,train,True,"[[0, 0.271484375, 0.2978515625, 0.103515625, 0.25]]",577,FUSeg
data/FUSeg/train/images/0116.png,data/FUSeg/train/labels/0116.png,train,True,"[[0, 0.3447265625, 0.4375, 0.1328125, 0.080078125]]",1990,FUSeg
data/FUSeg/train/images/0386.png,data/FUSeg/train/labels/0386.png,train,True,"[[0, 0.3466796875, 0.453125, 0.15625, 0.142578125]]",1274,FUSeg
data/FUSeg/train/images/0713.png,data/FUSeg/train/labels/0713.png,train,True,"[[0, 0.3779296875, 0.4755859375, 0.07421875, 0.0703125]]",702,FUSeg
data/AZH/test/no wound/96.jpg,,train,False,[],0,AZH-test/no wound
data/FUSeg/train/images/0426.png,data/FUSeg/train/labels/0426.png,train,True,"[[0, 0.396484375, 0.501953125, 0.294921875, 0.412109375]]",5449,FUSeg
data/FUSeg/train/images/0690.png,data/FUSeg/train/labels/0690.png,train,True,"[[0, 0.40625, 0.6904296875, 0.205078125, 0.13671875]]",5417,FUSeg
data/FUSeg/train/images/0519.png,data/FUSeg/train/labels/0519.png,train,True,"[[0, 0.3779296875, 0.4482421875, 0.06640625, 0.08203125]]",1013,FUSeg
data/FUSeg/train/images/0188.png,data/FUSeg/train/labels/0188.png,train,True,"[[0, 0.52734375, 0.453125, 0.076171875, 0.072265625]]",1087,FUSeg
data/FUSeg/train/images/0623.png,data/FUSeg/train/labels/0623.png,train,True,"[[0, 0.4306640625, 0.4443359375, 0.0859375, 0.08984375]]",1035,FUSeg
data/FUSeg/train/images/0860.png,data/FUSeg/train/labels/0860.png,train,True,"[[0, 0.3876953125, 0.50390625, 0.15625, 0.126953125]]",3560,FUSeg
data/FUSeg/train/images/0237.png,data/FUSeg/train/labels/0237.png,train,True,"[[0, 0.380859375, 0.49609375, 0.302734375, 0.126953125]]",4006,FUSeg
data/FUSeg/train/images/0118.png,data/FUSeg/train/labels/0118.png,train,True,"[[0, 0.2998046875, 0.591796875, 0.15625, 0.083984375]]",1616,FUSeg
data/FUSeg/train/images/0574.png,data/FUSeg/train/labels/0574.png,train,True,"[[0, 0.3984375, 0.4375, 0.306640625, 0.314453125]]",6073,FUSeg
data/FUSeg/train/images/0581.png,data/FUSeg/train/labels/0581.png,train,True,"[[0, 0.3876953125, 0.44140625, 0.12109375, 0.166015625]]",2084,FUSeg
data/FUSeg/train/images/0071.png,data/FUSeg/train/labels/0071.png,train,True,"[[0, 0.37890625, 0.4560546875, 0.017578125, 0.01171875]]",24,FUSeg
data/FUSeg/train/images/0055.png,data/FUSeg/train/labels/0055.png,train,True,"[[0, 0.31640625, 0.5478515625, 0.259765625, 0.1796875]]",3008,FUSeg
data/AZH/train/no wound/26.jpg,,train,False,[],0,AZH-train/no wound
data/FUSeg/train/images/0350.png,data/FUSeg/train/labels/0350.png,train,True,"[[0, 0.3779296875, 0.5185546875, 0.140625, 0.06640625]]",1602,FUSeg
data/FUSeg/train/images/0352.png,data/FUSeg/train/labels/0352.png,train,True,"[[0, 0.3701171875, 0.4609375, 0.02734375, 0.029296875]]",85,FUSeg
data/FUSeg/train/images/0142.png,data/FUSeg/train/labels/0142.png,train,True,"[[0, 0.3447265625, 0.4326171875, 0.0703125, 0.08984375]]",1157,FUSeg
data/AZH/train/BG/52.jpg,,train,False,[],0,AZH-train/BG
data/AZH/train/BG/73.jpg,,train,False,[],0,AZH-train/BG
data/AZH/train/BG/65.jpg,,train,False,[],0,AZH-train/BG
data/AZH/train/no wound/22.jpg,,train,False,[],0,AZH-train/no wound
data/AZH/test/BG/94.jpg,,train,False,[],0,AZH-test/BG
data/FUSeg/train/images/0045.png,data/FUSeg/train/labels/0045.png,train,True,"[[0, 0.3779296875, 0.5126953125, 0.16015625, 0.25390625]]",7253,FUSeg
data/FUSeg/train/images/0573.png,data/FUSeg/train/labels/0573.png,train,True,"[[0, 0.6513671875, 0.5478515625, 0.51953125, 0.11328125]]",3881,FUSeg
data/FUSeg/train/images/0641.png,data/FUSeg/train/labels/0641.png,train,True,"[[0, 0.318359375, 0.482421875, 0.060546875, 0.072265625]]",847,FUSeg
data/FUSeg/train/images/0112.png,data/FUSeg/train/labels/0112.png,train,True,"[[0, 0.361328125, 0.439453125, 0.080078125, 0.087890625]]",1233,FUSeg
data/FUSeg/train/images/0321.png,data/FUSeg/train/labels/0321.png,train,True,"[[0, 0.529296875, 0.43359375, 0.033203125, 0.025390625]]",148,FUSeg
data/FUSeg/train/images/0114.png,data/FUSeg/train/labels/0114.png,train,True,"[[0, 0.376953125, 0.5048828125, 0.123046875, 0.078125]]",1781,FUSeg
data/FUSeg/train/images/0836.png,data/FUSeg/train/labels/0836.png,train,True,"[[0, 0.3857421875, 0.4970703125, 0.07421875, 0.078125]]",956,FUSeg
data/FUSeg/train/images/0482.png,data/FUSeg/train/labels/0482.png,train,True,"[[0, 0.4169921875, 0.4716796875, 0.0546875, 0.078125]]",871,FUSeg
data/FUSeg/train/images/0234.png,data/FUSeg/train/labels/0234.png,train,True,"[[0, 0.404296875, 0.4677734375, 0.029296875, 0.0546875]]",135,FUSeg
data/AZH/train/BG/30.jpg,,train,False,[],0,AZH-train/BG
data/FUSeg/train/images/0357.png,data/FUSeg/train/labels/0357.png,train,True,"[[0, 0.375, 0.509765625, 0.095703125, 0.130859375]]",2013,FUSeg
data/FUSeg/train/images/0859.png,data/FUSeg/train/labels/0859.png,train,True,"[[0, 0.3994140625, 0.275390625, 0.25390625, 0.201171875]]",8704,FUSeg
data/AZH/test/BG/86.jpg,,train,False,[],0,AZH-test/BG
data/FUSeg/train/images/0883.png,data/FUSeg/train/labels/0883.png,train,True,"[[0, 0.3564453125, 0.4921875, 0.1015625, 0.072265625]]",1223,FUSeg
data/FUSeg/train/images/0926.png,data/FUSeg/train/labels/0926.png,train,True,"[[0, 0.4072265625, 0.53515625, 0.23046875, 0.162109375]]",6619,FUSeg
data/FUSeg/train/images/0552.png,data/FUSeg/train/labels/0552.png,train,True,"[[0, 0.3046875, 0.505859375, 0.083984375, 0.111328125]]",1664,FUSeg
data/AZH/train/BG/29.jpg,,train,False,[],0,AZH-train/BG
data/FUSeg/train/images/0972.png,data/FUSeg/train/labels/0972.png,train,True,"[[0, 0.41015625, 0.3515625, 0.408203125, 0.478515625]]",8456,FUSeg
data/AZH/train/BG/67.jpg,,train,False,[],0,AZH-train/BG
data/FUSeg/train/images/0499.png,data/FUSeg/train/labels/0499.png,train,True,"[[0, 0.3779296875, 0.4560546875, 0.05859375, 0.05078125]]",440,FUSeg
data/FUSeg/train/images/0661.png,data/FUSeg/train/labels/0661.png,train,True,"[[0, 0.3857421875, 0.482421875, 0.1953125, 0.337890625]]",10891,FUSeg
data/FUSeg/train/images/0892.png,data/FUSeg/train/labels/0892.png,train,True,"[[0, 0.2900390625, 0.4755859375, 0.13671875, 0.1328125]]",2044,FUSeg
data/FUSeg/train/images/0156.png,data/FUSeg/train/labels/0156.png,train,True,"[[0, 0.4521484375, 0.4931640625, 0.20703125, 0.24609375]]",1969,FUSeg
data/FUSeg/train/images/0783.png,data/FUSeg/train/labels/0783.png,train,True,"[[0, 0.376953125, 0.482421875, 0.048828125, 0.037109375]]",347,FUSeg
data/FUSeg/train/images/0944.png,data/FUSeg/train/labels/0944.png,train,True,"[[0, 0.27734375, 0.3662109375, 0.025390625, 0.05078125]]",148,FUSeg
data/FUSeg/train/images/0535.png,data/FUSeg/train/labels/0535.png,train,True,"[[0, 0.365234375, 0.640625, 0.169921875, 0.115234375]]",3725,FUSeg
data/FUSeg/train/images/1002.png,data/FUSeg/train/labels/1002.png,train,True,"[[0, 0.3876953125, 0.4248046875, 0.17578125, 0.12109375]]",2914,FUSeg
data/FUSeg/train/images/0206.png,data/FUSeg/train/labels/0206.png,train,True,"[[0, 0.3740234375, 0.44921875, 0.1015625, 0.115234375]]",2298,FUSeg
data/FUSeg/train/images/0292.png,data/FUSeg/train/labels/0292.png,train,True,"[[0, 0.4482421875, 0.3037109375, 0.59765625, 0.6015625]]",18944,FUSeg
data/AZH/train/no wound/38.jpg,,train,False,[],0,AZH-train/no wound
data/FUSeg/train/images/0279.png,data/FUSeg/train/labels/0279.png,train,True,"[[0, 0.400390625, 0.451171875, 0.185546875, 0.310546875]]",8968,FUSeg
data/FUSeg/train/images/0469.png,data/FUSeg/train/labels/0469.png,train,True,"[[0, 0.5634765625, 0.380859375, 0.08203125, 0.072265625]]",901,FUSeg
data/FUSeg/train/images/0087.png,data/FUSeg/train/labels/0087.png,train,True,"[[0, 0.4140625, 0.5830078125, 0.103515625, 0.19140625]]",2569,FUSeg
data/FUSeg/train/images/0170.png,data/FUSeg/train/labels/0170.png,train,True,"[[0, 0.3662109375, 0.455078125, 0.08203125, 0.041015625]]",612,FUSeg
data/FUSeg/train/images/0258.png,data/FUSeg/train/labels/0258.png,train,True,"[[0, 0.4521484375, 0.4609375, 0.0703125, 0.064453125]]",899,FUSeg
data/AZH/train/BG/63.jpg,,train,False,[],0,AZH-train/BG
data/FUSeg/train/images/0791.png,data/FUSeg/train/labels/0791.png,train,True,"[[0, 0.380859375, 0.4443359375, 0.158203125, 0.2109375]]",6097,FUSeg
data/FUSeg/train/images/0981.png,data/FUSeg/train/labels/0981.png,train,True,"[[0, 0.33203125, 0.265625, 0.068359375, 0.064453125]]",769,FUSeg
data/AZH/test/no wound/95.jpg,,train,False,[],0,AZH-test/no wound
data/FUSeg/train/images/0060.png,data/FUSeg/train/labels/0060.png,train,True,"[[0, 0.369140625, 0.52734375, 0.044921875, 0.052734375]]",439,FUSeg
data/FUSeg/train/images/0056.png,data/FUSeg/train/labels/0056.png,train,True,"[[0, 0.421875, 0.353515625, 0.251953125, 0.193359375]]",8220,FUSeg
data/FUSeg/train/images/0989.png,data/FUSeg/train/labels/0989.png,train,True,"[[0, 0.2783203125, 0.4091796875, 0.44140625, 0.25390625]]",6837,FUSeg
data/FUSeg/train/images/0452.png,data/FUSeg/train/labels/0452.png,train,True,"[[0, 0.5185546875, 0.48046875, 0.0546875, 0.048828125]]",467,FUSeg
data/FUSeg/train/images/0538.png,data/FUSeg/train/labels/0538.png,train,True,"[[0, 0.4091796875, 0.390625, 0.4609375, 0.443359375]]",14658,FUSeg
data/FUSeg/train/images/0621.png,data/FUSeg/train/labels/0621.png,train,True,"[[0, 0.388671875, 0.4609375, 0.029296875, 0.037109375]]",155,FUSeg
data/FUSeg/train/images/0353.png,data/FUSeg/train/labels/0353.png,train,True,"[[0, 0.4921875, 0.3916015625, 0.322265625, 0.3828125]]",11361,FUSeg
data/FUSeg/train/images/0699.png,data/FUSeg/train/labels/0699.png,train,True,"[[0, 0.2939453125, 0.44921875, 0.0859375, 0.091796875]]",1630,FUSeg
data/FUSeg/train/images/0751.png,data/FUSeg/train/labels/0751.png,train,True,"[[0, 0.34765625, 0.5517578125, 0.197265625, 0.4609375]]",1783,FUSeg
data/FUSeg/train/images/0130.png,data/FUSeg/train/labels/0130.png,train,True,"[[0, 0.384765625, 0.4873046875, 0.029296875, 0.02734375]]",146,FUSeg
data/FUSeg/train/images/0141.png,data/FUSeg/train/labels/0141.png,train,True,"[[0, 0.3017578125, 0.4677734375, 0.06640625, 0.07421875]]",769,FUSeg
data/FUSeg/train/images/0790.png,data/FUSeg/train/labels/0790.png,train,True,"[[0, 0.271484375, 0.662109375, 0.080078125, 0.064453125]]",432,FUSeg
data/FUSeg/train/images/0843.png,data/FUSeg/train/labels/0843.png,train,True,"[[0, 0.3447265625, 0.6298828125, 0.08984375, 0.1640625]]",2349,FUSeg
data/FUSeg/train/images/0572.png,data/FUSeg/train/labels/0572.png,train,True,"[[0, 0.404296875, 0.3310546875, 0.205078125, 0.3984375]]",4425,FUSeg
data/AZH/train/no wound/51.jpg,,train,False,[],0,AZH-train/no wound
data/AZH/train/BG/45.jpg,,train,False,[],0,AZH-train/BG
data/FUSeg/train/images/0461.png,data/FUSeg/train/labels/0461.png,train,True,"[[0, 0.2900390625, 0.4931640625, 0.078125, 0.1015625]]",1451,FUSeg
data/FUSeg/train/images/0856.png,data/FUSeg/train/labels/0856.png,train,True,"[[0, 0.369140625, 0.5029296875, 0.240234375, 0.359375]]",2735,FUSeg
data/AZH/test/BG/99.jpg,,train,False,[],0,AZH-test/BG
data/AZH/train/BG/31.jpg,,train,False,[],0,AZH-train/BG
data/FUSeg/train/images/0589.png,data/FUSeg/train/labels/0589.png,train,True,"[[0, 0.28515625, 0.451171875, 0.220703125, 0.294921875]]",4849,FUSeg
data/FUSeg/train/images/0780.png,data/FUSeg/train/labels/0780.png,train,True,"[[0, 0.458984375, 0.6669921875, 0.080078125, 0.11328125]]",1545,FUSeg
data/FUSeg/train/images/0957.png,data/FUSeg/train/labels/0957.png,train,True,"[[0, 0.33984375, 0.6416015625, 0.064453125, 0.09765625]]",992,FUSeg
data/FUSeg/train/images/0734.png,data/FUSeg/train/labels/0734.png,train,True,"[[0, 0.5078125, 0.400390625, 0.216796875, 0.482421875]]",12314,FUSeg
data/AZH/train/BG/12.jpg,,train,False,[],0,AZH-train/BG
data/FUSeg/train/images/0358.png,data/FUSeg/train/labels/0358.png,train,True,"[[0, 0.51171875, 0.41796875, 0.142578125, 0.134765625]]",1582,FUSeg
data/AZH/train/no wound/41.jpg,,train,False,[],0,AZH-train/no wound
data/FUSeg/train/images/0098.png,data/FUSeg/train/labels/0098.png,train,True,"[[0, 0.1962890625, 0.36328125, 0.1015625, 0.291015625]]",5060,FUSeg
data/AZH/train/no wound/55.jpg,,train,False,[],0,AZH-train/no wound
data/FUSeg/train/images/0640.png,data/FUSeg/train/labels/0640.png,train,True,"[[0, 0.392578125, 0.32421875, 0.037109375, 0.056640625]]",413,FUSeg
data/FUSeg/train/images/0427.png,data/FUSeg/train/labels/0427.png,train,True,"[[0, 0.4482421875, 0.443359375, 0.0859375, 0.115234375]]",2040,FUSeg
data/FUSeg/train/images/0804.png,data/FUSeg/train/labels/0804.png,train,True,"[[0, 0.3759765625, 0.4443359375, 0.109375, 0.171875]]",1596,FUSeg
data/FUSeg/train/images/0171.png,data/FUSeg/train/labels/0171.png,train,True,"[[0, 0.3720703125, 0.5263671875, 0.09375, 0.14453125]]",2286,FUSeg
data/AZH/train/no wound/42.jpg,,train,False,[],0,AZH-train/no wound
data/FUSeg/train/images/0140.png,data/FUSeg/train/labels/0140.png,train,True,"[[0, 0.2236328125, 0.7236328125, 0.30859375, 0.21484375]]",2338,FUSeg
data/FUSeg/train/images/0344.png,data/FUSeg/train/labels/0344.png,train,True,"[[0, 0.4501953125, 0.4287109375, 0.3046875, 0.2734375]]",8007,FUSeg
data/FUSeg/train/images/1007.png,data/FUSeg/train/labels/1007.png,train,True,"[[0, 0.4052734375, 0.4189453125, 0.44140625, 0.1953125]]",5246,FUSeg
data/AZH/train/no wound/68.jpg,,train,False,[],0,AZH-train/no wound
data/FUSeg/train/images/0359.png,data/FUSeg/train/labels/0359.png,train,True,"[[0, 0.369140625, 0.541015625, 0.154296875, 0.228515625]]",2492,FUSeg
data/AZH/train/BG/6.jpg,,train,False,[],0,AZH-train/BG
data/FUSeg/train/images/0695.png,data/FUSeg/train/labels/0695.png,train,True,"[[0, 0.33984375, 0.4677734375, 0.083984375, 0.06640625]]",1176,FUSeg
data/FUSeg/train/images/0737.png,data/FUSeg/train/labels/0737.png,train,True,"[[0, 0.3564453125, 0.5556640625, 0.1171875, 0.1640625]]",2136,FUSeg
data/FUSeg/train/images/0153.png,data/FUSeg/train/labels/0153.png,train,True,"[[0, 0.2890625, 0.337890625, 0.048828125, 0.044921875]]",419,FUSeg
data/FUSeg/train/images/0026.png,data/FUSeg/train/labels/0026.png,train,True,"[[0, 0.2685546875, 0.4287109375, 0.19921875, 0.41796875]]",4613,FUSeg
data/AZH/train/no wound/28.jpg,,train,False,[],0,AZH-train/no wound
data/FUSeg/train/images/0189.png,data/FUSeg/train/labels/0189.png,train,True,"[[0, 0.357421875, 0.498046875, 0.095703125, 0.193359375]]",1472,FUSeg
data/FUSeg/train/images/0471.png,data/FUSeg/train/labels/0471.png,train,True,"[[0, 0.26171875, 0.3095703125, 0.064453125, 0.09375]]",717,FUSeg
data/AZH/train/BG/60.jpg,,train,False,[],0,AZH-train/BG
data/AZH/train/no wound/6.jpg,,train,False,[],0,AZH-train/no wound
data/AZH/test/no wound/77.jpg,,train,False,[],0,AZH-test/no wound
data/FUSeg/train/images/0720.png,data/FUSeg/train/labels/0720.png,train,True,"[[0, 0.3935546875, 0.41796875, 0.16796875, 0.107421875]]",3605,FUSeg
data/FUSeg/train/images/0965.png,data/FUSeg/train/labels/0965.png,train,True,"[[0, 0.3193359375, 0.43359375, 0.38671875, 0.240234375]]",4447,FUSeg
data/FUSeg/train/images/0200.png,data/FUSeg/train/labels/0200.png,train,True,"[[0, 0.3818359375, 0.50390625, 0.09765625, 0.056640625]]",993,FUSeg
data/FUSeg/train/images/0563.png,data/FUSeg/train/labels/0563.png,train,True,"[[0, 0.525390625, 0.42578125, 0.052734375, 0.044921875]]",459,FUSeg
data/FUSeg/train/images/0361.png,data/FUSeg/train/labels/0361.png,train,False,[],0,FUSeg
data/FUSeg/train/images/0054.png,data/FUSeg/train/labels/0054.png,train,True,"[[0, 0.3857421875, 0.595703125, 0.02734375, 0.044921875]]",178,FUSeg
data/AZH/test/no wound/80.jpg,,train,False,[],0,AZH-test/no wound
data/FUSeg/train/images/0684.png,data/FUSeg/train/labels/0684.png,train,True,"[[0, 0.3388671875, 0.4931640625, 0.01953125, 0.02734375]]",88,FUSeg
data/FUSeg/train/images/0404.png,data/FUSeg/train/labels/0404.png,train,True,"[[0, 0.404296875, 0.470703125, 0.130859375, 0.083984375]]",2097,FUSeg
data/FUSeg/train/images/0497.png,data/FUSeg/train/labels/0497.png,train,True,"[[0, 0.3720703125, 0.5556640625, 0.0546875, 0.08984375]]",1034,FUSeg
data/FUSeg/train/images/0148.png,data/FUSeg/train/labels/0148.png,train,True,"[[0, 0.38671875, 0.451171875, 0.060546875, 0.060546875]]",615,FUSeg
data/AZH/train/no wound/64.jpg,,train,False,[],0,AZH-train/no wound
data/FUSeg/train/images/0505.png,data/FUSeg/train/labels/0505.png,train,True,"[[0, 0.2216796875, 0.7373046875, 0.27734375, 0.20703125]]",1254,FUSeg
data/FUSeg/train/images/0953.png,data/FUSeg/train/labels/0953.png,train,True,"[[0, 0.4833984375, 0.353515625, 0.18359375, 0.220703125]]",6601,FUSeg
data/AZH/test/BG/84.jpg,,train,False,[],0,AZH-test/BG
data/FUSeg/train/images/0876.png,data/FUSeg/train/labels/0876.png,train,True,"[[0, 0.3203125, 0.7734375, 0.142578125, 0.083984375]]",2325,FUSeg
data/AZH/train/BG/47.jpg,,train,False,[],0,AZH-train/BG
data/AZH/test/no wound/76.jpg,,train,False,[],0,AZH-test/no wound
data/AZH/train/no wound/53.jpg,,train,False,[],0,AZH-train/no wound
data/FUSeg/train/images/0330.png,data/FUSeg/train/labels/0330.png,train,True,"[[0, 0.353515625, 0.494140625, 0.115234375, 0.072265625]]",1512,FUSeg
data/FUSeg/train/images/0990.png,data/FUSeg/train/labels/0990.png,train,True,"[[0, 0.28515625, 0.662109375, 0.033203125, 0.033203125]]",209,FUSeg
data/FUSeg/train/images/0854.png,data/FUSeg/train/labels/0854.png,train,True,"[[0, 0.376953125, 0.4375, 0.220703125, 0.103515625]]",3941,FUSeg
data/FUSeg/train/images/0021.png,data/FUSeg/train/labels/0021.png,train,True,"[[0, 0.4365234375, 0.494140625, 0.2890625, 0.177734375]]",6470,FUSeg
data/AZH/train/no wound/12.jpg,,train,False,[],0,AZH-train/no wound
data/FUSeg/train/images/0175.png,data/FUSeg/train/labels/0175.png,train,True,"[[0, 0.39453125, 0.5322265625, 0.283203125, 0.1328125]]",6476,FUSeg
data/FUSeg/train/images/0536.png,data/FUSeg/train/labels/0536.png,train,True,"[[0, 0.3701171875, 0.4462890625, 0.21484375, 0.265625]]",9271,FUSeg
data/FUSeg/train/images/0391.png,data/FUSeg/train/labels/0391.png,train,True,"[[0, 0.5927734375, 0.310546875, 0.26171875, 0.544921875]]",16271,FUSeg
data/FUSeg/train/images/0514.png,data/FUSeg/train/labels/0514.png,train,True,"[[0, 0.3173828125, 0.4169921875, 0.0859375, 0.0625]]",711,FUSeg
data/FUSeg/train/images/0542.png,data/FUSeg/train/labels/0542.png,train,True,"[[0, 0.40234375, 0.4404296875, 0.244140625, 0.11328125]]",3317,FUSeg
data/FUSeg/train/images/0015.png,data/FUSeg/train/labels/0015.png,train,True,"[[0, 0.580078125, 0.5556640625, 0.048828125, 0.0546875]]",417,FUSeg
data/AZH/train/BG/15.jpg,,train,False,[],0,AZH-train/BG
data/FUSeg/train/images/0673.png,data/FUSeg/train/labels/0673.png,train,True,"[[0, 0.470703125, 0.2919921875, 0.236328125, 0.41015625]]",15892,FUSeg
data/AZH/train/BG/54.jpg,,train,False,[],0,AZH-train/BG
data/AZH/train/no wound/30.jpg,,train,False,[],0,AZH-train/no wound
data/AZH/test/no wound/94.jpg,,train,False,[],0,AZH-test/no wound
data/FUSeg/train/images/0710.png,data/FUSeg/train/labels/0710.png,train,True,"[[0, 0.3681640625, 0.42578125, 0.41796875, 0.236328125]]",5041,FUSeg
data/AZH/train/no wound/5.jpg,,train,False,[],0,AZH-train/no wound
data/FUSeg/train/images/0840.png,data/FUSeg/train/labels/0840.png,train,True,"[[0, 0.306640625, 0.6279296875, 0.123046875, 0.1171875]]",2730,FUSeg
data/AZH/train/BG/57.jpg,,train,False,[],0,AZH-train/BG
data/FUSeg/train/images/0396.png,data/FUSeg/train/labels/0396.png,train,True,"[[0, 0.4755859375, 0.47265625, 0.359375, 0.572265625]]",9326,FUSeg
data/FUSeg/train/images/0722.png,data/FUSeg/train/labels/0722.png,train,True,"[[0, 0.3994140625, 0.373046875, 0.4140625, 0.451171875]]",13624,FUSeg
data/FUSeg/train/images/0546.png,data/FUSeg/train/labels/0546.png,train,True,"[[0, 0.259765625, 0.373046875, 0.068359375, 0.072265625]]",597,FUSeg
data/FUSeg/train/images/0480.png,data/FUSeg/train/labels/0480.png,train,True,"[[0, 0.291015625, 0.552734375, 0.052734375, 0.056640625]]",542,FUSeg
data/AZH/train/BG/32.jpg,,train,False,[],0,AZH-train/BG
data/FUSeg/train/images/0145.png,data/FUSeg/train/labels/0145.png,train,True,"[[0, 0.201171875, 0.4775390625, 0.076171875, 0.0703125]]",941,FUSeg
data/FUSeg/train/images/0248.png,data/FUSeg/train/labels/0248.png,train,True,"[[0, 0.3095703125, 0.4453125, 0.44140625, 0.267578125]]",8706,FUSeg
data/FUSeg/train/images/0911.png,data/FUSeg/train/labels/0911.png,train,True,"[[0, 0.4091796875, 0.5791015625, 0.08203125, 0.18359375]]",1785,FUSeg
data/FUSeg/train/images/0848.png,data/FUSeg/train/labels/0848.png,train,True,"[[0, 0.314453125, 0.517578125, 0.044921875, 0.052734375]]",401,FUSeg
data/AZH/test/BG/97.jpg,,train,False,[],0,AZH-test/BG
data/FUSeg/train/images/0746.png,data/FUSeg/train/labels/0746.png,train,True,"[[0, 0.3857421875, 0.365234375, 0.14453125, 0.287109375]]",5842,FUSeg
data/FUSeg/train/images/0688.png,data/FUSeg/train/labels/0688.png,train,True,"[[0, 0.3623046875, 0.4912109375, 0.17578125, 0.12109375]]",4165,FUSeg
data/FUSeg/train/images/0479.png,data/FUSeg/train/labels/0479.png,train,True,"[[0, 0.291015625, 0.4931640625, 0.056640625, 0.05859375]]",639,FUSeg
data/FUSeg/train/images/0228.png,data/FUSeg/train/labels/0228.png,train,True,"[[0, 0.3310546875, 0.4541015625, 0.30078125, 0.265625]]",12521,FUSeg
data/FUSeg/train/images/0755.png,data/FUSeg/train/labels/0755.png,train,True,"[[0, 0.365234375, 0.4814453125, 0.091796875, 0.0625]]",943,FUSeg
data/FUSeg/train/images/0366.png,data/FUSeg/train/labels/0366.png,train,True,"[[0, 0.3740234375, 0.494140625, 0.04296875, 0.037109375]]",220,FUSeg
data/FUSeg/train/images/0945.png,data/FUSeg/train/labels/0945.png,train,True,"[[0, 0.3662109375, 0.458984375, 0.0546875, 0.037109375]]",197,FUSeg
data/FUSeg/train/images/0100.png,data/FUSeg/train/labels/0100.png,train,True,"[[0, 0.330078125, 0.501953125, 0.025390625, 0.025390625]]",105,FUSeg
data/FUSeg/train/images/0697.png,data/FUSeg/train/labels/0697.png,train,True,"[[0, 0.2607421875, 0.615234375, 0.078125, 0.041015625]]",539,FUSeg
data/AZH/test/no wound/92.jpg,,train,False,[],0,AZH-test/no wound
data/AZH/train/no wound/35.jpg,,train,False,[],0,AZH-train/no wound
data/AZH/train/no wound/7.jpg,,train,False,[],0,AZH-train/no wound
data/AZH/test/BG/87.jpg,,train,False,[],0,AZH-test/BG
data/AZH/train/no wound/3.jpg,,train,False,[],0,AZH-train/no wound
data/FUSeg/train/images/0495.png,data/FUSeg/train/labels/0495.png,train,True,"[[0, 0.4443359375, 0.33203125, 0.2890625, 0.380859375]]",15636,FUSeg
data/FUSeg/train/images/0622.png,data/FUSeg/train/labels/0622.png,train,True,"[[0, 0.4580078125, 0.5458984375, 0.08984375, 0.046875]]",514,FUSeg
data/FUSeg/train/images/0105.png,data/FUSeg/train/labels/0105.png,train,True,"[[0, 0.32421875, 0.6201171875, 0.044921875, 0.078125]]",557,FUSeg
data/FUSeg/train/images/0950.png,data/FUSeg/train/labels/0950.png,train,False,[],0,FUSeg
data/FUSeg/train/images/0620.png,data/FUSeg/train/labels/0620.png,train,True,"[[0, 0.4306640625, 0.365234375, 0.0390625, 0.033203125]]",224,FUSeg
data/FUSeg/train/images/0327.png,data/FUSeg/train/labels/0327.png,train,True,"[[0, 0.4375, 0.52734375, 0.173828125, 0.126953125]]",3843,FUSeg
data/FUSeg/train/images/0716.png,data/FUSeg/train/labels/0716.png,train,True,"[[0, 0.32421875, 0.4716796875, 0.373046875, 0.17578125]]",4502,FUSeg
data/FUSeg/train/images/0723.png,data/FUSeg/train/labels/0723.png,train,True,"[[0, 0.3671875, 0.4873046875, 0.076171875, 0.0625]]",785,FUSeg
data/FUSeg/train/images/0872.png,data/FUSeg/train/labels/0872.png,train,True,"[[0, 0.3896484375, 0.5126953125, 0.08203125, 0.07421875]]",1150,FUSeg
data/FUSeg/train/images/0862.png,data/FUSeg/train/labels/0862.png,train,True,"[[0, 0.2666015625, 0.66015625, 0.1953125, 0.197265625]]",5136,FUSeg
data/FUSeg/train/images/0421.png,data/FUSeg/train/labels/0421.png,train,True,"[[0, 0.3359375, 0.556640625, 0.138671875, 0.185546875]]",2447,FUSeg
data/FUSeg/train/images/0435.png,data/FUSeg/train/labels/0435.png,train,True,"[[0, 0.490234375, 0.2158203125, 0.185546875, 0.125]]",4075,FUSeg
data/FUSeg/train/images/0509.png,data/FUSeg/train/labels/0509.png,train,True,"[[0, 0.3623046875, 0.455078125, 0.171875, 0.060546875]]",1703,FUSeg
data/FUSeg/train/images/0160.png,data/FUSeg/train/labels/0160.png,train,True,"[[0, 0.3544921875, 0.6416015625, 0.06640625, 0.09375]]",1089,FUSeg
data/FUSeg/train/images/0547.png,data/FUSeg/train/labels/0547.png,train,True,"[[0, 0.357421875, 0.5, 0.087890625, 0.068359375]]",1219,FUSeg
data/FUSeg/train/images/0305.png,data/FUSeg/train/labels/0305.png,train,True,"[[0, 0.380859375, 0.431640625, 0.087890625, 0.080078125]]",1385,FUSeg
data/FUSeg/train/images/0668.png,data/FUSeg/train/labels/0668.png,train,True,"[[0, 0.431640625, 0.4033203125, 0.087890625, 0.08984375]]",968,FUSeg
data/FUSeg/train/images/0600.png,data/FUSeg/train/labels/0600.png,train,False,[],0,FUSeg
data/FUSeg/train/images/0648.png,data/FUSeg/train/labels/0648.png,train,True,"[[0, 0.564453125, 0.345703125, 0.142578125, 0.052734375]]",947,FUSeg
data/FUSeg/train/images/0263.png,data/FUSeg/train/labels/0263.png,train,True,"[[0, 0.322265625, 0.501953125, 0.142578125, 0.087890625]]",2259,FUSeg
data/FUSeg/train/images/0120.png,data/FUSeg/train/labels/0120.png,train,True,"[[0, 0.3837890625, 0.486328125, 0.17578125, 0.138671875]]",4884,FUSeg
data/AZH/test/no wound/98.jpg,,train,False,[],0,AZH-test/no wound
data/FUSeg/train/images/0226.png,data/FUSeg/train/labels/0226.png,train,True,"[[0, 0.41015625, 0.455078125, 0.119140625, 0.068359375]]",1182,FUSeg
data/FUSeg/train/images/0076.png,data/FUSeg/train/labels/0076.png,train,True,"[[0, 0.404296875, 0.44140625, 0.142578125, 0.107421875]]",2852,FUSeg
data/FUSeg/train/images/0127.png,data/FUSeg/train/labels/0127.png,train,True,"[[0, 0.2109375, 0.318359375, 0.060546875, 0.080078125]]",948,FUSeg
data/AZH/train/BG/26.jpg,,train,False,[],0,AZH-train/BG
data/FUSeg/train/images/0772.png,data/FUSeg/train/labels/0772.png,train,True,"[[0, 0.4794921875, 0.5224609375, 0.20703125, 0.25]]",3038,FUSeg
data/FUSeg/train/images/0521.png,data/FUSeg/train/labels/0521.png,train,True,"[[0, 0.32421875, 0.4833984375, 0.064453125, 0.578125]]",536,FUSeg
data/AZH/train/no wound/37.jpg,,train,False,[],0,AZH-train/no wound
data/FUSeg/train/images/0231.png,data/FUSeg/train/labels/0231.png,train,True,"[[0, 0.4013671875, 0.2958984375, 0.03515625, 0.05859375]]",379,FUSeg
data/FUSeg/train/images/0150.png,data/FUSeg/train/labels/0150.png,train,True,"[[0, 0.376953125, 0.51171875, 0.083984375, 0.138671875]]",1836,FUSeg
data/FUSeg/train/images/0273.png,data/FUSeg/train/labels/0273.png,train,True,"[[0, 0.4296875, 0.5458984375, 0.087890625, 0.0703125]]",1202,FUSeg
data/FUSeg/train/images/0270.png,data/FUSeg/train/labels/0270.png,train,True,"[[0, 0.423828125, 0.4375, 0.044921875, 0.052734375]]",408,FUSeg
data/FUSeg/train/images/0053.png,data/FUSeg/train/labels/0053.png,train,True,"[[0, 0.3505859375, 0.4814453125, 0.05078125, 0.05078125]]",375,FUSeg
data/FUSeg/train/images/0667.png,data/FUSeg/train/labels/0667.png,train,True,"[[0, 0.427734375, 0.494140625, 0.041015625, 0.044921875]]",295,FUSeg
data/FUSeg/train/images/0323.png,data/FUSeg/train/labels/0323.png,train,True,"[[0, 0.3154296875, 0.7529296875, 0.03515625, 0.09765625]]",576,FUSeg
data/FUSeg/train/images/0534.png,data/FUSeg/train/labels/0534.png,train,True,"[[0, 0.3173828125, 0.5859375, 0.1328125, 0.267578125]]",5431,FUSeg
data/FUSeg/train/images/0853.png,data/FUSeg/train/labels/0853.png,train,True,"[[0, 0.40234375, 0.4755859375, 0.064453125, 0.07421875]]",891,FUSeg
data/FUSeg/train/images/0773.png,data/FUSeg/train/labels/0773.png,train,True,"[[0, 0.3779296875, 0.4609375, 0.17578125, 0.271484375]]",7919,FUSeg
data/FUSeg/train/images/0232.png,data/FUSeg/train/labels/0232.png,train,True,"[[0, 0.345703125, 0.4541015625, 0.044921875, 0.046875]]",338,FUSeg
data/FUSeg/train/images/0677.png,data/FUSeg/train/labels/0677.png,train,True,"[[0, 0.3173828125, 0.4169921875, 0.04296875, 0.0625]]",404,FUSeg
data/FUSeg/train/images/0731.png,data/FUSeg/train/labels/0731.png,train,True,"[[0, 0.6474609375, 0.3095703125, 0.26953125, 0.55859375]]",16150,FUSeg
data/FUSeg/train/images/0238.png,data/FUSeg/train/labels/0238.png,train,True,"[[0, 0.3447265625, 0.4775390625, 0.0234375, 0.0390625]]",157,FUSeg
data/FUSeg/train/images/0771.png,data/FUSeg/train/labels/0771.png,train,True,"[[0, 0.3046875, 0.4873046875, 0.330078125, 0.19140625]]",4212,FUSeg
data/FUSeg/train/images/0020.png,data/FUSeg/train/labels/0020.png,train,True,"[[0, 0.318359375, 0.5029296875, 0.111328125, 0.12109375]]",1970,FUSeg
data/FUSeg/train/images/0858.png,data/FUSeg/train/labels/0858.png,train,True,"[[0, 0.4169921875, 0.5927734375, 0.02734375, 0.046875]]",233,FUSeg
data/FUSeg/train/images/0637.png,data/FUSeg/train/labels/0637.png,train,True,"[[0, 0.4287109375, 0.4326171875, 0.09375, 0.125]]",2227,FUSeg
data/FUSeg/train/images/0413.png,data/FUSeg/train/labels/0413.png,train,True,"[[0, 0.2880859375, 0.435546875, 0.05078125, 0.056640625]]",536,FUSeg
data/FUSeg/train/images/0132.png,data/FUSeg/train/labels/0132.png,train,True,"[[0, 0.3583984375, 0.505859375, 0.54296875, 0.267578125]]",6715,FUSeg
data/AZH/train/no wound/47.jpg,,train,False,[],0,AZH-train/no wound
data/FUSeg/train/images/0778.png,data/FUSeg/train/labels/0778.png,train,False,[],0,FUSeg
data/FUSeg/train/images/0617.png,data/FUSeg/train/labels/0617.png,train,True,"[[0, 0.4091796875, 0.4443359375, 0.18359375, 0.12109375]]",3154,FUSeg
data/FUSeg/train/images/0243.png,data/FUSeg/train/labels/0243.png,train,True,"[[0, 0.306640625, 0.3427734375, 0.052734375, 0.04296875]]",414,FUSeg
data/FUSeg/train/images/0490.png,data/FUSeg/train/labels/0490.png,train,True,"[[0, 0.6748046875, 0.3740234375, 0.11328125, 0.10546875]]",1674,FUSeg
data/FUSeg/train/images/0389.png,data/FUSeg/train/labels/0389.png,train,True,"[[0, 0.298828125, 0.53125, 0.095703125, 0.087890625]]",1547,FUSeg
data/FUSeg/train/images/0368.png,data/FUSeg/train/labels/0368.png,train,True,"[[0, 0.3369140625, 0.6708984375, 0.08984375, 0.10546875]]",1723,FUSeg
data/AZH/train/no wound/70.jpg,,train,False,[],0,AZH-train/no wound
data/FUSeg/train/images/0704.png,data/FUSeg/train/labels/0704.png,train,True,"[[0, 0.46484375, 0.4755859375, 0.369140625, 0.37109375]]",8722,FUSeg
data/FUSeg/train/images/0227.png,data/FUSeg/train/labels/0227.png,train,True,"[[0, 0.3828125, 0.466796875, 0.044921875, 0.052734375]]",326,FUSeg
data/FUSeg/train/images/0817.png,data/FUSeg/train/labels/0817.png,train,True,"[[0, 0.447265625, 0.5263671875, 0.169921875, 0.10546875]]",3232,FUSeg
data/FUSeg/train/images/0436.png,data/FUSeg/train/labels/0436.png,train,True,"[[0, 0.3447265625, 0.4921875, 0.1640625, 0.185546875]]",5460,FUSeg
data/AZH/train/BG/2.jpg,,train,False,[],0,AZH-train/BG
data/AZH/train/no wound/54.jpg,,train,False,[],0,AZH-train/no wound
data/FUSeg/train/images/0764.png,data/FUSeg/train/labels/0764.png,train,True,"[[0, 0.361328125, 0.48828125, 0.150390625, 0.115234375]]",3300,FUSeg
data/FUSeg/train/images/0073.png,data/FUSeg/train/labels/0073.png,train,True,"[[0, 0.3994140625, 0.4638671875, 0.2734375, 0.11328125]]",4070,FUSeg
data/FUSeg/train/images/0801.png,data/FUSeg/train/labels/0801.png,train,True,"[[0, 0.3544921875, 0.5546875, 0.10546875, 0.169921875]]",2183,FUSeg
data/FUSeg/train/images/0187.png,data/FUSeg/train/labels/0187.png,train,True,"[[0, 0.3056640625, 0.4306640625, 0.14453125, 0.4375]]",1043,FUSeg
data/AZH/train/no wound/1.jpg,,train,False,[],0,AZH-train/no wound
data/FUSeg/train/images/0101.png,data/FUSeg/train/labels/0101.png,train,True,"[[0, 0.4208984375, 0.5498046875, 0.078125, 0.05859375]]",886,FUSeg
data/AZH/train/BG/49.jpg,,train,False,[],0,AZH-train/BG
data/FUSeg/train/images/0726.png,data/FUSeg/train/labels/0726.png,train,True,"[[0, 0.330078125, 0.458984375, 0.115234375, 0.216796875]]",4207,FUSeg
data/FUSeg/train/images/0935.png,data/FUSeg/train/labels/0935.png,train,True,"[[0, 0.5439453125, 0.4228515625, 0.328125, 0.3828125]]",18982,FUSeg
data/FUSeg/train/images/0049.png,data/FUSeg/train/labels/0049.png,train,True,"[[0, 0.5341796875, 0.267578125, 0.16015625, 0.208984375]]",4102,FUSeg
data/FUSeg/train/images/0567.png,data/FUSeg/train/labels/0567.png,train,True,"[[0, 0.3828125, 0.4873046875, 0.107421875, 0.11328125]]",2175,FUSeg
data/FUSeg/train/images/0579.png,data/FUSeg/train/labels/0579.png,train,True,"[[0, 0.4150390625, 0.39453125, 0.0859375, 0.068359375]]",1249,FUSeg
data/FUSeg/train/images/0587.png,data/FUSeg/train/labels/0587.png,train,True,"[[0, 0.673828125, 0.4580078125, 0.271484375, 0.41015625]]",17035,FUSeg
data/FUSeg/train/images/0091.png,data/FUSeg/train/labels/0091.png,train,True,"[[0, 0.44921875, 0.31640625, 0.091796875, 0.107421875]]",1446,FUSeg
data/FUSeg/train/images/0550.png,data/FUSeg/train/labels/0550.png,train,True,"[[0, 0.4169921875, 0.5498046875, 0.08984375, 0.08984375]]",1518,FUSeg
data/AZH/train/no wound/4.jpg,,train,False,[],0,AZH-train/no wound
data/FUSeg/train/images/0433.png,data/FUSeg/train/labels/0433.png,train,True,"[[0, 0.3681640625, 0.490234375, 0.0625, 0.052734375]]",644,FUSeg
data/FUSeg/train/images/0590.png,data/FUSeg/train/labels/0590.png,train,True,"[[0, 0.4697265625, 0.44921875, 0.09375, 0.080078125]]",1519,FUSeg
data/AZH/train/BG/48.jpg,,train,False,[],0,AZH-train/BG
data/FUSeg/train/images/0554.png,data/FUSeg/train/labels/0554.png,train,True,"[[0, 0.3515625, 0.4560546875, 0.173828125, 0.25]]",7746,FUSeg
data/FUSeg/train/images/0886.png,data/FUSeg/train/labels/0886.png,train,True,"[[0, 0.42578125, 0.505859375, 0.111328125, 0.060546875]]",1167,FUSeg
data/FUSeg/train/images/0037.png,data/FUSeg/train/labels/0037.png,train,True,"[[0, 0.3115234375, 0.3984375, 0.14453125, 0.193359375]]",1569,FUSeg
data/FUSeg/train/images/0969.png,data/FUSeg/train/labels/0969.png,train,True,"[[0, 0.310546875, 0.5771484375, 0.146484375, 0.17578125]]",3502,FUSeg
data/FUSeg/train/images/0597.png,data/FUSeg/train/labels/0597.png,train,True,"[[0, 0.349609375, 0.3818359375, 0.076171875, 0.05078125]]",640,FUSeg
data/FUSeg/train/images/0152.png,data/FUSeg/train/labels/0152.png,train,True,"[[0, 0.3935546875, 0.4375, 0.14453125, 0.099609375]]",2121,FUSeg
data/FUSeg/train/images/0110.png,data/FUSeg/train/labels/0110.png,train,True,"[[0, 0.263671875, 0.5986328125, 0.041015625, 0.03515625]]",156,FUSeg
data/AZH/test/no wound/90.jpg,,train,False,[],0,AZH-test/no wound
data/AZH/train/no wound/20.jpg,,train,False,[],0,AZH-train/no wound
data/FUSeg/train/images/0732.png,data/FUSeg/train/labels/0732.png,train,True,"[[0, 0.3994140625, 0.4775390625, 0.1484375, 0.0859375]]",2380,FUSeg
data/FUSeg/train/images/0306.png,data/FUSeg/train/labels/0306.png,train,True,"[[0, 0.2734375, 0.2529296875, 0.080078125, 0.04296875]]",541,FUSeg
data/AZH/train/BG/24.jpg,,train,False,[],0,AZH-train/BG
data/AZH/train/no wound/59.jpg,,train,False,[],0,AZH-train/no wound
data/FUSeg/train/images/0373.png,data/FUSeg/train/labels/0373.png,train,True,"[[0, 0.4306640625, 0.4541015625, 0.06640625, 0.0625]]",694,FUSeg
data/FUSeg/train/images/0694.png,data/FUSeg/train/labels/0694.png,train,True,"[[0, 0.634765625, 0.283203125, 0.193359375, 0.267578125]]",7445,FUSeg
data/AZH/train/BG/23.jpg,,train,False,[],0,AZH-train/BG
data/FUSeg/train/images/0530.png,data/FUSeg/train/labels/0530.png,train,True,"[[0, 0.31640625, 0.451171875, 0.212890625, 0.232421875]]",9073,FUSeg
data/FUSeg/train/images/0544.png,data/FUSeg/train/labels/0544.png,train,True,"[[0, 0.7431640625, 0.43359375, 0.0859375, 0.060546875]]",944,FUSeg
data/FUSeg/train/images/0724.png,data/FUSeg/train/labels/0724.png,train,True,"[[0, 0.3173828125, 0.45703125, 0.078125, 0.095703125]]",1495,FUSeg
data/FUSeg/train/images/0799.png,data/FUSeg/train/labels/0799.png,train,True,"[[0, 0.44140625, 0.53515625, 0.037109375, 0.037109375]]",231,FUSeg
data/FUSeg/train/images/0296.png,data/FUSeg/train/labels/0296.png,train,True,"[[0, 0.296875, 0.4970703125, 0.369140625, 0.140625]]",4488,FUSeg
data/FUSeg/train/images/0896.png,data/FUSeg/train/labels/0896.png,train,True,"[[0, 0.279296875, 0.548828125, 0.150390625, 0.189453125]]",4686,FUSeg
data/FUSeg/train/images/0599.png,data/FUSeg/train/labels/0599.png,train,True,"[[0, 0.34765625, 0.5556640625, 0.080078125, 0.08984375]]",1359,FUSeg
data/FUSeg/train/images/0268.png,data/FUSeg/train/labels/0268.png,train,True,"[[0, 0.396484375, 0.4990234375, 0.099609375, 0.24609375]]",3053,FUSeg
data/FUSeg/train/images/0410.png,data/FUSeg/train/labels/0410.png,train,True,"[[0, 0.34375, 0.453125, 0.064453125, 0.072265625]]",918,FUSeg
data/FUSeg/train/images/0850.png,data/FUSeg/train/labels/0850.png,train,True,"[[0, 0.3935546875, 0.4091796875, 0.16015625, 0.09765625]]",2944,FUSeg
data/AZH/train/no wound/17.jpg,,train,False,[],0,AZH-train/no wound
data/FUSeg/train/images/0135.png,data/FUSeg/train/labels/0135.png,train,True,"[[0, 0.3369140625, 0.388671875, 0.16015625, 0.384765625]]",1132,FUSeg
data/AZH/train/no wound/65.jpg,,train,False,[],0,AZH-train/no wound
data/FUSeg/train/images/0665.png,data/FUSeg/train/labels/0665.png,train,True,"[[0, 0.361328125, 0.5341796875, 0.099609375, 0.12890625]]",1935,FUSeg
data/FUSeg/train/images/0179.png,data/FUSeg/train/labels/0179.png,train,True,"[[0, 0.3720703125, 0.5078125, 0.27734375, 0.380859375]]",4515,FUSeg
data/FUSeg/train/images/0195.png,data/FUSeg/train/labels/0195.png,train,True,"[[0, 0.416015625, 0.5556640625, 0.083984375, 0.08984375]]",1442,FUSeg
data/FUSeg/train/images/0681.png,data/FUSeg/train/labels/0681.png,train,True,"[[0, 0.3173828125, 0.37890625, 0.29296875, 0.158203125]]",2100,FUSeg
data/FUSeg/train/images/0162.png,data/FUSeg/train/labels/0162.png,train,True,"[[0, 0.2861328125, 0.44140625, 0.046875, 0.068359375]]",497,FUSeg
data/FUSeg/train/images/0787.png,data/FUSeg/train/labels/0787.png,train,True,"[[0, 0.19921875, 0.3955078125, 0.060546875, 0.125]]",844,FUSeg
data/FUSeg/train/images/0159.png,data/FUSeg/train/labels/0159.png,train,True,"[[0, 0.380859375, 0.412109375, 0.154296875, 0.263671875]]",6270,FUSeg
data/FUSeg/train/images/0701.png,data/FUSeg/train/labels/0701.png,train,False,[],0,FUSeg
data/AZH/train/no wound/40.jpg,,train,False,[],0,AZH-train/no wound
data/AZH/train/no wound/49.jpg,,train,False,[],0,AZH-train/no wound
data/AZH/train/no wound/14.jpg,,train,False,[],0,AZH-train/no wound
data/FUSeg/train/images/0803.png,data/FUSeg/train/labels/0803.png,train,True,"[[0, 0.2822265625, 0.6005859375, 0.15234375, 0.11328125]]",2683,FUSeg
data/AZH/test/BG/93.jpg,,train,False,[],0,AZH-test/BG
data/FUSeg/train/images/0027.png,data/FUSeg/train/labels/0027.png,train,True,"[[0, 0.3818359375, 0.509765625, 0.0390625, 0.048828125]]",351,FUSeg
data/FUSeg/train/images/0583.png,data/FUSeg/train/labels/0583.png,train,True,"[[0, 0.384765625, 0.4404296875, 0.111328125, 0.06640625]]",1314,FUSeg
data/FUSeg/train/images/0075.png,data/FUSeg/train/labels/0075.png,train,True,"[[0, 0.251953125, 0.25, 0.017578125, 0.021484375]]",95,FUSeg
data/FUSeg/train/images/0074.png,data/FUSeg/train/labels/0074.png,train,True,"[[0, 0.34375, 0.494140625, 0.150390625, 0.177734375]]",5100,FUSeg
data/FUSeg/train/images/0277.png,data/FUSeg/train/labels/0277.png,train,True,"[[0, 0.2333984375, 0.41796875, 0.08203125, 0.271484375]]",2514,FUSeg
data/AZH/train/no wound/10.jpg,,train,False,[],0,AZH-train/no wound
data/AZH/train/BG/46.jpg,,train,False,[],0,AZH-train/BG
data/FUSeg/train/images/0750.png,data/FUSeg/train/labels/0750.png,train,True,"[[0, 0.1943359375, 0.4658203125, 0.09375, 0.14453125]]",1493,FUSeg
data/FUSeg/train/images/0299.png,data/FUSeg/train/labels/0299.png,train,True,"[[0, 0.3671875, 0.6533203125, 0.091796875, 0.09765625]]",1502,FUSeg
data/FUSeg/train/images/0868.png,data/FUSeg/train/labels/0868.png,train,True,"[[0, 0.4306640625, 0.486328125, 0.1640625, 0.107421875]]",2941,FUSeg
data/FUSeg/train/images/0885.png,data/FUSeg/train/labels/0885.png,train,True,"[[0, 0.3994140625, 0.4560546875, 0.3828125, 0.22265625]]",6420,FUSeg
data/FUSeg/train/images/0297.png,data/FUSeg/train/labels/0297.png,train,True,"[[0, 0.40625, 0.609375, 0.064453125, 0.056640625]]",518,FUSeg
data/FUSeg/train/images/0910.png,data/FUSeg/train/labels/0910.png,train,True,"[[0, 0.2255859375, 0.4453125, 0.046875, 0.068359375]]",559,FUSeg
data/FUSeg/train/images/1010.png,data/FUSeg/train/labels/1010.png,train,True,"[[0, 0.388671875, 0.6474609375, 0.083984375, 0.16796875]]",2341,FUSeg
data/FUSeg/train/images/0424.png,data/FUSeg/train/labels/0424.png,train,True,"[[0, 0.341796875, 0.3466796875, 0.107421875, 0.6953125]]",1570,FUSeg
data/FUSeg/train/images/0594.png,data/FUSeg/train/labels/0594.png,train,True,"[[0, 0.3818359375, 0.4853515625, 0.18359375, 0.1796875]]",5124,FUSeg
data/FUSeg/train/images/0839.png,data/FUSeg/train/labels/0839.png,train,True,"[[0, 0.3115234375, 0.458984375, 0.02734375, 0.029296875]]",161,FUSeg
data/FUSeg/train/images/0034.png,data/FUSeg/train/labels/0034.png,train,True,"[[0, 0.455078125, 0.5, 0.185546875, 0.419921875]]",3373,FUSeg
data/FUSeg/train/images/0016.png,data/FUSeg/train/labels/0016.png,train,True,"[[0, 0.466796875, 0.3818359375, 0.560546875, 0.46875]]",18820,FUSeg
data/AZH/train/BG/44.jpg,,train,False,[],0,AZH-train/BG
data/FUSeg/train/images/0423.png,data/FUSeg/train/labels/0423.png,train,True,"[[0, 0.3837890625, 0.4560546875, 0.31640625, 0.078125]]",3543,FUSeg
data/FUSeg/train/images/0611.png,data/FUSeg/train/labels/0611.png,train,True,"[[0, 0.4052734375, 0.4755859375, 0.21484375, 0.1640625]]",6509,FUSeg
data/FUSeg/train/images/0639.png,data/FUSeg/train/labels/0639.png,train,True,"[[0, 0.3505859375, 0.505859375, 0.12109375, 0.060546875]]",1265,FUSeg
data/FUSeg/train/images/0561.png,data/FUSeg/train/labels/0561.png,train,True,"[[0, 0.451171875, 0.6845703125, 0.115234375, 0.171875]]",3597,FUSeg
data/FUSeg/train/images/0777.png,data/FUSeg/train/labels/0777.png,train,True,"[[0, 0.259765625, 0.390625, 0.185546875, 0.251953125]]",4250,FUSeg
data/FUSeg/train/images/0903.png,data/FUSeg/train/labels/0903.png,train,True,"[[0, 0.4248046875, 0.4794921875, 0.1640625, 0.09765625]]",2904,FUSeg
data/AZH/train/BG/35.jpg,,train,False,[],0,AZH-train/BG
data/AZH/train/BG/40.jpg,,train,False,[],0,AZH-train/BG
data/FUSeg/train/images/0531.png,data/FUSeg/train/labels/0531.png,train,True,"[[0, 0.392578125, 0.4755859375, 0.072265625, 0.06640625]]",933,FUSeg
data/AZH/train/no wound/66.jpg,,train,False,[],0,AZH-train/no wound
data/FUSeg/train/images/0024.png,data/FUSeg/train/labels/0024.png,train,True,"[[0, 0.3310546875, 0.2626953125, 0.05859375, 0.0703125]]",726,FUSeg
data/FUSeg/train/images/0411.png,data/FUSeg/train/labels/0411.png,train,True,"[[0, 0.3408203125, 0.4384765625, 0.0625, 0.06640625]]",822,FUSeg
data/FUSeg/train/images/0043.png,data/FUSeg/train/labels/0043.png,train,True,"[[0, 0.3212890625, 0.3525390625, 0.046875, 0.07421875]]",729,FUSeg
data/FUSeg/train/images/0370.png,data/FUSeg/train/labels/0370.png,train,True,"[[0, 0.4375, 0.3955078125, 0.267578125, 0.25390625]]",3892,FUSeg
data/FUSeg/train/images/0898.png,data/FUSeg/train/labels/0898.png,train,True,"[[0, 0.3076171875, 0.482421875, 0.46484375, 0.220703125]]",15774,FUSeg
data/AZH/test/BG/88.jpg,,train,False,[],0,AZH-test/BG
data/AZH/test/no wound/84.jpg,,train,False,[],0,AZH-test/no wound
data/FUSeg/train/images/0864.png,data/FUSeg/train/labels/0864.png,train,True,"[[0, 0.388671875, 0.419921875, 0.021484375, 0.021484375]]",73,FUSeg
data/FUSeg/train/images/0556.png,data/FUSeg/train/labels/0556.png,train,True,"[[0, 0.283203125, 0.3505859375, 0.076171875, 0.0703125]]",813,FUSeg
data/AZH/train/BG/71.jpg,,train,False,[],0,AZH-train/BG
data/FUSeg/train/images/0340.png,data/FUSeg/train/labels/0340.png,train,True,"[[0, 0.525390625, 0.3818359375, 0.357421875, 0.73046875]]",24053,FUSeg
data/FUSeg/train/images/0394.png,data/FUSeg/train/labels/0394.png,train,True,"[[0, 0.517578125, 0.369140625, 0.279296875, 0.490234375]]",11607,FUSeg
data/FUSeg/train/images/0163.png,data/FUSeg/train/labels/0163.png,train,True,"[[0, 0.4033203125, 0.5068359375, 0.140625, 0.08203125]]",2162,FUSeg
data/FUSeg/train/images/0660.png,data/FUSeg/train/labels/0660.png,train,True,"[[0, 0.3017578125, 0.439453125, 0.0703125, 0.068359375]]",801,FUSeg
data/AZH/train/no wound/44.jpg,,train,False,[],0,AZH-train/no wound
data/FUSeg/train/images/0829.png,data/FUSeg/train/labels/0829.png,train,True,"[[0, 0.216796875, 0.3623046875, 0.041015625, 0.2421875]]",679,FUSeg
data/FUSeg/train/images/0468.png,data/FUSeg/train/labels/0468.png,train,True,"[[0, 0.298828125, 0.3896484375, 0.044921875, 0.04296875]]",377,FUSeg
data/FUSeg/train/images/0310.png,data/FUSeg/train/labels/0310.png,train,True,"[[0, 0.3642578125, 0.5830078125, 0.125, 0.20703125]]",3027,FUSeg
data/AZH/train/BG/51.jpg,,train,False,[],0,AZH-train/BG
data/FUSeg/train/images/0870.png,data/FUSeg/train/labels/0870.png,train,True,"[[0, 0.392578125, 0.439453125, 0.095703125, 0.017578125]]",205,FUSeg
data/FUSeg/train/images/0254.png,data/FUSeg/train/labels/0254.png,train,True,"[[0, 0.376953125, 0.41796875, 0.458984375, 0.455078125]]",14748,FUSeg
data/FUSeg/train/images/0137.png,data/FUSeg/train/labels/0137.png,train,True,"[[0, 0.365234375, 0.509765625, 0.072265625, 0.064453125]]",712,FUSeg
data/FUSeg/train/images/0739.png,data/FUSeg/train/labels/0739.png,train,True,"[[0, 0.4306640625, 0.4609375, 0.2421875, 0.087890625]]",3034,FUSeg
data/AZH/train/BG/70.jpg,,train,False,[],0,AZH-train/BG
data/FUSeg/train/images/0454.png,data/FUSeg/train/labels/0454.png,train,True,"[[0, 0.2900390625, 0.6005859375, 0.140625, 0.265625]]",6274,FUSeg
data/FUSeg/train/images/0119.png,data/FUSeg/train/labels/0119.png,train,True,"[[0, 0.38671875, 0.681640625, 0.095703125, 0.087890625]]",1322,FUSeg
data/FUSeg/train/images/0841.png,data/FUSeg/train/labels/0841.png,train,True,"[[0, 0.40234375, 0.4775390625, 0.388671875, 0.3984375]]",9340,FUSeg
data/FUSeg/train/images/0316.png,data/FUSeg/train/labels/0316.png,train,True,"[[0, 0.3056640625, 0.46484375, 0.08203125, 0.083984375]]",1343,FUSeg
data/FUSeg/train/images/0445.png,data/FUSeg/train/labels/0445.png,train,True,"[[0, 0.46484375, 0.3466796875, 0.060546875, 0.05078125]]",128,FUSeg
data/FUSeg/train/images/0392.png,data/FUSeg/train/labels/0392.png,train,True,"[[0, 0.3583984375, 0.4697265625, 0.14453125, 0.22265625]]",5992,FUSeg
data/FUSeg/train/images/0158.png,data/FUSeg/train/labels/0158.png,train,True,"[[0, 0.3759765625, 0.4189453125, 0.08203125, 0.08203125]]",1186,FUSeg
data/AZH/test/BG/79.jpg,,train,False,[],0,AZH-test/BG
data/FUSeg/train/images/0199.png,data/FUSeg/train/labels/0199.png,train,True,"[[0, 0.376953125, 0.521484375, 0.154296875, 0.095703125]]",2711,FUSeg
data/FUSeg/train/images/0219.png,data/FUSeg/train/labels/0219.png,train,True,"[[0, 0.2763671875, 0.3203125, 0.0625, 0.080078125]]",669,FUSeg
data/AZH/train/BG/61.jpg,,train,False,[],0,AZH-train/BG
data/FUSeg/train/images/0476.png,data/FUSeg/train/labels/0476.png,train,True,"[[0, 0.431640625, 0.59765625, 0.150390625, 0.126953125]]",3365,FUSeg
data/FUSeg/train/images/0395.png,data/FUSeg/train/labels/0395.png,train,True,"[[0, 0.4482421875, 0.5146484375, 0.18359375, 0.1875]]",1204,FUSeg
data/FUSeg/train/images/0012.png,data/FUSeg/train/labels/0012.png,train,True,"[[0, 0.35546875, 0.505859375, 0.244140625, 0.150390625]]",1373,FUSeg
data/AZH/test/no wound/91.jpg,,train,False,[],0,AZH-test/no wound
data/FUSeg/train/images/0631.png,data/FUSeg/train/labels/0631.png,train,True,"[[0, 0.30078125, 0.412109375, 0.103515625, 0.173828125]]",2673,FUSeg
data/AZH/test/BG/98.jpg,,train,False,[],0,AZH-test/BG
data/FUSeg/train/images/0863.png,data/FUSeg/train/labels/0863.png,train,True,"[[0, 0.4345703125, 0.4833984375, 0.05078125, 0.05078125]]",237,FUSeg
data/FUSeg/train/images/0457.png,data/FUSeg/train/labels/0457.png,train,False,[],0,FUSeg
data/AZH/train/BG/28.jpg,,train,False,[],0,AZH-train/BG
data/FUSeg/train/images/0197.png,data/FUSeg/train/labels/0197.png,train,True,"[[0, 0.3984375, 0.51953125, 0.177734375, 0.361328125]]",11825,FUSeg
data/FUSeg/train/images/0381.png,data/FUSeg/train/labels/0381.png,train,True,"[[0, 0.3544921875, 0.484375, 0.13671875, 0.111328125]]",2641,FUSeg
data/FUSeg/train/images/0927.png,data/FUSeg/train/labels/0927.png,train,True,"[[0, 0.3388671875, 0.65234375, 0.0625, 0.076171875]]",869,FUSeg
data/FUSeg/train/images/0687.png,data/FUSeg/train/labels/0687.png,train,True,"[[0, 0.470703125, 0.4208984375, 0.462890625, 0.3046875]]",8735,FUSeg
data/FUSeg/train/images/0994.png,data/FUSeg/train/labels/0994.png,train,True,"[[0, 0.28125, 0.5166015625, 0.322265625, 0.1484375]]",3465,FUSeg
data/FUSeg/train/images/0449.png,data/FUSeg/train/labels/0449.png,train,True,"[[0, 0.396484375, 0.5830078125, 0.052734375, 0.08984375]]",906,FUSeg
data/FUSeg/train/images/0523.png,data/FUSeg/train/labels/0523.png,train,True,"[[0, 0.14453125, 0.814453125, 0.291015625, 0.173828125]]",3978,FUSeg
data/AZH/test/no wound/83.jpg,,train,False,[],0,AZH-test/no wound
data/FUSeg/train/images/0242.png,data/FUSeg/train/labels/0242.png,train,True,"[[0, 0.384765625, 0.4677734375, 0.162109375, 0.23828125]]",6163,FUSeg
data/FUSeg/train/images/0952.png,data/FUSeg/train/labels/0952.png,train,True,"[[0, 0.314453125, 0.638671875, 0.080078125, 0.091796875]]",1376,FUSeg
data/FUSeg/train/images/0828.png,data/FUSeg/train/labels/0828.png,train,True,"[[0, 0.302734375, 0.482421875, 0.091796875, 0.103515625]]",1810,FUSeg
data/AZH/train/no wound/33.jpg,,train,False,[],0,AZH-train/no wound
data/FUSeg/train/images/0970.png,data/FUSeg/train/labels/0970.png,train,True,"[[0, 0.3056640625, 0.544921875, 0.24609375, 0.080078125]]",2485,FUSeg
data/FUSeg/train/images/0601.png,data/FUSeg/train/labels/0601.png,train,True,"[[0, 0.31640625, 0.3349609375, 0.177734375, 0.09765625]]",2556,FUSeg
data/FUSeg/train/images/0442.png,data/FUSeg/train/labels/0442.png,train,True,"[[0, 0.3173828125, 0.4130859375, 0.1484375, 0.25390625]]",3933,FUSeg
data/FUSeg/train/images/0930.png,data/FUSeg/train/labels/0930.png,train,True,"[[0, 0.3623046875, 0.423828125, 0.24609375, 0.248046875]]",1782,FUSeg
data/FUSeg/train/images/0506.png,data/FUSeg/train/labels/0506.png,train,True,"[[0, 0.349609375, 0.537109375, 0.466796875, 0.310546875]]",13181,FUSeg
data/FUSeg/train/images/0512.png,data/FUSeg/train/labels/0512.png,train,True,"[[0, 0.32421875, 0.466796875, 0.462890625, 0.251953125]]",4002,FUSeg
data/AZH/train/BG/33.jpg,,train,False,[],0,AZH-train/BG
data/FUSeg/train/images/0083.png,data/FUSeg/train/labels/0083.png,train,True,"[[0, 0.2373046875, 0.376953125, 0.05859375, 0.060546875]]",579,FUSeg
data/FUSeg/train/images/0570.png,data/FUSeg/train/labels/0570.png,train,True,"[[0, 0.4833984375, 0.33203125, 0.52734375, 0.666015625]]",16630,FUSeg
data/FUSeg/train/images/0606.png,data/FUSeg/train/labels/0606.png,train,True,"[[0, 0.4599609375, 0.2919921875, 0.1015625, 0.109375]]",1698,FUSeg
data/FUSeg/train/images/0857.png,data/FUSeg/train/labels/0857.png,train,True,"[[0, 0.22265625, 0.44140625, 0.150390625, 0.197265625]]",3045,FUSeg
data/FUSeg/train/images/0428.png,data/FUSeg/train/labels/0428.png,train,True,"[[0, 0.6025390625, 0.390625, 0.37890625, 0.404296875]]",19871,FUSeg
data/FUSeg/train/images/0325.png,data/FUSeg/train/labels/0325.png,train,True,"[[0, 0.3798828125, 0.54296875, 0.03125, 0.052734375]]",272,FUSeg
data/AZH/test/no wound/99.jpg,,train,False,[],0,AZH-test/no wound
data/AZH/train/BG/72.jpg,,train,False,[],0,AZH-train/BG
data/FUSeg/train/images/0185.png,data/FUSeg/train/labels/0185.png,train,True,"[[0, 0.2998046875, 0.34765625, 0.07421875, 0.068359375]]",932,FUSeg
data/FUSeg/train/images/0104.png,data/FUSeg/train/labels/0104.png,train,True,"[[0, 0.3623046875, 0.4267578125, 0.21875, 0.16796875]]",5991,FUSeg
data/FUSeg/train/images/0998.png,data/FUSeg/train/labels/0998.png,train,True,"[[0, 0.3955078125, 0.54296875, 0.10546875, 0.240234375]]",2357,FUSeg
data/FUSeg/train/images/0719.png,data/FUSeg/train/labels/0719.png,train,True,"[[0, 0.421875, 0.7509765625, 0.103515625, 0.0859375]]",1775,FUSeg
data/FUSeg/train/images/0174.png,data/FUSeg/train/labels/0174.png,train,True,"[[0, 0.3525390625, 0.541015625, 0.07421875, 0.099609375]]",1340,FUSeg
data/FUSeg/train/images/0776.png,data/FUSeg/train/labels/0776.png,train,True,"[[0, 0.3818359375, 0.4775390625, 0.1328125, 0.1015625]]",2497,FUSeg
data/AZH/train/no wound/25.jpg,,train,False,[],0,AZH-train/no wound
data/FUSeg/train/images/0967.png,data/FUSeg/train/labels/0967.png,train,True,"[[0, 0.419921875, 0.4375, 0.060546875, 0.068359375]]",370,FUSeg
data/AZH/test/no wound/87.jpg,,train,False,[],0,AZH-test/no wound
data/FUSeg/train/images/0302.png,data/FUSeg/train/labels/0302.png,train,True,"[[0, 0.5712890625, 0.326171875, 0.3671875, 0.369140625]]",16452,FUSeg
data/FUSeg/train/images/0501.png,data/FUSeg/train/labels/0501.png,train,True,"[[0, 0.365234375, 0.5693359375, 0.365234375, 0.09765625]]",2869,FUSeg
data/FUSeg/train/images/0700.png,data/FUSeg/train/labels/0700.png,train,True,"[[0, 0.4375, 0.4453125, 0.052734375, 0.052734375]]",412,FUSeg
data/FUSeg/train/images/0792.png,data/FUSeg/train/labels/0792.png,train,True,"[[0, 0.3701171875, 0.4970703125, 0.26171875, 0.36328125]]",4769,FUSeg
data/AZH/train/no wound/73.jpg,,train,False,[],0,AZH-train/no wound
data/FUSeg/train/images/0249.png,data/FUSeg/train/labels/0249.png,train,True,"[[0, 0.380859375, 0.478515625, 0.060546875, 0.056640625]]",614,FUSeg
data/FUSeg/train/images/0218.png,data/FUSeg/train/labels/0218.png,train,True,"[[0, 0.3115234375, 0.5751953125, 0.09765625, 0.23828125]]",4225,FUSeg
data/AZH/train/BG/38.jpg,,train,False,[],0,AZH-train/BG
data/AZH/test/BG/95.jpg,,train,False,[],0,AZH-test/BG
data/FUSeg/train/images/0311.png,data/FUSeg/train/labels/0311.png,train,True,"[[0, 0.3759765625, 0.4990234375, 0.15234375, 0.0859375]]",2489,FUSeg
data/AZH/train/BG/9.jpg,,train,False,[],0,AZH-train/BG
data/FUSeg/train/images/0088.png,data/FUSeg/train/labels/0088.png,train,True,"[[0, 0.384765625, 0.5341796875, 0.529296875, 0.23828125]]",6246,FUSeg
data/FUSeg/train/images/0891.png,data/FUSeg/train/labels/0891.png,train,True,"[[0, 0.474609375, 0.384765625, 0.154296875, 0.091796875]]",2489,FUSeg
data/AZH/test/no wound/89.jpg,,train,False,[],0,AZH-test/no wound
data/AZH/train/no wound/69.jpg,,train,False,[],0,AZH-train/no wound
data/FUSeg/train/images/0527.png,data/FUSeg/train/labels/0527.png,train,True,"[[0, 0.3701171875, 0.4404296875, 0.0625, 0.05078125]]",570,FUSeg
data/FUSeg/train/images/0575.png,data/FUSeg/train/labels/0575.png,train,True,"[[0, 0.26953125, 0.580078125, 0.154296875, 0.083984375]]",1791,FUSeg
data/AZH/train/no wound/45.jpg,,train,False,[],0,AZH-train/no wound
data/FUSeg/train/images/0240.png,data/FUSeg/train/labels/0240.png,train,True,"[[0, 0.40625, 0.33984375, 0.134765625, 0.099609375]]",2191,FUSeg
data/FUSeg/train/images/0605.png,data/FUSeg/train/labels/0605.png,train,True,"[[0, 0.2939453125, 0.41015625, 0.15625, 0.197265625]]",2866,FUSeg
data/FUSeg/train/images/0239.png,data/FUSeg/train/labels/0239.png,train,True,"[[0, 0.373046875, 0.4404296875, 0.353515625, 0.23828125]]",4680,FUSeg
data/FUSeg/train/images/0649.png,data/FUSeg/train/labels/0649.png,train,True,"[[0, 0.375, 0.4462890625, 0.080078125, 0.078125]]",1001,FUSeg
data/FUSeg/train/images/0432.png,data/FUSeg/train/labels/0432.png,train,True,"[[0, 0.4130859375, 0.43359375, 0.27734375, 0.201171875]]",2866,FUSeg
data/FUSeg/train/images/0526.png,data/FUSeg/train/labels/0526.png,train,True,"[[0, 0.3505859375, 0.4833984375, 0.06640625, 0.05078125]]",509,FUSeg
data/FUSeg/train/images/0038.png,data/FUSeg/train/labels/0038.png,train,True,"[[0, 0.421875, 0.435546875, 0.201171875, 0.287109375]]",1770,FUSeg
data/FUSeg/train/images/0288.png,data/FUSeg/train/labels/0288.png,train,True,"[[0, 0.4052734375, 0.3876953125, 0.03515625, 0.05859375]]",234,FUSeg
data/AZH/train/BG/55.jpg,,train,False,[],0,AZH-train/BG
data/FUSeg/train/images/0515.png,data/FUSeg/train/labels/0515.png,train,True,"[[0, 0.28125, 0.4482421875, 0.037109375, 0.04296875]]",297,FUSeg
data/FUSeg/train/images/0633.png,data/FUSeg/train/labels/0633.png,train,True,"[[0, 0.38671875, 0.5751953125, 0.181640625, 0.1328125]]",4491,FUSeg
data/AZH/train/no wound/50.jpg,,train,False,[],0,AZH-train/no wound
data/FUSeg/train/images/0028.png,data/FUSeg/train/labels/0028.png,train,True,"[[0, 0.3896484375, 0.5341796875, 0.03125, 0.01953125]]",103,FUSeg
data/FUSeg/train/images/0663.png,data/FUSeg/train/labels/0663.png,train,True,"[[0, 0.52734375, 0.404296875, 0.291015625, 0.212890625]]",11772,FUSeg
data/FUSeg/train/images/0664.png,data/FUSeg/train/labels/0664.png,train,True,"[[0, 0.3427734375, 0.45703125, 0.359375, 0.095703125]]",4786,FUSeg
data/FUSeg/train/images/0502.png,data/FUSeg/train/labels/0502.png,train,False,[],0,FUSeg
data/FUSeg/train/images/0576.png,data/FUSeg/train/labels/0576.png,train,True,"[[0, 0.2744140625, 0.521484375, 0.16015625, 0.072265625]]",1659,FUSeg
data/FUSeg/train/images/0050.png,data/FUSeg/train/labels/0050.png,train,True,"[[0, 0.2861328125, 0.537109375, 0.11328125, 0.111328125]]",2229,FUSeg
data/FUSeg/train/images/0995.png,data/FUSeg/train/labels/0995.png,train,True,"[[0, 0.4873046875, 0.3330078125, 0.47265625, 0.484375]]",34678,FUSeg
data/FUSeg/train/images/0283.png,data/FUSeg/train/labels/0283.png,train,True,"[[0, 0.365234375, 0.4609375, 0.056640625, 0.076171875]]",490,FUSeg
data/FUSeg/train/images/0070.png,data/FUSeg/train/labels/0070.png,train,True,"[[0, 0.3408203125, 0.427734375, 0.21484375, 0.439453125]]",5411,FUSeg
data/FUSeg/train/images/0295.png,data/FUSeg/train/labels/0295.png,train,True,"[[0, 0.265625, 0.6591796875, 0.197265625, 0.140625]]",3397,FUSeg
data/FUSeg/train/images/0406.png,data/FUSeg/train/labels/0406.png,train,True,"[[0, 0.2666015625, 0.595703125, 0.06640625, 0.056640625]]",557,FUSeg
data/FUSeg/train/images/0493.png,data/FUSeg/train/labels/0493.png,train,True,"[[0, 0.3349609375, 0.4423828125, 0.32421875, 0.41796875]]",11199,FUSeg
data/AZH/train/BG/69.jpg,,train,False,[],0,AZH-train/BG
data/FUSeg/train/images/0672.png,data/FUSeg/train/labels/0672.png,train,True,"[[0, 0.365234375, 0.5615234375, 0.091796875, 0.3359375]]",1871,FUSeg
data/AZH/train/BG/66.jpg,,train,False,[],0,AZH-train/BG
data/FUSeg/train/images/0446.png,data/FUSeg/train/labels/0446.png,train,True,"[[0, 0.3779296875, 0.646484375, 0.07421875, 0.126953125]]",1650,FUSeg
data/AZH/train/BG/16.jpg,,train,False,[],0,AZH-train/BG
data/FUSeg/train/images/0257.png,data/FUSeg/train/labels/0257.png,train,True,"[[0, 0.2939453125, 0.435546875, 0.203125, 0.294921875]]",4830,FUSeg
data/FUSeg/train/images/0220.png,data/FUSeg/train/labels/0220.png,train,True,"[[0, 0.3408203125, 0.455078125, 0.36328125, 0.091796875]]",4791,FUSeg
data/FUSeg/train/images/0727.png,data/FUSeg/train/labels/0727.png,train,True,"[[0, 0.3173828125, 0.4228515625, 0.36328125, 0.1796875]]",3261,FUSeg
data/FUSeg/train/images/0938.png,data/FUSeg/train/labels/0938.png,train,True,"[[0, 0.3330078125, 0.5888671875, 0.1875, 0.23828125]]",8142,FUSeg
data/FUSeg/train/images/0558.png,data/FUSeg/train/labels/0558.png,train,True,"[[0, 0.296875, 0.515625, 0.072265625, 0.095703125]]",1201,FUSeg
data/FUSeg/train/images/0696.png,data/FUSeg/train/labels/0696.png,train,True,"[[0, 0.310546875, 0.48828125, 0.052734375, 0.048828125]]",556,FUSeg
data/FUSeg/train/images/0472.png,data/FUSeg/train/labels/0472.png,train,True,"[[0, 0.3974609375, 0.513671875, 0.2265625, 0.138671875]]",6337,FUSeg
data/FUSeg/train/images/0194.png,data/FUSeg/train/labels/0194.png,train,True,"[[0, 0.400390625, 0.3984375, 0.103515625, 0.107421875]]",2148,FUSeg
data/AZH/test/no wound/81.jpg,,train,False,[],0,AZH-test/no wound
data/FUSeg/train/images/0290.png,data/FUSeg/train/labels/0290.png,train,True,"[[0, 0.3642578125, 0.498046875, 0.1015625, 0.083984375]]",1323,FUSeg
data/FUSeg/train/images/0586.png,data/FUSeg/train/labels/0586.png,train,True,"[[0, 0.4033203125, 0.458984375, 0.140625, 0.138671875]]",3857,FUSeg
data/FUSeg/train/images/0782.png,data/FUSeg/train/labels/0782.png,train,True,"[[0, 0.4033203125, 0.611328125, 0.04296875, 0.095703125]]",652,FUSeg
data/FUSeg/train/images/0102.png,data/FUSeg/train/labels/0102.png,train,True,"[[0, 0.2841796875, 0.517578125, 0.0703125, 0.103515625]]",1377,FUSeg
data/FUSeg/train/images/0909.png,data/FUSeg/train/labels/0909.png,train,True,"[[0, 0.41796875, 0.4970703125, 0.185546875, 0.1015625]]",3423,FUSeg
data/FUSeg/train/images/0372.png,data/FUSeg/train/labels/0372.png,train,True,"[[0, 0.4208984375, 0.5166015625, 0.203125, 0.125]]",4507,FUSeg
data/FUSeg/train/images/0459.png,data/FUSeg/train/labels/0459.png,train,True,"[[0, 0.2861328125, 0.462890625, 0.38671875, 0.166015625]]",2849,FUSeg
data/FUSeg/train/images/0036.png,data/FUSeg/train/labels/0036.png,train,True,"[[0, 0.376953125, 0.552734375, 0.220703125, 0.388671875]]",3430,FUSeg
data/FUSeg/train/images/0221.png,data/FUSeg/train/labels/0221.png,train,True,"[[0, 0.3642578125, 0.4931640625, 0.015625, 0.046875]]",131,FUSeg
data/FUSeg/train/images/0529.png,data/FUSeg/train/labels/0529.png,train,True,"[[0, 0.416015625, 0.3388671875, 0.091796875, 0.10546875]]",1273,FUSeg
data/FUSeg/train/images/0422.png,data/FUSeg/train/labels/0422.png,train,True,"[[0, 0.3095703125, 0.5966796875, 0.09765625, 0.22265625]]",3428,FUSeg
data/FUSeg/train/images/0884.png,data/FUSeg/train/labels/0884.png,train,True,"[[0, 0.3916015625, 0.478515625, 0.28515625, 0.396484375]]",22288,FUSeg
data/FUSeg/train/images/0759.png,data/FUSeg/train/labels/0759.png,train,True,"[[0, 0.2880859375, 0.431640625, 0.29296875, 0.220703125]]",9678,FUSeg
data/FUSeg/train/images/0997.png,data/FUSeg/train/labels/0997.png,train,True,"[[0, 0.4013671875, 0.5107421875, 0.1640625, 0.08203125]]",2424,FUSeg
data/FUSeg/train/images/0756.png,data/FUSeg/train/labels/0756.png,train,True,"[[0, 0.4169921875, 0.4599609375, 0.0234375, 0.02734375]]",133,FUSeg
data/AZH/train/no wound/71.jpg,,train,False,[],0,AZH-train/no wound
data/FUSeg/train/images/0318.png,data/FUSeg/train/labels/0318.png,train,True,"[[0, 0.36328125, 0.470703125, 0.048828125, 0.119140625]]",919,FUSeg
data/FUSeg/train/images/0196.png,data/FUSeg/train/labels/0196.png,train,True,"[[0, 0.49609375, 0.2431640625, 0.228515625, 0.1796875]]",7304,FUSeg
data/FUSeg/train/images/0846.png,data/FUSeg/train/labels/0846.png,train,True,"[[0, 0.447265625, 0.4423828125, 0.072265625, 0.0703125]]",919,FUSeg
data/AZH/train/no wound/16.jpg,,train,False,[],0,AZH-train/no wound
data/FUSeg/train/images/0819.png,data/FUSeg/train/labels/0819.png,train,True,"[[0, 0.3134765625, 0.5048828125, 0.46484375, 0.24609375]]",15102,FUSeg
data/FUSeg/train/images/0167.png,data/FUSeg/train/labels/0167.png,train,True,"[[0, 0.3056640625, 0.46484375, 0.5, 0.259765625]]",4410,FUSeg
data/FUSeg/train/images/0304.png,data/FUSeg/train/labels/0304.png,train,True,"[[0, 0.3984375, 0.615234375, 0.060546875, 0.064453125]]",602,FUSeg
data/FUSeg/train/images/0498.png,data/FUSeg/train/labels/0498.png,train,True,"[[0, 0.404296875, 0.462890625, 0.138671875, 0.083984375]]",1635,FUSeg
data/AZH/train/BG/20.jpg,,train,False,[],0,AZH-train/BG
data/FUSeg/train/images/0959.png,data/FUSeg/train/labels/0959.png,train,True,"[[0, 0.427734375, 0.3671875, 0.263671875, 0.322265625]]",4057,FUSeg
data/FUSeg/train/images/0984.png,data/FUSeg/train/labels/0984.png,train,True,"[[0, 0.3115234375, 0.4677734375, 0.06640625, 0.078125]]",915,FUSeg
data/AZH/train/no wound/60.jpg,,train,False,[],0,AZH-train/no wound
data/AZH/train/BG/19.jpg,,train,False,[],0,AZH-train/BG
data/AZH/train/no wound/15.jpg,,train,False,[],0,AZH-train/no wound
data/FUSeg/train/images/0889.png,data/FUSeg/train/labels/0889.png,train,True,"[[0, 0.3466796875, 0.4541015625, 0.15625, 0.140625]]",1295,FUSeg
data/FUSeg/train/images/0019.png,data/FUSeg/train/labels/0019.png,train,True,"[[0, 0.2919921875, 0.6826171875, 0.09765625, 0.12109375]]",2191,FUSeg
data/AZH/test/no wound/85.jpg,,train,False,[],0,AZH-test/no wound
data/FUSeg/train/images/0080.png,data/FUSeg/train/labels/0080.png,train,True,"[[0, 0.595703125, 0.080078125, 0.166015625, 0.162109375]]",4862,FUSeg
data/AZH/train/no wound/32.jpg,,train,False,[],0,AZH-train/no wound
data/FUSeg/train/images/0261.png,data/FUSeg/train/labels/0261.png,train,True,"[[0, 0.4169921875, 0.6875, 0.140625, 0.451171875]]",3973,FUSeg
data/AZH/train/BG/1.jpg,,train,False,[],0,AZH-train/BG
data/FUSeg/train/images/0287.png,data/FUSeg/train/labels/0287.png,train,True,"[[0, 0.3095703125, 0.626953125, 0.05859375, 0.091796875]]",913,FUSeg
data/FUSeg/train/images/0035.png,data/FUSeg/train/labels/0035.png,train,True,"[[0, 0.4033203125, 0.5205078125, 0.3203125, 0.15234375]]",7249,FUSeg
data/FUSeg/train/images/0826.png,data/FUSeg/train/labels/0826.png,train,True,"[[0, 0.3974609375, 0.498046875, 0.29296875, 0.408203125]]",5255,FUSeg
data/FUSeg/train/images/0086.png,data/FUSeg/train/labels/0086.png,train,True,"[[0, 0.6318359375, 0.3408203125, 0.18359375, 0.47265625]]",8212,FUSeg
data/AZH/train/no wound/9.jpg,,train,False,[],0,AZH-train/no wound
data/FUSeg/train/images/0838.png,data/FUSeg/train/labels/0838.png,train,True,"[[0, 0.2958984375, 0.6572265625, 0.19921875, 0.37890625]]",1962,FUSeg
data/FUSeg/train/images/0923.png,data/FUSeg/train/labels/0923.png,train,True,"[[0, 0.34375, 0.466796875, 0.447265625, 0.259765625]]",2022,FUSeg
data/FUSeg/train/images/0774.png,data/FUSeg/train/labels/0774.png,train,True,"[[0, 0.427734375, 0.4453125, 0.388671875, 0.408203125]]",10673,FUSeg
data/FUSeg/train/images/0465.png,data/FUSeg/train/labels/0465.png,train,True,"[[0, 0.375, 0.5087890625, 0.107421875, 0.25390625]]",5483,FUSeg
data/FUSeg/train/images/0879.png,data/FUSeg/train/labels/0879.png,train,True,"[[0, 0.2998046875, 0.3505859375, 0.06640625, 0.05078125]]",601,FUSeg
data/FUSeg/train/images/0378.png,data/FUSeg/train/labels/0378.png,train,True,"[[0, 0.2158203125, 0.3876953125, 0.12109375, 0.2421875]]",4114,FUSeg
data/FUSeg/train/images/0051.png,data/FUSeg/train/labels/0051.png,train,True,"[[0, 0.392578125, 0.4599609375, 0.138671875, 0.08984375]]",1782,FUSeg
data/AZH/train/BG/34.jpg,,train,False,[],0,AZH-train/BG
data/FUSeg/train/images/0708.png,data/FUSeg/train/labels/0708.png,train,True,"[[0, 0.4423828125, 0.4990234375, 0.046875, 0.05078125]]",362,FUSeg
data/FUSeg/train/images/0595.png,data/FUSeg/train/labels/0595.png,train,True,"[[0, 0.341796875, 0.2119140625, 0.169921875, 0.171875]]",4686,FUSeg
data/FUSeg/train/images/0384.png,data/FUSeg/train/labels/0384.png,train,True,"[[0, 0.361328125, 0.4326171875, 0.111328125, 0.0859375]]",1424,FUSeg
data/FUSeg/train/images/0069.png,data/FUSeg/train/labels/0069.png,train,True,"[[0, 0.2802734375, 0.5029296875, 0.05859375, 0.08984375]]",949,FUSeg
data/AZH/train/no wound/72.jpg,,train,False,[],0,AZH-train/no wound
data/FUSeg/train/images/0610.png,data/FUSeg/train/labels/0610.png,train,True,"[[0, 0.439453125, 0.291015625, 0.134765625, 0.154296875]]",3192,FUSeg
data/FUSeg/train/images/0758.png,data/FUSeg/train/labels/0758.png,train,True,"[[0, 0.611328125, 0.4736328125, 0.080078125, 0.08984375]]",1011,FUSeg
data/AZH/train/no wound/74.jpg,,train,False,[],0,AZH-train/no wound
data/AZH/test/BG/80.jpg,,train,False,[],0,AZH-test/BG
data/FUSeg/train/images/0987.png,data/FUSeg/train/labels/0987.png,train,True,"[[0, 0.640625, 0.3154296875, 0.263671875, 0.6328125]]",8592,FUSeg
data/FUSeg/train/images/0324.png,data/FUSeg/train/labels/0324.png,train,True,"[[0, 0.375, 0.4619140625, 0.189453125, 0.25390625]]",7695,FUSeg
data/AZH/test/BG/82.jpg,,train,False,[],0,AZH-test/BG
data/AZH/train/no wound/21.jpg,,train,False,[],0,AZH-train/no wound
data/FUSeg/train/images/0810.png,data/FUSeg/train/labels/0810.png,train,True,"[[0, 0.3994140625, 0.5283203125, 0.03515625, 0.03125]]",197,FUSeg
data/AZH/train/no wound/8.jpg,,train,False,[],0,AZH-train/no wound
data/AZH/train/BG/7.jpg,,train,False,[],0,AZH-train/BG
data/AZH/train/no wound/75.jpg,,train,False,[],0,AZH-train/no wound
data/FUSeg/train/images/0267.png,data/FUSeg/train/labels/0267.png,train,True,"[[0, 0.4638671875, 0.3154296875, 0.0859375, 0.078125]]",1283,FUSeg
data/FUSeg/train/images/0941.png,data/FUSeg/train/labels/0941.png,train,True,"[[0, 0.4443359375, 0.53125, 0.25390625, 0.205078125]]",9799,FUSeg
data/FUSeg/train/images/0253.png,data/FUSeg/train/labels/0253.png,train,True,"[[0, 0.2626953125, 0.392578125, 0.16796875, 0.228515625]]",3705,FUSeg
data/AZH/train/no wound/61.jpg,,train,False,[],0,AZH-train/no wound
data/AZH/train/BG/50.jpg,,train,False,[],0,AZH-train/BG
data/AZH/train/BG/17.jpg,,train,False,[],0,AZH-train/BG
data/FUSeg/train/images/0191.png,data/FUSeg/train/labels/0191.png,train,True,"[[0, 0.4765625, 0.3828125, 0.154296875, 0.232421875]]",5865,FUSeg
data/FUSeg/train/images/0379.png,data/FUSeg/train/labels/0379.png,train,True,"[[0, 0.392578125, 0.4208984375, 0.095703125, 0.1015625]]",1781,FUSeg
data/FUSeg/train/images/0924.png,data/FUSeg/train/labels/0924.png,train,True,"[[0, 0.568359375, 0.384765625, 0.123046875, 0.294921875]]",2213,FUSeg
data/FUSeg/train/images/0178.png,data/FUSeg/train/labels/0178.png,train,True,"[[0, 0.3291015625, 0.4365234375, 0.45703125, 0.1953125]]",7316,FUSeg
data/FUSeg/train/images/0678.png,data/FUSeg/train/labels/0678.png,train,True,"[[0, 0.361328125, 0.5029296875, 0.197265625, 0.17578125]]",4725,FUSeg
data/FUSeg/train/images/0676.png,data/FUSeg/train/labels/0676.png,train,True,"[[0, 0.4521484375, 0.43359375, 0.1796875, 0.072265625]]",2010,FUSeg
data/FUSeg/train/images/0204.png,data/FUSeg/train/labels/0204.png,train,True,"[[0, 0.3720703125, 0.478515625, 0.21875, 0.134765625]]",3986,FUSeg
data/FUSeg/train/images/0094.png,data/FUSeg/train/labels/0094.png,train,True,"[[0, 0.390625, 0.4951171875, 0.064453125, 0.05859375]]",585,FUSeg
data/FUSeg/train/images/0252.png,data/FUSeg/train/labels/0252.png,train,True,"[[0, 0.34765625, 0.4892578125, 0.037109375, 0.046875]]",278,FUSeg
data/FUSeg/train/images/0659.png,data/FUSeg/train/labels/0659.png,train,True,"[[0, 0.353515625, 0.505859375, 0.119140625, 0.099609375]]",1992,FUSeg
data/AZH/train/no wound/58.jpg,,train,False,[],0,AZH-train/no wound
data/FUSeg/train/images/0348.png,data/FUSeg/train/labels/0348.png,train,True,"[[0, 0.3505859375, 0.6181640625, 0.203125, 0.33203125]]",8372,FUSeg
data/AZH/test/BG/100.jpg,,train,False,[],0,AZH-test/BG
data/AZH/train/BG/22.jpg,,train,False,[],0,AZH-train/BG
data/FUSeg/train/images/0023.png,data/FUSeg/train/labels/0023.png,train,True,"[[0, 0.3857421875, 0.4677734375, 0.16796875, 0.125]]",3781,FUSeg
data/AZH/train/BG/53.jpg,,train,False,[],0,AZH-train/BG
data/FUSeg/train/images/0066.png,data/FUSeg/train/labels/0066.png,train,True,"[[0, 0.6240234375, 0.318359375, 0.13671875, 0.166015625]]",4172,FUSeg
data/FUSeg/train/images/0733.png,data/FUSeg/train/labels/0733.png,train,True,"[[0, 0.44921875, 0.6337890625, 0.103515625, 0.14453125]]",2767,FUSeg
data/FUSeg/train/images/0420.png,data/FUSeg/train/labels/0420.png,train,True,"[[0, 0.46484375, 0.478515625, 0.349609375, 0.173828125]]",6881,FUSeg
data/FUSeg/train/images/0500.png,data/FUSeg/train/labels/0500.png,train,True,"[[0, 0.38671875, 0.5625, 0.466796875, 0.189453125]]",3632,FUSeg
data/AZH/train/BG/10.jpg,,train,False,[],0,AZH-train/BG
data/FUSeg/train/images/0956.png,data/FUSeg/train/labels/0956.png,train,True,"[[0, 0.5361328125, 0.6796875, 0.421875, 0.482421875]]",2805,FUSeg
data/AZH/train/no wound/31.jpg,,train,False,[],0,AZH-train/no wound
data/FUSeg/train/images/0431.png,data/FUSeg/train/labels/0431.png,train,True,"[[0, 0.337890625, 0.3818359375, 0.091796875, 0.0625]]",952,FUSeg
data/FUSeg/train/images/0491.png,data/FUSeg/train/labels/0491.png,train,True,"[[0, 0.4580078125, 0.30078125, 0.08203125, 0.095703125]]",1204,FUSeg
data/FUSeg/train/images/0670.png,data/FUSeg/train/labels/0670.png,train,True,"[[0, 0.3427734375, 0.4814453125, 0.2734375, 0.125]]",4027,FUSeg
data/FUSeg/train/images/0250.png,data/FUSeg/train/labels/0250.png,train,True,"[[0, 0.443359375, 0.6484375, 0.138671875, 0.173828125]]",4600,FUSeg
data/AZH/train/BG/4.jpg,,train,False,[],0,AZH-train/BG
data/AZH/train/no wound/19.jpg,,train,False,[],0,AZH-train/no wound
data/FUSeg/train/images/0893.png,data/FUSeg/train/labels/0893.png,train,True,"[[0, 0.4072265625, 0.4951171875, 0.078125, 0.05859375]]",678,FUSeg
data/FUSeg/train/images/0784.png,data/FUSeg/train/labels/0784.png,train,True,"[[0, 0.396484375, 0.4267578125, 0.068359375, 0.078125]]",610,FUSeg
data/FUSeg/train/images/0246.png,data/FUSeg/train/labels/0246.png,train,True,"[[0, 0.380859375, 0.6484375, 0.083984375, 0.130859375]]",1896,FUSeg
data/FUSeg/train/images/0244.png,data/FUSeg/train/labels/0244.png,train,True,"[[0, 0.2880859375, 0.470703125, 0.09765625, 0.107421875]]",1489,FUSeg
data/FUSeg/train/images/0977.png,data/FUSeg/train/labels/0977.png,train,True,"[[0, 0.5615234375, 0.1796875, 0.296875, 0.361328125]]",16459,FUSeg
data/AZH/train/no wound/48.jpg,,train,False,[],0,AZH-train/no wound
data/FUSeg/train/images/1005.png,data/FUSeg/train/labels/1005.png,train,True,"[[0, 0.318359375, 0.498046875, 0.056640625, 0.095703125]]",772,FUSeg
data/FUSeg/train/images/0569.png,data/FUSeg/train/labels/0569.png,train,True,"[[0, 0.3486328125, 0.427734375, 0.43359375, 0.208984375]]",7070,FUSeg
data/FUSeg/train/images/0749.png,data/FUSeg/train/labels/0749.png,train,True,"[[0, 0.40625, 0.544921875, 0.533203125, 0.236328125]]",7201,FUSeg
data/FUSeg/train/images/0532.png,data/FUSeg/train/labels/0532.png,train,True,"[[0, 0.6611328125, 0.3037109375, 0.234375, 0.54296875]]",13460,FUSeg
data/FUSeg/train/images/0312.png,data/FUSeg/train/labels/0312.png,train,True,"[[0, 0.2861328125, 0.30859375, 0.0390625, 0.056640625]]",432,FUSeg
data/FUSeg/train/images/0216.png,data/FUSeg/train/labels/0216.png,train,True,"[[0, 0.322265625, 0.349609375, 0.306640625, 0.224609375]]",10791,FUSeg
data/AZH/test/BG/81.jpg,,train,False,[],0,AZH-test/BG
data/FUSeg/train/images/0241.png,data/FUSeg/train/labels/0241.png,train,True,"[[0, 0.3837890625, 0.509765625, 0.1328125, 0.283203125]]",7372,FUSeg
data/AZH/train/no wound/67.jpg,,train,False,[],0,AZH-train/no wound
data/FUSeg/train/images/0328.png,data/FUSeg/train/labels/0328.png,train,True,"[[0, 0.4677734375, 0.6455078125, 0.13671875, 0.19921875]]",4570,FUSeg
data/FUSeg/train/images/0458.png,data/FUSeg/train/labels/0458.png,train,True,"[[0, 0.380859375, 0.5166015625, 0.087890625, 0.05078125]]",778,FUSeg
data/FUSeg/train/images/0481.png,data/FUSeg/train/labels/0481.png,train,True,"[[0, 0.34375, 0.6318359375, 0.064453125, 0.10546875]]",1219,FUSeg
data/FUSeg/train/images/0650.png,data/FUSeg/train/labels/0650.png,train,True,"[[0, 0.46484375, 0.6640625, 0.076171875, 0.111328125]]",1360,FUSeg
data/FUSeg/train/images/0215.png,data/FUSeg/train/labels/0215.png,train,True,"[[0, 0.37890625, 0.4697265625, 0.013671875, 0.0234375]]",53,FUSeg
data/FUSeg/train/images/0307.png,data/FUSeg/train/labels/0307.png,train,True,"[[0, 0.349609375, 0.4208984375, 0.326171875, 0.359375]]",10637,FUSeg
data/FUSeg/train/images/0333.png,data/FUSeg/train/labels/0333.png,train,True,"[[0, 0.34375, 0.5341796875, 0.099609375, 0.13671875]]",2383,FUSeg
data/FUSeg/train/images/0709.png,data/FUSeg/train/labels/0709.png,train,True,"[[0, 0.3701171875, 0.517578125, 0.0390625, 0.048828125]]",293,FUSeg
data/FUSeg/train/images/0408.png,data/FUSeg/train/labels/0408.png,train,True,"[[0, 0.5830078125, 0.4130859375, 0.5859375, 0.29296875]]",21001,FUSeg
data/FUSeg/train/images/0671.png,data/FUSeg/train/labels/0671.png,train,True,"[[0, 0.3759765625, 0.564453125, 0.12890625, 0.224609375]]",4916,FUSeg
data/AZH/train/no wound/2.jpg,,train,False,[],0,AZH-train/no wound
data/FUSeg/train/images/0224.png,data/FUSeg/train/labels/0224.png,train,True,"[[0, 0.396484375, 0.3427734375, 0.021484375, 0.03515625]]",148,FUSeg
data/FUSeg/train/images/0656.png,data/FUSeg/train/labels/0656.png,train,True,"[[0, 0.3935546875, 0.369140625, 0.14453125, 0.099609375]]",2603,FUSeg
data/AZH/train/no wound/56.jpg,,train,False,[],0,AZH-train/no wound
data/AZH/train/BG/27.jpg,,train,False,[],0,AZH-train/BG
data/AZH/train/no wound/34.jpg,,train,False,[],0,AZH-train/no wound
data/FUSeg/train/images/0367.png,data/FUSeg/train/labels/0367.png,train,True,"[[0, 0.5712890625, 0.3251953125, 0.1171875, 0.14453125]]",2505,FUSeg
data/AZH/train/no wound/36.jpg,,train,False,[],0,AZH-train/no wound
data/AZH/train/BG/14.jpg,,train,False,[],0,AZH-train/BG
data/AZH/train/no wound/39.jpg,,train,False,[],0,AZH-train/no wound
data/AZH/train/BG/75.jpg,,train,False,[],0,AZH-train/BG
data/AZH/train/BG/21.jpg,,train,False,[],0,AZH-train/BG
data/FUSeg/train/images/0628.png,data/FUSeg/train/labels/0628.png,train,True,"[[0, 0.3134765625, 0.5029296875, 0.02734375, 0.01953125]]",110,FUSeg
data/AZH/test/no wound/100.jpg,,train,False,[],0,AZH-test/no wound
data/FUSeg/train/images/0822.png,data/FUSeg/train/labels/0822.png,train,True,"[[0, 0.513671875, 0.587890625, 0.099609375, 0.080078125]]",1116,FUSeg
data/FUSeg/train/images/0440.png,data/FUSeg/train/labels/0440.png,train,True,"[[0, 0.41796875, 0.48046875, 0.044921875, 0.080078125]]",562,FUSeg
data/AZH/train/BG/62.jpg,,train,False,[],0,AZH-train/BG
data/FUSeg/train/images/0714.png,data/FUSeg/train/labels/0714.png,train,True,"[[0, 0.4482421875, 0.4716796875, 0.18359375, 0.1015625]]",2500,FUSeg
data/FUSeg/train/images/0794.png,data/FUSeg/train/labels/0794.png,train,True,"[[0, 0.427734375, 0.4716796875, 0.087890625, 0.10546875]]",1370,FUSeg
data/FUSeg/train/images/0193.png,data/FUSeg/train/labels/0193.png,train,True,"[[0, 0.3125, 0.58203125, 0.115234375, 0.248046875]]",4592,FUSeg
data/FUSeg/train/images/0387.png,data/FUSeg/train/labels/0387.png,train,True,"[[0, 0.3349609375, 0.455078125, 0.0390625, 0.044921875]]",256,FUSeg
data/AZH/test/BG/96.jpg,,train,False,[],0,AZH-test/BG
data/FUSeg/train/images/1006.png,data/FUSeg/train/labels/1006.png,train,True,"[[0, 0.37890625, 0.5166015625, 0.166015625, 0.625]]",3811,FUSeg
data/FUSeg/train/images/0609.png,data/FUSeg/train/labels/0609.png,train,True,"[[0, 0.357421875, 0.513671875, 0.041015625, 0.044921875]]",356,FUSeg
data/FUSeg/train/images/0388.png,data/FUSeg/train/labels/0388.png,train,True,"[[0, 0.3525390625, 0.5478515625, 0.078125, 0.0859375]]",1217,FUSeg
data/AZH/train/BG/37.jpg,,train,False,[],0,AZH-train/BG
data/FUSeg/train/images/0522.png,data/FUSeg/train/labels/0522.png,train,True,"[[0, 0.3720703125, 0.5048828125, 0.0859375, 0.0859375]]",1004,FUSeg
data/FUSeg/train/images/0666.png,data/FUSeg/train/labels/0666.png,train,True,"[[0, 0.2373046875, 0.4130859375, 0.09375, 0.23046875]]",3623,FUSeg
data/AZH/train/no wound/24.jpg,,train,False,[],0,AZH-train/no wound
data/FUSeg/train/images/0584.png,data/FUSeg/train/labels/0584.png,train,True,"[[0, 0.40234375, 0.5205078125, 0.173828125, 0.3046875]]",8466,FUSeg
data/FUSeg/train/images/0425.png,data/FUSeg/train/labels/0425.png,train,True,"[[0, 0.814453125, 0.4384765625, 0.279296875, 0.5625]]",21072,FUSeg
data/AZH/train/BG/25.jpg,,train,False,[],0,AZH-train/BG
data/AZH/train/BG/3.jpg,,train,False,[],0,AZH-train/BG
data/FUSeg/train/images/0462.png,data/FUSeg/train/labels/0462.png,train,True,"[[0, 0.3486328125, 0.4892578125, 0.08984375, 0.06640625]]",924,FUSeg
data/FUSeg/train/images/0614.png,data/FUSeg/train/labels/0614.png,train,True,"[[0, 0.80859375, 0.3525390625, 0.322265625, 0.609375]]",19184,FUSeg
data/FUSeg/train/images/0624.png,data/FUSeg/train/labels/0624.png,train,True,"[[0, 0.294921875, 0.478515625, 0.099609375, 0.103515625]]",1240,FUSeg
data/FUSeg/train/images/0374.png,data/FUSeg/train/labels/0374.png,train,True,"[[0, 0.4052734375, 0.376953125, 0.16015625, 0.134765625]]",1273,FUSeg
data/AZH/test/no wound/79.jpg,,train,False,[],0,AZH-test/no wound
data/AZH/train/BG/59.jpg,,train,False,[],0,AZH-train/BG
data/FUSeg/train/images/0762.png,data/FUSeg/train/labels/0762.png,train,True,"[[0, 0.3984375, 0.44921875, 0.380859375, 0.205078125]]",6198,FUSeg
data/FUSeg/train/images/0568.png,data/FUSeg/train/labels/0568.png,train,True,"[[0, 0.3896484375, 0.533203125, 0.1015625, 0.130859375]]",2151,FUSeg
data/FUSeg/train/images/0815.png,data/FUSeg/train/labels/0815.png,train,True,"[[0, 0.38671875, 0.560546875, 0.033203125, 0.029296875]]",187,FUSeg
data/AZH/train/BG/36.jpg,,train,False,[],0,AZH-train/BG
data/AZH/test/no wound/88.jpg,,train,False,[],0,AZH-test/no wound
data/AZH/train/no wound/46.jpg,,train,False,[],0,AZH-train/no wound
data/AZH/train/no wound/29.jpg,,train,False,[],0,AZH-train/no wound
data/AZH/train/BG/18.jpg,,train,False,[],0,AZH-train/BG
data/AZH/test/BG/83.jpg,,train,False,[],0,AZH-test/BG
data/AZH/train/BG/41.jpg,,train,False,[],0,AZH-train/BG
data/AZH/train/no wound/62.jpg,,train,False,[],0,AZH-train/no wound
data/FUSeg/train/images/0908.png,data/FUSeg/train/labels/0908.png,train,True,"[[0, 0.3935546875, 0.4873046875, 0.05078125, 0.05078125]]",550,FUSeg
data/FUSeg/train/images/0939.png,data/FUSeg/train/labels/0939.png,train,True,"[[0, 0.3671875, 0.5693359375, 0.212890625, 0.2734375]]",7574,FUSeg
data/FUSeg/train/images/0155.png,data/FUSeg/train/labels/0155.png,train,True,"[[0, 0.3056640625, 0.396484375, 0.36328125, 0.197265625]]",3927,FUSeg
data/FUSeg/train/images/0400.png,data/FUSeg/train/labels/0400.png,train,True,"[[0, 0.373046875, 0.501953125, 0.044921875, 0.044921875]]",310,FUSeg
data/FUSeg/train/images/0264.png,data/FUSeg/train/labels/0264.png,train,True,"[[0, 0.3642578125, 0.51171875, 0.0390625, 0.060546875]]",310,FUSeg
data/FUSeg/train/images/0852.png,data/FUSeg/train/labels/0852.png,train,True,"[[0, 0.3671875, 0.376953125, 0.091796875, 0.205078125]]",2844,FUSeg
data/FUSeg/train/images/0064.png,data/FUSeg/train/labels/0064.png,train,True,"[[0, 0.169921875, 0.525390625, 0.083984375, 0.134765625]]",2165,FUSeg
data/FUSeg/train/images/0878.png,data/FUSeg/train/labels/0878.png,train,True,"[[0, 0.2705078125, 0.537109375, 0.21484375, 0.138671875]]",5622,FUSeg
data/FUSeg/train/images/0285.png,data/FUSeg/train/labels/0285.png,train,True,"[[0, 0.322265625, 0.3466796875, 0.251953125, 0.16015625]]",6039,FUSeg
data/AZH/train/BG/5.jpg,,train,False,[],0,AZH-train/BG
data/AZH/test/BG/85.jpg,,train,False,[],0,AZH-test/BG
data/AZH/test/BG/77.jpg,,train,False,[],0,AZH-test/BG
data/AZH/train/no wound/57.jpg,,train,False,[],0,AZH-train/no wound
data/FUSeg/train/images/0168.png,data/FUSeg/train/labels/0168.png,train,True,"[[0, 0.279296875, 0.7548828125, 0.044921875, 0.03125]]",155,FUSeg
data/FUSeg/train/images/0918.png,data/FUSeg/train/labels/0918.png,train,True,"[[0, 0.267578125, 0.5078125, 0.056640625, 0.060546875]]",289,FUSeg
data/FUSeg/train/images/0397.png,data/FUSeg/train/labels/0397.png,train,True,"[[0, 0.4775390625, 0.4345703125, 0.2421875, 0.17578125]]",8141,FUSeg
data/FUSeg/train/images/0934.png,data/FUSeg/train/labels/0934.png,train,True,"[[0, 0.369140625, 0.5458984375, 0.158203125, 0.234375]]",2272,FUSeg
data/FUSeg/train/images/0743.png,data/FUSeg/train/labels/0743.png,train,True,"[[0, 0.447265625, 0.3759765625, 0.177734375, 0.125]]",3876,FUSeg
data/FUSeg/train/images/0899.png,data/FUSeg/train/labels/0899.png,train,False,[],0,FUSeg
data/AZH/train/no wound/11.jpg,,train,False,[],0,AZH-train/no wound
data/FUSeg/train/images/0347.png,data/FUSeg/train/labels/0347.png,train,True,"[[0, 0.22265625, 0.4033203125, 0.216796875, 0.296875]]",1824,FUSeg
data/FUSeg/train/images/0636.png,data/FUSeg/train/labels/0636.png,train,True,"[[0, 0.375, 0.5380859375, 0.216796875, 0.15234375]]",6681,FUSeg
data/FUSeg/train/images/0646.png,data/FUSeg/train/labels/0646.png,train,True,"[[0, 0.3759765625, 0.501953125, 0.26953125, 0.162109375]]",8988,FUSeg
data/AZH/test/BG/78.jpg,,train,False,[],0,AZH-test/BG
data/FUSeg/train/images/0364.png,data/FUSeg/train/labels/0364.png,train,True,"[[0, 0.4169921875, 0.4716796875, 0.44140625, 0.421875]]",11419,FUSeg
data/FUSeg/train/images/0018.png,data/FUSeg/train/labels/0018.png,train,True,"[[0, 0.3310546875, 0.4990234375, 0.4609375, 0.2109375]]",2280,FUSeg
data/AZH/train/BG/39.jpg,,train,False,[],0,AZH-train/BG
data/AZH/train/no wound/23.jpg,,train,False,[],0,AZH-train/no wound
data/AZH/train/BG/11.jpg,,train,False,[],0,AZH-train/BG
data/FUSeg/train/images/0888.png,data/FUSeg/train/labels/0888.png,train,True,"[[0, 0.3876953125, 0.4521484375, 0.09765625, 0.07421875]]",1425,FUSeg
data/AZH/train/BG/8.jpg,,train,False,[],0,AZH-train/BG
data/FUSeg/train/images/0172.png,data/FUSeg/train/labels/0172.png,train,True,"[[0, 0.36328125, 0.501953125, 0.271484375, 0.208984375]]",2492,FUSeg
data/FUSeg/train/images/0932.png,data/FUSeg/train/labels/0932.png,train,True,"[[0, 0.37890625, 0.470703125, 0.068359375, 0.056640625]]",657,FUSeg
data/FUSeg/train/images/0662.png,data/FUSeg/train/labels/0662.png,train,True,"[[0, 0.322265625, 0.3759765625, 0.068359375, 0.09765625]]",1333,FUSeg
data/FUSeg/train/images/0805.png,data/FUSeg/train/labels/0805.png,train,True,"[[0, 0.3466796875, 0.515625, 0.09375, 0.056640625]]",761,FUSeg
data/FUSeg/train/images/0084.png,data/FUSeg/train/labels/0084.png,train,True,"[[0, 0.3505859375, 0.4765625, 0.140625, 0.142578125]]",3748,FUSeg
data/FUSeg/train/images/0059.png,data/FUSeg/train/labels/0059.png,train,True,"[[0, 0.3330078125, 0.5283203125, 0.0859375, 0.10546875]]",1829,FUSeg
data/FUSeg/train/images/0331.png,data/FUSeg/train/labels/0331.png,train,True,"[[0, 0.3828125, 0.4580078125, 0.130859375, 0.08203125]]",1786,FUSeg
data/FUSeg/train/images/0229.png,data/FUSeg/train/labels/0229.png,train,True,"[[0, 0.376953125, 0.65234375, 0.083984375, 0.123046875]]",1717,FUSeg
data/FUSeg/train/images/0052.png,data/FUSeg/train/labels/0052.png,train,True,"[[0, 0.404296875, 0.4921875, 0.068359375, 0.060546875]]",615,FUSeg
data/AZH/train/no wound/13.jpg,,train,False,[],0,AZH-train/no wound
data/FUSeg/train/images/0385.png,data/FUSeg/train/labels/0385.png,train,True,"[[0, 0.419921875, 0.51171875, 0.103515625, 0.322265625]]",461,FUSeg
data/FUSeg/train/images/0785.png,data/FUSeg/train/labels/0785.png,train,True,"[[0, 0.41796875, 0.654296875, 0.181640625, 0.158203125]]",5101,FUSeg
data/FUSeg/train/images/0618.png,data/FUSeg/train/labels/0618.png,train,True,"[[0, 0.384765625, 0.53515625, 0.208984375, 0.154296875]]",5388,FUSeg
data/FUSeg/train/images/0473.png,data/FUSeg/train/labels/0473.png,train,True,"[[0, 0.349609375, 0.216796875, 0.033203125, 0.037109375]]",235,FUSeg
data/FUSeg/train/images/0675.png,data/FUSeg/train/labels/0675.png,train,True,"[[0, 0.3251953125, 0.322265625, 0.3046875, 0.232421875]]",10521,FUSeg
data/AZH/train/BG/68.jpg,,train,False,[],0,AZH-train/BG
data/FUSeg/train/images/0634.png,data/FUSeg/train/labels/0634.png,train,True,"[[0, 0.3408203125, 0.4619140625, 0.07421875, 0.0625]]",807,FUSeg
data/FUSeg/train/images/0975.png,data/FUSeg/train/labels/0975.png,train,True,"[[0, 0.3759765625, 0.6572265625, 0.078125, 0.08203125]]",1195,FUSeg
data/FUSeg/train/images/0800.png,data/FUSeg/train/labels/0800.png,train,True,"[[0, 0.275390625, 0.501953125, 0.029296875, 0.029296875]]",150,FUSeg
data/FUSeg/train/images/0236.png,data/FUSeg/train/labels/0236.png,train,True,"[[0, 0.455078125, 0.51953125, 0.123046875, 0.072265625]]",1724,FUSeg
data/FUSeg/train/images/0111.png,data/FUSeg/train/labels/0111.png,train,True,"[[0, 0.3876953125, 0.490234375, 0.07421875, 0.068359375]]",964,FUSeg
data/FUSeg/train/images/0760.png,data/FUSeg/train/labels/0760.png,train,True,"[[0, 0.40234375, 0.3525390625, 0.099609375, 0.1484375]]",2614,FUSeg
data/AZH/train/BG/43.jpg,,train,False,[],0,AZH-train/BG
data/FUSeg/train/images/0222.png,data/FUSeg/train/labels/0222.png,train,True,"[[0, 0.3642578125, 0.5283203125, 0.10546875, 0.125]]",2501,FUSeg
data/AZH/test/no wound/78.jpg,,train,False,[],0,AZH-test/no wound
data/FUSeg/train/images/0845.png,data/FUSeg/train/labels/0845.png,train,True,"[[0, 0.369140625, 0.4111328125, 0.419921875, 0.44921875]]",13542,FUSeg
data/FUSeg/train/images/0113.png,data/FUSeg/train/labels/0113.png,train,True,"[[0, 0.3759765625, 0.4453125, 0.19921875, 0.294921875]]",9982,FUSeg
data/FUSeg/train/images/0031.png,data/FUSeg/train/labels/0031.png,train,True,"[[0, 0.3681640625, 0.513671875, 0.03125, 0.021484375]]",125,FUSeg
data/FUSeg/train/images/0260.png,data/FUSeg/train/labels/0260.png,train,True,"[[0, 0.3662109375, 0.4814453125, 0.12890625, 0.09765625]]",2252,FUSeg
data/FUSeg/train/images/0072.png,data/FUSeg/train/labels/0072.png,train,True,"[[0, 0.4306640625, 0.5107421875, 0.140625, 0.08984375]]",2463,FUSeg
data/FUSeg/train/images/0789.png,data/FUSeg/train/labels/0789.png,train,True,"[[0, 0.595703125, 0.365234375, 0.041015625, 0.041015625]]",307,FUSeg
data/FUSeg/train/images/0619.png,data/FUSeg/train/labels/0619.png,train,True,"[[0, 0.271484375, 0.3359375, 0.037109375, 0.056640625]]",346,FUSeg
data/FUSeg/train/images/0314.png,data/FUSeg/train/labels/0314.png,train,True,"[[0, 0.3837890625, 0.48828125, 0.08984375, 0.181640625]]",1769,FUSeg
data/FUSeg/train/images/0362.png,data/FUSeg/train/labels/0362.png,train,True,"[[0, 0.337890625, 0.4228515625, 0.115234375, 0.22265625]]",3983,FUSeg
data/FUSeg/train/images/0093.png,data/FUSeg/train/labels/0093.png,train,True,"[[0, 0.3037109375, 0.43359375, 0.02734375, 0.025390625]]",114,FUSeg
data/FUSeg/train/images/0553.png,data/FUSeg/train/labels/0553.png,train,True,"[[0, 0.3798828125, 0.5673828125, 0.046875, 0.046875]]",430,FUSeg
data/AZH/train/no wound/18.jpg,,train,False,[],0,AZH-train/no wound
data/FUSeg/train/images/0489.png,data/FUSeg/train/labels/0489.png,train,True,"[[0, 0.64453125, 0.3837890625, 0.306640625, 0.38671875]]",15735,FUSeg
data/AZH/test/BG/91.jpg,,train,False,[],0,AZH-test/BG
data/FUSeg/train/images/0418.png,data/FUSeg/train/labels/0418.png,train,True,"[[0, 0.27734375, 0.3515625, 0.330078125, 0.310546875]]",12411,FUSeg
data/FUSeg/train/images/0744.png,data/FUSeg/train/labels/0744.png,train,True,"[[0, 0.369140625, 0.4365234375, 0.126953125, 0.05859375]]",1250,FUSeg
data/FUSeg/train/images/0736.png,data/FUSeg/train/labels/0736.png,train,False,[],0,FUSeg
data/AZH/test/no wound/97.jpg,,train,False,[],0,AZH-test/no wound
data/FUSeg/train/images/0443.png,data/FUSeg/train/labels/0443.png,train,True,"[[0, 0.400390625, 0.4189453125, 0.095703125, 0.0859375]]",1612,FUSeg
data/FUSeg/train/images/0332.png,data/FUSeg/train/labels/0332.png,train,True,"[[0, 0.3603515625, 0.4482421875, 0.16015625, 0.265625]]",6904,FUSeg
data/FUSeg/train/images/0266.png,data/FUSeg/train/labels/0266.png,train,True,"[[0, 0.390625, 0.6025390625, 0.072265625, 0.0546875]]",542,FUSeg
data/FUSeg/train/images/0907.png,data/FUSeg/train/labels/0907.png,train,True,"[[0, 0.2373046875, 0.3935546875, 0.046875, 0.18359375]]",838,FUSeg
data/AZH/train/no wound/27.jpg,,train,False,[],0,AZH-train/no wound
data/FUSeg/train/images/0654.png,data/FUSeg/train/labels/0654.png,train,True,"[[0, 0.486328125, 0.46875, 0.091796875, 0.083984375]]",1076,FUSeg
data/AZH/test/BG/92.jpg,,train,False,[],0,AZH-test/BG
data/FUSeg/train/images/0769.png,data/FUSeg/train/labels/0769.png,train,True,"[[0, 0.3427734375, 0.6318359375, 0.0546875, 0.1015625]]",1013,FUSeg
data/FUSeg/train/images/0183.png,data/FUSeg/train/labels/0183.png,train,True,"[[0, 0.302734375, 0.6669921875, 0.099609375, 0.1015625]]",1947,FUSeg
data/FUSeg/train/images/0920.png,data/FUSeg/train/labels/0920.png,train,True,"[[0, 0.3037109375, 0.5732421875, 0.109375, 0.21875]]",3959,FUSeg
data/FUSeg/train/images/0632.png,data/FUSeg/train/labels/0632.png,train,True,"[[0, 0.3701171875, 0.5263671875, 0.109375, 0.05078125]]",983,FUSeg
data/FUSeg/train/images/0013.png,data/FUSeg/train/labels/0013.png,train,True,"[[0, 0.3193359375, 0.607421875, 0.13671875, 0.169921875]]",4344,FUSeg
data/AZH/train/no wound/52.jpg,,train,False,[],0,AZH-train/no wound
data/FUSeg/train/images/0916.png,data/FUSeg/train/labels/0916.png,train,True,"[[0, 0.361328125, 0.5234375, 0.107421875, 0.162109375]]",3365,FUSeg
data/FUSeg/train/images/0147.png,data/FUSeg/train/labels/0147.png,train,True,"[[0, 0.287109375, 0.51171875, 0.068359375, 0.087890625]]",982,FUSeg
data/FUSeg/train/images/0346.png,data/FUSeg/train/labels/0346.png,train,True,"[[0, 0.458984375, 0.654296875, 0.123046875, 0.169921875]]",3400,FUSeg
data/FUSeg/train/images/0061.png,data/FUSeg/train/labels/0061.png,train,True,"[[0, 0.3486328125, 0.578125, 0.10546875, 0.197265625]]",2378,FUSeg
data/FUSeg/train/images/0821.png,data/FUSeg/train/labels/0821.png,train,True,"[[0, 0.2421875, 0.298828125, 0.142578125, 0.228515625]]",5571,FUSeg
data/FUSeg/train/images/0693.png,data/FUSeg/train/labels/0693.png,train,True,"[[0, 0.3642578125, 0.482421875, 0.05859375, 0.052734375]]",595,FUSeg
data/FUSeg/train/images/0735.png,data/FUSeg/train/labels/0735.png,train,True,"[[0, 0.3662109375, 0.279296875, 0.03125, 0.037109375]]",203,FUSeg
data/FUSeg/train/images/0598.png,data/FUSeg/train/labels/0598.png,train,True,"[[0, 0.2568359375, 0.5830078125, 0.12109375, 0.078125]]",1311,FUSeg
data/FUSeg/train/images/0161.png,data/FUSeg/train/labels/0161.png,train,True,"[[0, 0.4052734375, 0.5087890625, 0.14453125, 0.0703125]]",1770,FUSeg
data/FUSeg/train/images/0555.png,data/FUSeg/train/labels/0555.png,train,True,"[[0, 0.38671875, 0.3115234375, 0.271484375, 0.2734375]]",12745,FUSeg
data/FUSeg/train/images/0919.png,data/FUSeg/train/labels/0919.png,train,True,"[[0, 0.306640625, 0.392578125, 0.173828125, 0.205078125]]",5755,FUSeg
data/FUSeg/train/images/0564.png,data/FUSeg/train/labels/0564.png,train,False,[],0,FUSeg
data/FUSeg/train/images/0399.png,data/FUSeg/train/labels/0399.png,train,True,"[[0, 0.263671875, 0.4189453125, 0.189453125, 0.24609375]]",2012,FUSeg
data/FUSeg/train/images/0029.png,data/FUSeg/train/labels/0029.png,train,True,"[[0, 0.373046875, 0.4404296875, 0.244140625, 0.18359375]]",9201,FUSeg
data/FUSeg/train/images/0520.png,data/FUSeg/train/labels/0520.png,train,True,"[[0, 0.3779296875, 0.458984375, 0.19921875, 0.275390625]]",8588,FUSeg
data/FUSeg/train/images/0991.png,data/FUSeg/train/labels/0991.png,train,True,"[[0, 0.330078125, 0.3271484375, 0.115234375, 0.14453125]]",2538,FUSeg
data/FUSeg/train/images/0629.png,data/FUSeg/train/labels/0629.png,train,True,"[[0, 0.37890625, 0.451171875, 0.212890625, 0.287109375]]",9973,FUSeg
data/FUSeg/train/images/0448.png,data/FUSeg/train/labels/0448.png,train,True,"[[0, 0.3515625, 0.2802734375, 0.248046875, 0.5625]]",9005,FUSeg
data/FUSeg/train/images/0274.png,data/FUSeg/train/labels/0274.png,train,True,"[[0, 0.39453125, 0.5234375, 0.244140625, 0.345703125]]",2664,FUSeg
data/AZH/test/no wound/93.jpg,,train,False,[],0,AZH-test/no wound
data/AZH/train/BG/42.jpg,,train,False,[],0,AZH-train/BG
data/FUSeg/train/images/0779.png,data/FUSeg/train/labels/0779.png,train,True,"[[0, 0.3193359375, 0.4990234375, 0.09375, 0.15625]]",2902,FUSeg
data/AZH/test/no wound/82.jpg,,train,False,[],0,AZH-test/no wound
data/FUSeg/train/images/0811.png,data/FUSeg/train/labels/0811.png,train,True,"[[0, 0.3525390625, 0.6279296875, 0.08203125, 0.1171875]]",1308,FUSeg
data/FUSeg/train/images/0401.png,data/FUSeg/train/labels/0401.png,train,True,"[[0, 0.3935546875, 0.3193359375, 0.25390625, 0.34375]]",12767,FUSeg
data/FUSeg/train/images/0921.png,data/FUSeg/train/labels/0921.png,train,True,"[[0, 0.333984375, 0.36328125, 0.123046875, 0.181640625]]",3640,FUSeg
data/FUSeg/train/images/0917.png,data/FUSeg/train/labels/0917.png,train,True,"[[0, 0.4091796875, 0.4052734375, 0.4609375, 0.3828125]]",9699,FUSeg
data/AZH/test/BG/76.jpg,,train,False,[],0,AZH-test/BG
data/FUSeg/train/images/0317.png,data/FUSeg/train/labels/0317.png,train,True,"[[0, 0.388671875, 0.3779296875, 0.126953125, 0.1875]]",2959,FUSeg
data/AZH/test/BG/89.jpg,,train,False,[],0,AZH-test/BG
data/FUSeg/train/images/0767.png,data/FUSeg/train/labels/0767.png,train,True,"[[0, 0.37890625, 0.5, 0.126953125, 0.275390625]]",6884,FUSeg
data/AZH/train/BG/74.jpg,,train,False,[],0,AZH-train/BG
data/FUSeg/train/images/0823.png,data/FUSeg/train/labels/0823.png,train,True,"[[0, 0.3837890625, 0.5625, 0.140625, 0.126953125]]",3494,FUSeg
data/FUSeg/train/images/0103.png,data/FUSeg/train/labels/0103.png,train,True,"[[0, 0.3291015625, 0.4072265625, 0.02734375, 0.0234375]]",126,FUSeg
data/FUSeg/train/images/0766.png,data/FUSeg/train/labels/0766.png,train,True,"[[0, 0.375, 0.5283203125, 0.083984375, 0.12109375]]",1746,FUSeg
data/FUSeg/train/images/0915.png,data/FUSeg/train/labels/0915.png,train,True,"[[0, 0.2685546875, 0.5654296875, 0.15234375, 0.08984375]]",1722,FUSeg
data/AZH/train/no wound/43.jpg,,train,False,[],0,AZH-train/no wound
data/FUSeg/train/images/0419.png,data/FUSeg/train/labels/0419.png,train,True,"[[0, 0.4453125, 0.4560546875, 0.052734375, 0.05078125]]",410,FUSeg
data/FUSeg/train/images/0042.png,data/FUSeg/train/labels/0042.png,train,True,"[[0, 0.322265625, 0.490234375, 0.037109375, 0.025390625]]",187,FUSeg
data/FUSeg/train/images/0518.png,data/FUSeg/train/labels/0518.png,train,True,"[[0, 0.486328125, 0.4267578125, 0.521484375, 0.43359375]]",15943,FUSeg
data/FUSeg/train/images/0742.png,data/FUSeg/train/labels/0742.png,train,True,"[[0, 0.2861328125, 0.5, 0.0625, 0.044921875]]",559,FUSeg
data/FUSeg/train/images/0265.png,data/FUSeg/train/labels/0265.png,train,True,"[[0, 0.328125, 0.4931640625, 0.134765625, 0.1015625]]",2457,FUSeg
data/FUSeg/train/images/0453.png,data/FUSeg/train/labels/0453.png,train,True,"[[0, 0.5673828125, 0.2587890625, 0.1484375, 0.06640625]]",1712,FUSeg
data/FUSeg/train/images/0319.png,data/FUSeg/train/labels/0319.png,train,True,"[[0, 0.4287109375, 0.6787109375, 0.1875, 0.140625]]",5147,FUSeg
data/FUSeg/train/images/0625.png,data/FUSeg/train/labels/0625.png,train,True,"[[0, 0.66796875, 0.4794921875, 0.091796875, 0.14453125]]",2081,FUSeg
data/FUSeg/train/images/0669.png,data/FUSeg/train/labels/0669.png,train,True,"[[0, 0.439453125, 0.38671875, 0.322265625, 0.154296875]]",7547,FUSeg
data/FUSeg/train/images/0788.png,data/FUSeg/train/labels/0788.png,train,True,"[[0, 0.3505859375, 0.490234375, 0.05078125, 0.044921875]]",435,FUSeg
data/FUSeg/train/images/0562.png,data/FUSeg/train/labels/0562.png,train,True,"[[0, 0.4248046875, 0.505859375, 0.12890625, 0.076171875]]",1737,FUSeg
data/AZH/train/no wound/63.jpg,,train,False,[],0,AZH-train/no wound
data/FUSeg/train/images/0508.png,data/FUSeg/train/labels/0508.png,train,True,"[[0, 0.369140625, 0.486328125, 0.107421875, 0.111328125]]",2274,FUSeg
data/AZH/train/BG/56.jpg,,train,False,[],0,AZH-train/BG
data/FUSeg/train/images/0225.png,data/FUSeg/train/labels/0225.png,train,True,"[[0, 0.478515625, 0.3349609375, 0.080078125, 0.09375]]",1252,FUSeg
data/AZH/train/BG/58.jpg,,train,False,[],0,AZH-train/BG
data/FUSeg/train/images/0173.png,data/FUSeg/train/labels/0173.png,train,True,"[[0, 0.4111328125, 0.4814453125, 0.15625, 0.10546875]]",3241,FUSeg
data/FUSeg/train/images/0608.png,data/FUSeg/train/labels/0608.png,train,True,"[[0, 0.33203125, 0.39453125, 0.173828125, 0.185546875]]",3096,FUSeg
data/FUSeg/train/images/0157.png,data/FUSeg/train/labels/0157.png,train,True,"[[0, 0.3232421875, 0.5556640625, 0.12109375, 0.0625]]",664,FUSeg
data/FUSeg/train/images/0741.png,data/FUSeg/train/labels/0741.png,train,True,"[[0, 0.3828125, 0.5244140625, 0.087890625, 0.0625]]",1094,FUSeg
data/FUSeg/train/images/0539.png,data/FUSeg/train/labels/0539.png,train,True,"[[0, 0.458984375, 0.5458984375, 0.216796875, 0.19140625]]",3829,FUSeg
data/FUSeg/train/images/0360.png,data/FUSeg/train/labels/0360.png,train,True,"[[0, 0.375, 0.5263671875, 0.087890625, 0.12890625]]",2045,FUSeg
data/FUSeg/train/images/0752.png,data/FUSeg/train/labels/0752.png,train,True,"[[0, 0.470703125, 0.640625, 0.130859375, 0.181640625]]",4081,FUSeg
data/FUSeg/train/images/0209.png,data/FUSeg/train/labels/0209.png,train,True,"[[0, 0.41015625, 0.443359375, 0.177734375, 0.115234375]]",3119,FUSeg
data/AZH/train/BG/13.jpg,,train,False,[],0,AZH-train/BG
data/FUSeg/train/images/0040.png,data/FUSeg/train/labels/0040.png,train,True,"[[0, 0.291015625, 0.43359375, 0.361328125, 0.201171875]]",14111,FUSeg
data/AZH/test/BG/90.jpg,,train,False,[],0,AZH-test/BG
data/FUSeg/train/images/0129.png,data/FUSeg/train/labels/0129.png,train,True,"[[0, 0.2998046875, 0.505859375, 0.0625, 0.033203125]]",330,FUSeg
data/FUSeg/train/images/0184.png,data/FUSeg/train/labels/0184.png,train,True,"[[0, 0.3056640625, 0.75390625, 0.125, 0.091796875]]",2083,FUSeg
data/FUSeg/train/images/0444.png,data/FUSeg/train/labels/0444.png,train,True,"[[0, 0.43359375, 0.4404296875, 0.056640625, 0.05859375]]",601,FUSeg
data/FUSeg/train/images/0703.png,data/FUSeg/train/labels/0703.png,train,True,"[[0, 0.318359375, 0.482421875, 0.033203125, 0.033203125]]",159,FUSeg
data/FUSeg/train/images/0176.png,data/FUSeg/train/labels/0176.png,train,True,"[[0, 0.404296875, 0.4814453125, 0.208984375, 0.359375]]",12137,FUSeg
