sample_id,dataset,split,task,image_path,mask_path,class_name,orig_class_folder,is_labeled
fus_00000000,FUSeg,train,seg,data/FUSeg/train/images/0012.png,data/FUSeg/train/labels/0012.png,,,1
fus_00000001,FUSeg,train,seg,data/FUSeg/train/images/0013.png,data/FUSeg/train/labels/0013.png,,,1
fus_00000002,FUSeg,train,seg,data/FUSeg/train/images/0015.png,data/FUSeg/train/labels/0015.png,,,1
fus_00000003,FUSeg,train,seg,data/FUSeg/train/images/0016.png,data/FUSeg/train/labels/0016.png,,,1
fus_00000004,FUSeg,train,seg,data/FUSeg/train/images/0018.png,data/FUSeg/train/labels/0018.png,,,1
fus_00000005,FUSeg,train,seg,data/FUSeg/train/images/0019.png,data/FUSeg/train/labels/0019.png,,,1
fus_00000006,FUSeg,train,seg,data/FUSeg/train/images/0020.png,data/FUSeg/train/labels/0020.png,,,1
fus_00000007,FUSeg,train,seg,data/FUSeg/train/images/0021.png,data/FUSeg/train/labels/0021.png,,,1
fus_00000008,FUSeg,train,seg,data/FUSeg/train/images/0023.png,data/FUSeg/train/labels/0023.png,,,1
fus_00000009,FUSeg,train,seg,data/FUSeg/train/images/0024.png,data/FUSeg/train/labels/0024.png,,,1
fus_00000010,FUSeg,train,seg,data/FUSeg/train/images/0026.png,data/FUSeg/train/labels/0026.png,,,1
fus_00000011,FUSeg,train,seg,data/FUSeg/train/images/0027.png,data/FUSeg/train/labels/0027.png,,,1
fus_00000012,FUSeg,train,seg,data/FUSeg/train/images/0028.png,data/FUSeg/train/labels/0028.png,,,1
fus_00000013,FUSeg,train,seg,data/FUSeg/train/images/0029.png,data/FUSeg/train/labels/0029.png,,,1
fus_00000014,FUSeg,train,seg,data/FUSeg/train/images/0031.png,data/FUSeg/train/labels/0031.png,,,1
fus_00000015,FUSeg,train,seg,data/FUSeg/train/images/0034.png,data/FUSeg/train/labels/0034.png,,,1
fus_00000016,FUSeg,train,seg,data/FUSeg/train/images/0035.png,data/FUSeg/train/labels/0035.png,,,1
fus_00000017,FUSeg,train,seg,data/FUSeg/train/images/0036.png,data/FUSeg/train/labels/0036.png,,,1
fus_00000018,FUSeg,train,seg,data/FUSeg/train/images/0037.png,data/FUSeg/train/labels/0037.png,,,1
fus_00000019,FUSeg,train,seg,data/FUSeg/train/images/0038.png,data/FUSeg/train/labels/0038.png,,,1
fus_00000020,FUSeg,train,seg,data/FUSeg/train/images/0040.png,data/FUSeg/train/labels/0040.png,,,1
fus_00000021,FUSeg,train,seg,data/FUSeg/train/images/0042.png,data/FUSeg/train/labels/0042.png,,,1
fus_00000022,FUSeg,train,seg,data/FUSeg/train/images/0043.png,data/FUSeg/train/labels/0043.png,,,1
fus_00000023,FUSeg,train,seg,data/FUSeg/train/images/0045.png,data/FUSeg/train/labels/0045.png,,,1
fus_00000024,FUSeg,train,seg,data/FUSeg/train/images/0049.png,data/FUSeg/train/labels/0049.png,,,1
fus_00000025,FUSeg,train,seg,data/FUSeg/train/images/0050.png,data/FUSeg/train/labels/0050.png,,,1
fus_00000026,FUSeg,train,seg,data/FUSeg/train/images/0051.png,data/FUSeg/train/labels/0051.png,,,1
fus_00000027,FUSeg,train,seg,data/FUSeg/train/images/0052.png,data/FUSeg/train/labels/0052.png,,,1
fus_00000028,FUSeg,train,seg,data/FUSeg/train/images/0053.png,data/FUSeg/train/labels/0053.png,,,1
fus_00000029,FUSeg,train,seg,data/FUSeg/train/images/0054.png,data/FUSeg/train/labels/0054.png,,,1
fus_00000030,FUSeg,train,seg,data/FUSeg/train/images/0055.png,data/FUSeg/train/labels/0055.png,,,1
fus_00000031,FUSeg,train,seg,data/FUSeg/train/images/0056.png,data/FUSeg/train/labels/0056.png,,,1
fus_00000032,FUSeg,train,seg,data/FUSeg/train/images/0059.png,data/FUSeg/train/labels/0059.png,,,1
fus_00000033,FUSeg,train,seg,data/FUSeg/train/images/0060.png,data/FUSeg/train/labels/0060.png,,,1
fus_00000034,FUSeg,train,seg,data/FUSeg/train/images/0061.png,data/FUSeg/train/labels/0061.png,,,1
fus_00000035,FUSeg,train,seg,data/FUSeg/train/images/0064.png,data/FUSeg/train/labels/0064.png,,,1
fus_00000036,FUSeg,train,seg,data/FUSeg/train/images/0066.png,data/FUSeg/train/labels/0066.png,,,1
fus_00000037,FUSeg,train,seg,data/FUSeg/train/images/0069.png,data/FUSeg/train/labels/0069.png,,,1
fus_00000038,FUSeg,train,seg,data/FUSeg/train/images/0070.png,data/FUSeg/train/labels/0070.png,,,1
fus_00000039,FUSeg,train,seg,data/FUSeg/train/images/0071.png,data/FUSeg/train/labels/0071.png,,,1
fus_00000040,FUSeg,train,seg,data/FUSeg/train/images/0072.png,data/FUSeg/train/labels/0072.png,,,1
fus_00000041,FUSeg,train,seg,data/FUSeg/train/images/0073.png,data/FUSeg/train/labels/0073.png,,,1
fus_00000042,FUSeg,train,seg,data/FUSeg/train/images/0074.png,data/FUSeg/train/labels/0074.png,,,1
fus_00000043,FUSeg,train,seg,data/FUSeg/train/images/0075.png,data/FUSeg/train/labels/0075.png,,,1
fus_00000044,FUSeg,train,seg,data/FUSeg/train/images/0076.png,data/FUSeg/train/labels/0076.png,,,1
fus_00000045,FUSeg,train,seg,data/FUSeg/train/images/0080.png,data/FUSeg/train/labels/0080.png,,,1
fus_00000046,FUSeg,train,seg,data/FUSeg/train/images/0083.png,data/FUSeg/train/labels/0083.png,,,1
fus_00000047,FUSeg,train,seg,data/FUSeg/train/images/0084.png,data/FUSeg/train/labels/0084.png,,,1
fus_00000048,FUSeg,train,seg,data/FUSeg/train/images/0086.png,data/FUSeg/train/labels/0086.png,,,1
fus_00000049,FUSeg,train,seg,data/FUSeg/train/images/0087.png,data/FUSeg/train/labels/0087.png,,,1
fus_00000050,FUSeg,train,seg,data/FUSeg/train/images/0088.png,data/FUSeg/train/labels/0088.png,,,1
fus_00000051,FUSeg,train,seg,data/FUSeg/train/images/0091.png,data/FUSeg/train/labels/0091.png,,,1
fus_00000052,FUSeg,train,seg,data/FUSeg/train/images/0093.png,data/FUSeg/train/labels/0093.png,,,1
fus_00000053,FUSeg,train,seg,data/FUSeg/train/images/0094.png,data/FUSeg/train/labels/0094.png,,,1
fus_00000054,FUSeg,train,seg,data/FUSeg/train/images/0098.png,data/FUSeg/train/labels/0098.png,,,1
fus_00000055,FUSeg,train,seg,data/FUSeg/train/images/0100.png,data/FUSeg/train/labels/0100.png,,,1
fus_00000056,FUSeg,train,seg,data/FUSeg/train/images/0101.png,data/FUSeg/train/labels/0101.png,,,1
fus_00000057,FUSeg,train,seg,data/FUSeg/train/images/0102.png,data/FUSeg/train/labels/0102.png,,,1
fus_00000058,FUSeg,train,seg,data/FUSeg/train/images/0103.png,data/FUSeg/train/labels/0103.png,,,1
fus_00000059,FUSeg,train,seg,data/FUSeg/train/images/0104.png,data/FUSeg/train/labels/0104.png,,,1
fus_00000060,FUSeg,train,seg,data/FUSeg/train/images/0105.png,data/FUSeg/train/labels/0105.png,,,1
fus_00000061,FUSeg,train,seg,data/FUSeg/train/images/0110.png,data/FUSeg/train/labels/0110.png,,,1
fus_00000062,FUSeg,train,seg,data/FUSeg/train/images/0111.png,data/FUSeg/train/labels/0111.png,,,1
fus_00000063,FUSeg,train,seg,data/FUSeg/train/images/0112.png,data/FUSeg/train/labels/0112.png,,,1
fus_00000064,FUSeg,train,seg,data/FUSeg/train/images/0113.png,data/FUSeg/train/labels/0113.png,,,1
fus_00000065,FUSeg,train,seg,data/FUSeg/train/images/0114.png,data/FUSeg/train/labels/0114.png,,,1
fus_00000066,FUSeg,train,seg,data/FUSeg/train/images/0116.png,data/FUSeg/train/labels/0116.png,,,1
fus_00000067,FUSeg,train,seg,data/FUSeg/train/images/0118.png,data/FUSeg/train/labels/0118.png,,,1
fus_00000068,FUSeg,train,seg,data/FUSeg/train/images/0119.png,data/FUSeg/train/labels/0119.png,,,1
fus_00000069,FUSeg,train,seg,data/FUSeg/train/images/0120.png,data/FUSeg/train/labels/0120.png,,,1
fus_00000070,FUSeg,train,seg,data/FUSeg/train/images/0127.png,data/FUSeg/train/labels/0127.png,,,1
fus_00000071,FUSeg,train,seg,data/FUSeg/train/images/0129.png,data/FUSeg/train/labels/0129.png,,,1
fus_00000072,FUSeg,train,seg,data/FUSeg/train/images/0130.png,data/FUSeg/train/labels/0130.png,,,1
fus_00000073,FUSeg,train,seg,data/FUSeg/train/images/0132.png,data/FUSeg/train/labels/0132.png,,,1
fus_00000074,FUSeg,train,seg,data/FUSeg/train/images/0135.png,data/FUSeg/train/labels/0135.png,,,1
fus_00000075,FUSeg,train,seg,data/FUSeg/train/images/0137.png,data/FUSeg/train/labels/0137.png,,,1
fus_00000076,FUSeg,train,seg,data/FUSeg/train/images/0140.png,data/FUSeg/train/labels/0140.png,,,1
fus_00000077,FUSeg,train,seg,data/FUSeg/train/images/0141.png,data/FUSeg/train/labels/0141.png,,,1
fus_00000078,FUSeg,train,seg,data/FUSeg/train/images/0142.png,data/FUSeg/train/labels/0142.png,,,1
fus_00000079,FUSeg,train,seg,data/FUSeg/train/images/0145.png,data/FUSeg/train/labels/0145.png,,,1
fus_00000080,FUSeg,train,seg,data/FUSeg/train/images/0147.png,data/FUSeg/train/labels/0147.png,,,1
fus_00000081,FUSeg,train,seg,data/FUSeg/train/images/0148.png,data/FUSeg/train/labels/0148.png,,,1
fus_00000082,FUSeg,train,seg,data/FUSeg/train/images/0150.png,data/FUSeg/train/labels/0150.png,,,1
fus_00000083,FUSeg,train,seg,data/FUSeg/train/images/0152.png,data/FUSeg/train/labels/0152.png,,,1
fus_00000084,FUSeg,train,seg,data/FUSeg/train/images/0153.png,data/FUSeg/train/labels/0153.png,,,1
fus_00000085,FUSeg,train,seg,data/FUSeg/train/images/0155.png,data/FUSeg/train/labels/0155.png,,,1
fus_00000086,FUSeg,train,seg,data/FUSeg/train/images/0156.png,data/FUSeg/train/labels/0156.png,,,1
fus_00000087,FUSeg,train,seg,data/FUSeg/train/images/0157.png,data/FUSeg/train/labels/0157.png,,,1
fus_00000088,FUSeg,train,seg,data/FUSeg/train/images/0158.png,data/FUSeg/train/labels/0158.png,,,1
fus_00000089,FUSeg,train,seg,data/FUSeg/train/images/0159.png,data/FUSeg/train/labels/0159.png,,,1
fus_00000090,FUSeg,train,seg,data/FUSeg/train/images/0160.png,data/FUSeg/train/labels/0160.png,,,1
fus_00000091,FUSeg,train,seg,data/FUSeg/train/images/0161.png,data/FUSeg/train/labels/0161.png,,,1
fus_00000092,FUSeg,train,seg,data/FUSeg/train/images/0162.png,data/FUSeg/train/labels/0162.png,,,1
fus_00000093,FUSeg,train,seg,data/FUSeg/train/images/0163.png,data/FUSeg/train/labels/0163.png,,,1
fus_00000094,FUSeg,train,seg,data/FUSeg/train/images/0167.png,data/FUSeg/train/labels/0167.png,,,1
fus_00000095,FUSeg,train,seg,data/FUSeg/train/images/0168.png,data/FUSeg/train/labels/0168.png,,,1
fus_00000096,FUSeg,train,seg,data/FUSeg/train/images/0170.png,data/FUSeg/train/labels/0170.png,,,1
fus_00000097,FUSeg,train,seg,data/FUSeg/train/images/0171.png,data/FUSeg/train/labels/0171.png,,,1
fus_00000098,FUSeg,train,seg,data/FUSeg/train/images/0172.png,data/FUSeg/train/labels/0172.png,,,1
fus_00000099,FUSeg,train,seg,data/FUSeg/train/images/0173.png,data/FUSeg/train/labels/0173.png,,,1
fus_00000100,FUSeg,train,seg,data/FUSeg/train/images/0174.png,data/FUSeg/train/labels/0174.png,,,1
fus_00000101,FUSeg,train,seg,data/FUSeg/train/images/0175.png,data/FUSeg/train/labels/0175.png,,,1
fus_00000102,FUSeg,train,seg,data/FUSeg/train/images/0176.png,data/FUSeg/train/labels/0176.png,,,1
fus_00000103,FUSeg,train,seg,data/FUSeg/train/images/0178.png,data/FUSeg/train/labels/0178.png,,,1
fus_00000104,FUSeg,train,seg,data/FUSeg/train/images/0179.png,data/FUSeg/train/labels/0179.png,,,1
fus_00000105,FUSeg,train,seg,data/FUSeg/train/images/0183.png,data/FUSeg/train/labels/0183.png,,,1
fus_00000106,FUSeg,train,seg,data/FUSeg/train/images/0184.png,data/FUSeg/train/labels/0184.png,,,1
fus_00000107,FUSeg,train,seg,data/FUSeg/train/images/0185.png,data/FUSeg/train/labels/0185.png,,,1
fus_00000108,FUSeg,train,seg,data/FUSeg/train/images/0187.png,data/FUSeg/train/labels/0187.png,,,1
fus_00000109,FUSeg,train,seg,data/FUSeg/train/images/0188.png,data/FUSeg/train/labels/0188.png,,,1
fus_00000110,FUSeg,train,seg,data/FUSeg/train/images/0189.png,data/FUSeg/train/labels/0189.png,,,1
fus_00000111,FUSeg,train,seg,data/FUSeg/train/images/0191.png,data/FUSeg/train/labels/0191.png,,,1
fus_00000112,FUSeg,train,seg,data/FUSeg/train/images/0193.png,data/FUSeg/train/labels/0193.png,,,1
fus_00000113,FUSeg,train,seg,data/FUSeg/train/images/0194.png,data/FUSeg/train/labels/0194.png,,,1
fus_00000114,FUSeg,train,seg,data/FUSeg/train/images/0195.png,data/FUSeg/train/labels/0195.png,,,1
fus_00000115,FUSeg,train,seg,data/FUSeg/train/images/0196.png,data/FUSeg/train/labels/0196.png,,,1
fus_00000116,FUSeg,train,seg,data/FUSeg/train/images/0197.png,data/FUSeg/train/labels/0197.png,,,1
fus_00000117,FUSeg,train,seg,data/FUSeg/train/images/0199.png,data/FUSeg/train/labels/0199.png,,,1
fus_00000118,FUSeg,train,seg,data/FUSeg/train/images/0200.png,data/FUSeg/train/labels/0200.png,,,1
fus_00000119,FUSeg,train,seg,data/FUSeg/train/images/0204.png,data/FUSeg/train/labels/0204.png,,,1
fus_00000120,FUSeg,train,seg,data/FUSeg/train/images/0206.png,data/FUSeg/train/labels/0206.png,,,1
fus_00000121,FUSeg,train,seg,data/FUSeg/train/images/0209.png,data/FUSeg/train/labels/0209.png,,,1
fus_00000122,FUSeg,train,seg,data/FUSeg/train/images/0215.png,data/FUSeg/train/labels/0215.png,,,1
fus_00000123,FUSeg,train,seg,data/FUSeg/train/images/0216.png,data/FUSeg/train/labels/0216.png,,,1
fus_00000124,FUSeg,train,seg,data/FUSeg/train/images/0218.png,data/FUSeg/train/labels/0218.png,,,1
fus_00000125,FUSeg,train,seg,data/FUSeg/train/images/0219.png,data/FUSeg/train/labels/0219.png,,,1
fus_00000126,FUSeg,train,seg,data/FUSeg/train/images/0220.png,data/FUSeg/train/labels/0220.png,,,1
fus_00000127,FUSeg,train,seg,data/FUSeg/train/images/0221.png,data/FUSeg/train/labels/0221.png,,,1
fus_00000128,FUSeg,train,seg,data/FUSeg/train/images/0222.png,data/FUSeg/train/labels/0222.png,,,1
fus_00000129,FUSeg,train,seg,data/FUSeg/train/images/0224.png,data/FUSeg/train/labels/0224.png,,,1
fus_00000130,FUSeg,train,seg,data/FUSeg/train/images/0225.png,data/FUSeg/train/labels/0225.png,,,1
fus_00000131,FUSeg,train,seg,data/FUSeg/train/images/0226.png,data/FUSeg/train/labels/0226.png,,,1
fus_00000132,FUSeg,train,seg,data/FUSeg/train/images/0227.png,data/FUSeg/train/labels/0227.png,,,1
fus_00000133,FUSeg,train,seg,data/FUSeg/train/images/0228.png,data/FUSeg/train/labels/0228.png,,,1
fus_00000134,FUSeg,train,seg,data/FUSeg/train/images/0229.png,data/FUSeg/train/labels/0229.png,,,1
fus_00000135,FUSeg,train,seg,data/FUSeg/train/images/0231.png,data/FUSeg/train/labels/0231.png,,,1
fus_00000136,FUSeg,train,seg,data/FUSeg/train/images/0232.png,data/FUSeg/train/labels/0232.png,,,1
fus_00000137,FUSeg,train,seg,data/FUSeg/train/images/0234.png,data/FUSeg/train/labels/0234.png,,,1
fus_00000138,FUSeg,train,seg,data/FUSeg/train/images/0236.png,data/FUSeg/train/labels/0236.png,,,1
fus_00000139,FUSeg,train,seg,data/FUSeg/train/images/0237.png,data/FUSeg/train/labels/0237.png,,,1
fus_00000140,FUSeg,train,seg,data/FUSeg/train/images/0238.png,data/FUSeg/train/labels/0238.png,,,1
fus_00000141,FUSeg,train,seg,data/FUSeg/train/images/0239.png,data/FUSeg/train/labels/0239.png,,,1
fus_00000142,FUSeg,train,seg,data/FUSeg/train/images/0240.png,data/FUSeg/train/labels/0240.png,,,1
fus_00000143,FUSeg,train,seg,data/FUSeg/train/images/0241.png,data/FUSeg/train/labels/0241.png,,,1
fus_00000144,FUSeg,train,seg,data/FUSeg/train/images/0242.png,data/FUSeg/train/labels/0242.png,,,1
fus_00000145,FUSeg,train,seg,data/FUSeg/train/images/0243.png,data/FUSeg/train/labels/0243.png,,,1
fus_00000146,FUSeg,train,seg,data/FUSeg/train/images/0244.png,data/FUSeg/train/labels/0244.png,,,1
fus_00000147,FUSeg,train,seg,data/FUSeg/train/images/0246.png,data/FUSeg/train/labels/0246.png,,,1
fus_00000148,FUSeg,train,seg,data/FUSeg/train/images/0248.png,data/FUSeg/train/labels/0248.png,,,1
fus_00000149,FUSeg,train,seg,data/FUSeg/train/images/0249.png,data/FUSeg/train/labels/0249.png,,,1
fus_00000150,FUSeg,train,seg,data/FUSeg/train/images/0250.png,data/FUSeg/train/labels/0250.png,,,1
fus_00000151,FUSeg,train,seg,data/FUSeg/train/images/0252.png,data/FUSeg/train/labels/0252.png,,,1
fus_00000152,FUSeg,train,seg,data/FUSeg/train/images/0253.png,data/FUSeg/train/labels/0253.png,,,1
fus_00000153,FUSeg,train,seg,data/FUSeg/train/images/0254.png,data/FUSeg/train/labels/0254.png,,,1
fus_00000154,FUSeg,train,seg,data/FUSeg/train/images/0257.png,data/FUSeg/train/labels/0257.png,,,1
fus_00000155,FUSeg,train,seg,data/FUSeg/train/images/0258.png,data/FUSeg/train/labels/0258.png,,,1
fus_00000156,FUSeg,train,seg,data/FUSeg/train/images/0260.png,data/FUSeg/train/labels/0260.png,,,1
fus_00000157,FUSeg,train,seg,data/FUSeg/train/images/0261.png,data/FUSeg/train/labels/0261.png,,,1
fus_00000158,FUSeg,train,seg,data/FUSeg/train/images/0263.png,data/FUSeg/train/labels/0263.png,,,1
fus_00000159,FUSeg,train,seg,data/FUSeg/train/images/0264.png,data/FUSeg/train/labels/0264.png,,,1
fus_00000160,FUSeg,train,seg,data/FUSeg/train/images/0265.png,data/FUSeg/train/labels/0265.png,,,1
fus_00000161,FUSeg,train,seg,data/FUSeg/train/images/0266.png,data/FUSeg/train/labels/0266.png,,,1
fus_00000162,FUSeg,train,seg,data/FUSeg/train/images/0267.png,data/FUSeg/train/labels/0267.png,,,1
fus_00000163,FUSeg,train,seg,data/FUSeg/train/images/0268.png,data/FUSeg/train/labels/0268.png,,,1
fus_00000164,FUSeg,train,seg,data/FUSeg/train/images/0270.png,data/FUSeg/train/labels/0270.png,,,1
fus_00000165,FUSeg,train,seg,data/FUSeg/train/images/0273.png,data/FUSeg/train/labels/0273.png,,,1
fus_00000166,FUSeg,train,seg,data/FUSeg/train/images/0274.png,data/FUSeg/train/labels/0274.png,,,1
fus_00000167,FUSeg,train,seg,data/FUSeg/train/images/0277.png,data/FUSeg/train/labels/0277.png,,,1
fus_00000168,FUSeg,train,seg,data/FUSeg/train/images/0279.png,data/FUSeg/train/labels/0279.png,,,1
fus_00000169,FUSeg,train,seg,data/FUSeg/train/images/0283.png,data/FUSeg/train/labels/0283.png,,,1
fus_00000170,FUSeg,train,seg,data/FUSeg/train/images/0285.png,data/FUSeg/train/labels/0285.png,,,1
fus_00000171,FUSeg,train,seg,data/FUSeg/train/images/0287.png,data/FUSeg/train/labels/0287.png,,,1
fus_00000172,FUSeg,train,seg,data/FUSeg/train/images/0288.png,data/FUSeg/train/labels/0288.png,,,1
fus_00000173,FUSeg,train,seg,data/FUSeg/train/images/0290.png,data/FUSeg/train/labels/0290.png,,,1
fus_00000174,FUSeg,train,seg,data/FUSeg/train/images/0292.png,data/FUSeg/train/labels/0292.png,,,1
fus_00000175,FUSeg,train,seg,data/FUSeg/train/images/0295.png,data/FUSeg/train/labels/0295.png,,,1
fus_00000176,FUSeg,train,seg,data/FUSeg/train/images/0296.png,data/FUSeg/train/labels/0296.png,,,1
fus_00000177,FUSeg,train,seg,data/FUSeg/train/images/0297.png,data/FUSeg/train/labels/0297.png,,,1
fus_00000178,FUSeg,train,seg,data/FUSeg/train/images/0299.png,data/FUSeg/train/labels/0299.png,,,1
fus_00000179,FUSeg,train,seg,data/FUSeg/train/images/0302.png,data/FUSeg/train/labels/0302.png,,,1
fus_00000180,FUSeg,train,seg,data/FUSeg/train/images/0304.png,data/FUSeg/train/labels/0304.png,,,1
fus_00000181,FUSeg,train,seg,data/FUSeg/train/images/0305.png,data/FUSeg/train/labels/0305.png,,,1
fus_00000182,FUSeg,train,seg,data/FUSeg/train/images/0306.png,data/FUSeg/train/labels/0306.png,,,1
fus_00000183,FUSeg,train,seg,data/FUSeg/train/images/0307.png,data/FUSeg/train/labels/0307.png,,,1
fus_00000184,FUSeg,train,seg,data/FUSeg/train/images/0310.png,data/FUSeg/train/labels/0310.png,,,1
fus_00000185,FUSeg,train,seg,data/FUSeg/train/images/0311.png,data/FUSeg/train/labels/0311.png,,,1
fus_00000186,FUSeg,train,seg,data/FUSeg/train/images/0312.png,data/FUSeg/train/labels/0312.png,,,1
fus_00000187,FUSeg,train,seg,data/FUSeg/train/images/0314.png,data/FUSeg/train/labels/0314.png,,,1
fus_00000188,FUSeg,train,seg,data/FUSeg/train/images/0316.png,data/FUSeg/train/labels/0316.png,,,1
fus_00000189,FUSeg,train,seg,data/FUSeg/train/images/0317.png,data/FUSeg/train/labels/0317.png,,,1
fus_00000190,FUSeg,train,seg,data/FUSeg/train/images/0318.png,data/FUSeg/train/labels/0318.png,,,1
fus_00000191,FUSeg,train,seg,data/FUSeg/train/images/0319.png,data/FUSeg/train/labels/0319.png,,,1
fus_00000192,FUSeg,train,seg,data/FUSeg/train/images/0321.png,data/FUSeg/train/labels/0321.png,,,1
fus_00000193,FUSeg,train,seg,data/FUSeg/train/images/0323.png,data/FUSeg/train/labels/0323.png,,,1
fus_00000194,FUSeg,train,seg,data/FUSeg/train/images/0324.png,data/FUSeg/train/labels/0324.png,,,1
fus_00000195,FUSeg,train,seg,data/FUSeg/train/images/0325.png,data/FUSeg/train/labels/0325.png,,,1
fus_00000196,FUSeg,train,seg,data/FUSeg/train/images/0327.png,data/FUSeg/train/labels/0327.png,,,1
fus_00000197,FUSeg,train,seg,data/FUSeg/train/images/0328.png,data/FUSeg/train/labels/0328.png,,,1
fus_00000198,FUSeg,train,seg,data/FUSeg/train/images/0329.png,data/FUSeg/train/labels/0329.png,,,1
fus_00000199,FUSeg,train,seg,data/FUSeg/train/images/0330.png,data/FUSeg/train/labels/0330.png,,,1
fus_00000200,FUSeg,train,seg,data/FUSeg/train/images/0331.png,data/FUSeg/train/labels/0331.png,,,1
fus_00000201,FUSeg,train,seg,data/FUSeg/train/images/0332.png,data/FUSeg/train/labels/0332.png,,,1
fus_00000202,FUSeg,train,seg,data/FUSeg/train/images/0333.png,data/FUSeg/train/labels/0333.png,,,1
fus_00000203,FUSeg,train,seg,data/FUSeg/train/images/0340.png,data/FUSeg/train/labels/0340.png,,,1
fus_00000204,FUSeg,train,seg,data/FUSeg/train/images/0344.png,data/FUSeg/train/labels/0344.png,,,1
fus_00000205,FUSeg,train,seg,data/FUSeg/train/images/0346.png,data/FUSeg/train/labels/0346.png,,,1
fus_00000206,FUSeg,train,seg,data/FUSeg/train/images/0347.png,data/FUSeg/train/labels/0347.png,,,1
fus_00000207,FUSeg,train,seg,data/FUSeg/train/images/0348.png,data/FUSeg/train/labels/0348.png,,,1
fus_00000208,FUSeg,train,seg,data/FUSeg/train/images/0350.png,data/FUSeg/train/labels/0350.png,,,1
fus_00000209,FUSeg,train,seg,data/FUSeg/train/images/0352.png,data/FUSeg/train/labels/0352.png,,,1
fus_00000210,FUSeg,train,seg,data/FUSeg/train/images/0353.png,data/FUSeg/train/labels/0353.png,,,1
fus_00000211,FUSeg,train,seg,data/FUSeg/train/images/0357.png,data/FUSeg/train/labels/0357.png,,,1
fus_00000212,FUSeg,train,seg,data/FUSeg/train/images/0358.png,data/FUSeg/train/labels/0358.png,,,1
fus_00000213,FUSeg,train,seg,data/FUSeg/train/images/0359.png,data/FUSeg/train/labels/0359.png,,,1
fus_00000214,FUSeg,train,seg,data/FUSeg/train/images/0360.png,data/FUSeg/train/labels/0360.png,,,1
fus_00000215,FUSeg,train,seg,data/FUSeg/train/images/0361.png,data/FUSeg/train/labels/0361.png,,,1
fus_00000216,FUSeg,train,seg,data/FUSeg/train/images/0362.png,data/FUSeg/train/labels/0362.png,,,1
fus_00000217,FUSeg,train,seg,data/FUSeg/train/images/0364.png,data/FUSeg/train/labels/0364.png,,,1
fus_00000218,FUSeg,train,seg,data/FUSeg/train/images/0366.png,data/FUSeg/train/labels/0366.png,,,1
fus_00000219,FUSeg,train,seg,data/FUSeg/train/images/0367.png,data/FUSeg/train/labels/0367.png,,,1
fus_00000220,FUSeg,train,seg,data/FUSeg/train/images/0368.png,data/FUSeg/train/labels/0368.png,,,1
fus_00000221,FUSeg,train,seg,data/FUSeg/train/images/0370.png,data/FUSeg/train/labels/0370.png,,,1
fus_00000222,FUSeg,train,seg,data/FUSeg/train/images/0372.png,data/FUSeg/train/labels/0372.png,,,1
fus_00000223,FUSeg,train,seg,data/FUSeg/train/images/0373.png,data/FUSeg/train/labels/0373.png,,,1
fus_00000224,FUSeg,train,seg,data/FUSeg/train/images/0374.png,data/FUSeg/train/labels/0374.png,,,1
fus_00000225,FUSeg,train,seg,data/FUSeg/train/images/0378.png,data/FUSeg/train/labels/0378.png,,,1
fus_00000226,FUSeg,train,seg,data/FUSeg/train/images/0379.png,data/FUSeg/train/labels/0379.png,,,1
fus_00000227,FUSeg,train,seg,data/FUSeg/train/images/0380.png,data/FUSeg/train/labels/0380.png,,,1
fus_00000228,FUSeg,train,seg,data/FUSeg/train/images/0381.png,data/FUSeg/train/labels/0381.png,,,1
fus_00000229,FUSeg,train,seg,data/FUSeg/train/images/0384.png,data/FUSeg/train/labels/0384.png,,,1
fus_00000230,FUSeg,train,seg,data/FUSeg/train/images/0385.png,data/FUSeg/train/labels/0385.png,,,1
fus_00000231,FUSeg,train,seg,data/FUSeg/train/images/0386.png,data/FUSeg/train/labels/0386.png,,,1
fus_00000232,FUSeg,train,seg,data/FUSeg/train/images/0387.png,data/FUSeg/train/labels/0387.png,,,1
fus_00000233,FUSeg,train,seg,data/FUSeg/train/images/0388.png,data/FUSeg/train/labels/0388.png,,,1
fus_00000234,FUSeg,train,seg,data/FUSeg/train/images/0389.png,data/FUSeg/train/labels/0389.png,,,1
fus_00000235,FUSeg,train,seg,data/FUSeg/train/images/0391.png,data/FUSeg/train/labels/0391.png,,,1
fus_00000236,FUSeg,train,seg,data/FUSeg/train/images/0392.png,data/FUSeg/train/labels/0392.png,,,1
fus_00000237,FUSeg,train,seg,data/FUSeg/train/images/0394.png,data/FUSeg/train/labels/0394.png,,,1
fus_00000238,FUSeg,train,seg,data/FUSeg/train/images/0395.png,data/FUSeg/train/labels/0395.png,,,1
fus_00000239,FUSeg,train,seg,data/FUSeg/train/images/0396.png,data/FUSeg/train/labels/0396.png,,,1
fus_00000240,FUSeg,train,seg,data/FUSeg/train/images/0397.png,data/FUSeg/train/labels/0397.png,,,1
fus_00000241,FUSeg,train,seg,data/FUSeg/train/images/0399.png,data/FUSeg/train/labels/0399.png,,,1
fus_00000242,FUSeg,train,seg,data/FUSeg/train/images/0400.png,data/FUSeg/train/labels/0400.png,,,1
fus_00000243,FUSeg,train,seg,data/FUSeg/train/images/0401.png,data/FUSeg/train/labels/0401.png,,,1
fus_00000244,FUSeg,train,seg,data/FUSeg/train/images/0404.png,data/FUSeg/train/labels/0404.png,,,1
fus_00000245,FUSeg,train,seg,data/FUSeg/train/images/0406.png,data/FUSeg/train/labels/0406.png,,,1
fus_00000246,FUSeg,train,seg,data/FUSeg/train/images/0408.png,data/FUSeg/train/labels/0408.png,,,1
fus_00000247,FUSeg,train,seg,data/FUSeg/train/images/0409.png,data/FUSeg/train/labels/0409.png,,,1
fus_00000248,FUSeg,train,seg,data/FUSeg/train/images/0410.png,data/FUSeg/train/labels/0410.png,,,1
fus_00000249,FUSeg,train,seg,data/FUSeg/train/images/0411.png,data/FUSeg/train/labels/0411.png,,,1
fus_00000250,FUSeg,train,seg,data/FUSeg/train/images/0413.png,data/FUSeg/train/labels/0413.png,,,1
fus_00000251,FUSeg,train,seg,data/FUSeg/train/images/0418.png,data/FUSeg/train/labels/0418.png,,,1
fus_00000252,FUSeg,train,seg,data/FUSeg/train/images/0419.png,data/FUSeg/train/labels/0419.png,,,1
fus_00000253,FUSeg,train,seg,data/FUSeg/train/images/0420.png,data/FUSeg/train/labels/0420.png,,,1
fus_00000254,FUSeg,train,seg,data/FUSeg/train/images/0421.png,data/FUSeg/train/labels/0421.png,,,1
fus_00000255,FUSeg,train,seg,data/FUSeg/train/images/0422.png,data/FUSeg/train/labels/0422.png,,,1
fus_00000256,FUSeg,train,seg,data/FUSeg/train/images/0423.png,data/FUSeg/train/labels/0423.png,,,1
fus_00000257,FUSeg,train,seg,data/FUSeg/train/images/0424.png,data/FUSeg/train/labels/0424.png,,,1
fus_00000258,FUSeg,train,seg,data/FUSeg/train/images/0425.png,data/FUSeg/train/labels/0425.png,,,1
fus_00000259,FUSeg,train,seg,data/FUSeg/train/images/0426.png,data/FUSeg/train/labels/0426.png,,,1
fus_00000260,FUSeg,train,seg,data/FUSeg/train/images/0427.png,data/FUSeg/train/labels/0427.png,,,1
fus_00000261,FUSeg,train,seg,data/FUSeg/train/images/0428.png,data/FUSeg/train/labels/0428.png,,,1
fus_00000262,FUSeg,train,seg,data/FUSeg/train/images/0431.png,data/FUSeg/train/labels/0431.png,,,1
fus_00000263,FUSeg,train,seg,data/FUSeg/train/images/0432.png,data/FUSeg/train/labels/0432.png,,,1
fus_00000264,FUSeg,train,seg,data/FUSeg/train/images/0433.png,data/FUSeg/train/labels/0433.png,,,1
fus_00000265,FUSeg,train,seg,data/FUSeg/train/images/0435.png,data/FUSeg/train/labels/0435.png,,,1
fus_00000266,FUSeg,train,seg,data/FUSeg/train/images/0436.png,data/FUSeg/train/labels/0436.png,,,1
fus_00000267,FUSeg,train,seg,data/FUSeg/train/images/0440.png,data/FUSeg/train/labels/0440.png,,,1
fus_00000268,FUSeg,train,seg,data/FUSeg/train/images/0442.png,data/FUSeg/train/labels/0442.png,,,1
fus_00000269,FUSeg,train,seg,data/FUSeg/train/images/0443.png,data/FUSeg/train/labels/0443.png,,,1
fus_00000270,FUSeg,train,seg,data/FUSeg/train/images/0444.png,data/FUSeg/train/labels/0444.png,,,1
fus_00000271,FUSeg,train,seg,data/FUSeg/train/images/0445.png,data/FUSeg/train/labels/0445.png,,,1
fus_00000272,FUSeg,train,seg,data/FUSeg/train/images/0446.png,data/FUSeg/train/labels/0446.png,,,1
fus_00000273,FUSeg,train,seg,data/FUSeg/train/images/0448.png,data/FUSeg/train/labels/0448.png,,,1
fus_00000274,FUSeg,train,seg,data/FUSeg/train/images/0449.png,data/FUSeg/train/labels/0449.png,,,1
fus_00000275,FUSeg,train,seg,data/FUSeg/train/images/0452.png,data/FUSeg/train/labels/0452.png,,,1
fus_00000276,FUSeg,train,seg,data/FUSeg/train/images/0453.png,data/FUSeg/train/labels/0453.png,,,1
fus_00000277,FUSeg,train,seg,data/FUSeg/train/images/0454.png,data/FUSeg/train/labels/0454.png,,,1
fus_00000278,FUSeg,train,seg,data/FUSeg/train/images/0457.png,data/FUSeg/train/labels/0457.png,,,1
fus_00000279,FUSeg,train,seg,data/FUSeg/train/images/0458.png,data/FUSeg/train/labels/0458.png,,,1
fus_00000280,FUSeg,train,seg,data/FUSeg/train/images/0459.png,data/FUSeg/train/labels/0459.png,,,1
fus_00000281,FUSeg,train,seg,data/FUSeg/train/images/0461.png,data/FUSeg/train/labels/0461.png,,,1
fus_00000282,FUSeg,train,seg,data/FUSeg/train/images/0462.png,data/FUSeg/train/labels/0462.png,,,1
fus_00000283,FUSeg,train,seg,data/FUSeg/train/images/0465.png,data/FUSeg/train/labels/0465.png,,,1
fus_00000284,FUSeg,train,seg,data/FUSeg/train/images/0468.png,data/FUSeg/train/labels/0468.png,,,1
fus_00000285,FUSeg,train,seg,data/FUSeg/train/images/0469.png,data/FUSeg/train/labels/0469.png,,,1
fus_00000286,FUSeg,train,seg,data/FUSeg/train/images/0471.png,data/FUSeg/train/labels/0471.png,,,1
fus_00000287,FUSeg,train,seg,data/FUSeg/train/images/0472.png,data/FUSeg/train/labels/0472.png,,,1
fus_00000288,FUSeg,train,seg,data/FUSeg/train/images/0473.png,data/FUSeg/train/labels/0473.png,,,1
fus_00000289,FUSeg,train,seg,data/FUSeg/train/images/0476.png,data/FUSeg/train/labels/0476.png,,,1
fus_00000290,FUSeg,train,seg,data/FUSeg/train/images/0477.png,data/FUSeg/train/labels/0477.png,,,1
fus_00000291,FUSeg,train,seg,data/FUSeg/train/images/0479.png,data/FUSeg/train/labels/0479.png,,,1
fus_00000292,FUSeg,train,seg,data/FUSeg/train/images/0480.png,data/FUSeg/train/labels/0480.png,,,1
fus_00000293,FUSeg,train,seg,data/FUSeg/train/images/0481.png,data/FUSeg/train/labels/0481.png,,,1
fus_00000294,FUSeg,train,seg,data/FUSeg/train/images/0482.png,data/FUSeg/train/labels/0482.png,,,1
fus_00000295,FUSeg,train,seg,data/FUSeg/train/images/0489.png,data/FUSeg/train/labels/0489.png,,,1
fus_00000296,FUSeg,train,seg,data/FUSeg/train/images/0490.png,data/FUSeg/train/labels/0490.png,,,1
fus_00000297,FUSeg,train,seg,data/FUSeg/train/images/0491.png,data/FUSeg/train/labels/0491.png,,,1
fus_00000298,FUSeg,train,seg,data/FUSeg/train/images/0493.png,data/FUSeg/train/labels/0493.png,,,1
fus_00000299,FUSeg,train,seg,data/FUSeg/train/images/0495.png,data/FUSeg/train/labels/0495.png,,,1
fus_00000300,FUSeg,train,seg,data/FUSeg/train/images/0497.png,data/FUSeg/train/labels/0497.png,,,1
fus_00000301,FUSeg,train,seg,data/FUSeg/train/images/0498.png,data/FUSeg/train/labels/0498.png,,,1
fus_00000302,FUSeg,train,seg,data/FUSeg/train/images/0499.png,data/FUSeg/train/labels/0499.png,,,1
fus_00000303,FUSeg,train,seg,data/FUSeg/train/images/0500.png,data/FUSeg/train/labels/0500.png,,,1
fus_00000304,FUSeg,train,seg,data/FUSeg/train/images/0501.png,data/FUSeg/train/labels/0501.png,,,1
fus_00000305,FUSeg,train,seg,data/FUSeg/train/images/0502.png,data/FUSeg/train/labels/0502.png,,,1
fus_00000306,FUSeg,train,seg,data/FUSeg/train/images/0505.png,data/FUSeg/train/labels/0505.png,,,1
fus_00000307,FUSeg,train,seg,data/FUSeg/train/images/0506.png,data/FUSeg/train/labels/0506.png,,,1
fus_00000308,FUSeg,train,seg,data/FUSeg/train/images/0508.png,data/FUSeg/train/labels/0508.png,,,1
fus_00000309,FUSeg,train,seg,data/FUSeg/train/images/0509.png,data/FUSeg/train/labels/0509.png,,,1
fus_00000310,FUSeg,train,seg,data/FUSeg/train/images/0512.png,data/FUSeg/train/labels/0512.png,,,1
fus_00000311,FUSeg,train,seg,data/FUSeg/train/images/0514.png,data/FUSeg/train/labels/0514.png,,,1
fus_00000312,FUSeg,train,seg,data/FUSeg/train/images/0515.png,data/FUSeg/train/labels/0515.png,,,1
fus_00000313,FUSeg,train,seg,data/FUSeg/train/images/0518.png,data/FUSeg/train/labels/0518.png,,,1
fus_00000314,FUSeg,train,seg,data/FUSeg/train/images/0519.png,data/FUSeg/train/labels/0519.png,,,1
fus_00000315,FUSeg,train,seg,data/FUSeg/train/images/0520.png,data/FUSeg/train/labels/0520.png,,,1
fus_00000316,FUSeg,train,seg,data/FUSeg/train/images/0521.png,data/FUSeg/train/labels/0521.png,,,1
fus_00000317,FUSeg,train,seg,data/FUSeg/train/images/0522.png,data/FUSeg/train/labels/0522.png,,,1
fus_00000318,FUSeg,train,seg,data/FUSeg/train/images/0523.png,data/FUSeg/train/labels/0523.png,,,1
fus_00000319,FUSeg,train,seg,data/FUSeg/train/images/0524.png,data/FUSeg/train/labels/0524.png,,,1
fus_00000320,FUSeg,train,seg,data/FUSeg/train/images/0526.png,data/FUSeg/train/labels/0526.png,,,1
fus_00000321,FUSeg,train,seg,data/FUSeg/train/images/0527.png,data/FUSeg/train/labels/0527.png,,,1
fus_00000322,FUSeg,train,seg,data/FUSeg/train/images/0529.png,data/FUSeg/train/labels/0529.png,,,1
fus_00000323,FUSeg,train,seg,data/FUSeg/train/images/0530.png,data/FUSeg/train/labels/0530.png,,,1
fus_00000324,FUSeg,train,seg,data/FUSeg/train/images/0531.png,data/FUSeg/train/labels/0531.png,,,1
fus_00000325,FUSeg,train,seg,data/FUSeg/train/images/0532.png,data/FUSeg/train/labels/0532.png,,,1
fus_00000326,FUSeg,train,seg,data/FUSeg/train/images/0534.png,data/FUSeg/train/labels/0534.png,,,1
fus_00000327,FUSeg,train,seg,data/FUSeg/train/images/0535.png,data/FUSeg/train/labels/0535.png,,,1
fus_00000328,FUSeg,train,seg,data/FUSeg/train/images/0536.png,data/FUSeg/train/labels/0536.png,,,1
fus_00000329,FUSeg,train,seg,data/FUSeg/train/images/0538.png,data/FUSeg/train/labels/0538.png,,,1
fus_00000330,FUSeg,train,seg,data/FUSeg/train/images/0539.png,data/FUSeg/train/labels/0539.png,,,1
fus_00000331,FUSeg,train,seg,data/FUSeg/train/images/0542.png,data/FUSeg/train/labels/0542.png,,,1
fus_00000332,FUSeg,train,seg,data/FUSeg/train/images/0544.png,data/FUSeg/train/labels/0544.png,,,1
fus_00000333,FUSeg,train,seg,data/FUSeg/train/images/0546.png,data/FUSeg/train/labels/0546.png,,,1
fus_00000334,FUSeg,train,seg,data/FUSeg/train/images/0547.png,data/FUSeg/train/labels/0547.png,,,1
fus_00000335,FUSeg,train,seg,data/FUSeg/train/images/0550.png,data/FUSeg/train/labels/0550.png,,,1
fus_00000336,FUSeg,train,seg,data/FUSeg/train/images/0552.png,data/FUSeg/train/labels/0552.png,,,1
fus_00000337,FUSeg,train,seg,data/FUSeg/train/images/0553.png,data/FUSeg/train/labels/0553.png,,,1
fus_00000338,FUSeg,train,seg,data/FUSeg/train/images/0554.png,data/FUSeg/train/labels/0554.png,,,1
fus_00000339,FUSeg,train,seg,data/FUSeg/train/images/0555.png,data/FUSeg/train/labels/0555.png,,,1
fus_00000340,FUSeg,train,seg,data/FUSeg/train/images/0556.png,data/FUSeg/train/labels/0556.png,,,1
fus_00000341,FUSeg,train,seg,data/FUSeg/train/images/0558.png,data/FUSeg/train/labels/0558.png,,,1
fus_00000342,FUSeg,train,seg,data/FUSeg/train/images/0561.png,data/FUSeg/train/labels/0561.png,,,1
fus_00000343,FUSeg,train,seg,data/FUSeg/train/images/0562.png,data/FUSeg/train/labels/0562.png,,,1
fus_00000344,FUSeg,train,seg,data/FUSeg/train/images/0563.png,data/FUSeg/train/labels/0563.png,,,1
fus_00000345,FUSeg,train,seg,data/FUSeg/train/images/0564.png,data/FUSeg/train/labels/0564.png,,,1
fus_00000346,FUSeg,train,seg,data/FUSeg/train/images/0567.png,data/FUSeg/train/labels/0567.png,,,1
fus_00000347,FUSeg,train,seg,data/FUSeg/train/images/0568.png,data/FUSeg/train/labels/0568.png,,,1
fus_00000348,FUSeg,train,seg,data/FUSeg/train/images/0569.png,data/FUSeg/train/labels/0569.png,,,1
fus_00000349,FUSeg,train,seg,data/FUSeg/train/images/0570.png,data/FUSeg/train/labels/0570.png,,,1
fus_00000350,FUSeg,train,seg,data/FUSeg/train/images/0572.png,data/FUSeg/train/labels/0572.png,,,1
fus_00000351,FUSeg,train,seg,data/FUSeg/train/images/0573.png,data/FUSeg/train/labels/0573.png,,,1
fus_00000352,FUSeg,train,seg,data/FUSeg/train/images/0574.png,data/FUSeg/train/labels/0574.png,,,1
fus_00000353,FUSeg,train,seg,data/FUSeg/train/images/0575.png,data/FUSeg/train/labels/0575.png,,,1
fus_00000354,FUSeg,train,seg,data/FUSeg/train/images/0576.png,data/FUSeg/train/labels/0576.png,,,1
fus_00000355,FUSeg,train,seg,data/FUSeg/train/images/0579.png,data/FUSeg/train/labels/0579.png,,,1
fus_00000356,FUSeg,train,seg,data/FUSeg/train/images/0581.png,data/FUSeg/train/labels/0581.png,,,1
fus_00000357,FUSeg,train,seg,data/FUSeg/train/images/0583.png,data/FUSeg/train/labels/0583.png,,,1
fus_00000358,FUSeg,train,seg,data/FUSeg/train/images/0584.png,data/FUSeg/train/labels/0584.png,,,1
fus_00000359,FUSeg,train,seg,data/FUSeg/train/images/0586.png,data/FUSeg/train/labels/0586.png,,,1
fus_00000360,FUSeg,train,seg,data/FUSeg/train/images/0587.png,data/FUSeg/train/labels/0587.png,,,1
fus_00000361,FUSeg,train,seg,data/FUSeg/train/images/0589.png,data/FUSeg/train/labels/0589.png,,,1
fus_00000362,FUSeg,train,seg,data/FUSeg/train/images/0590.png,data/FUSeg/train/labels/0590.png,,,1
fus_00000363,FUSeg,train,seg,data/FUSeg/train/images/0594.png,data/FUSeg/train/labels/0594.png,,,1
fus_00000364,FUSeg,train,seg,data/FUSeg/train/images/0595.png,data/FUSeg/train/labels/0595.png,,,1
fus_00000365,FUSeg,train,seg,data/FUSeg/train/images/0597.png,data/FUSeg/train/labels/0597.png,,,1
fus_00000366,FUSeg,train,seg,data/FUSeg/train/images/0598.png,data/FUSeg/train/labels/0598.png,,,1
fus_00000367,FUSeg,train,seg,data/FUSeg/train/images/0599.png,data/FUSeg/train/labels/0599.png,,,1
fus_00000368,FUSeg,train,seg,data/FUSeg/train/images/0600.png,data/FUSeg/train/labels/0600.png,,,1
fus_00000369,FUSeg,train,seg,data/FUSeg/train/images/0601.png,data/FUSeg/train/labels/0601.png,,,1
fus_00000370,FUSeg,train,seg,data/FUSeg/train/images/0605.png,data/FUSeg/train/labels/0605.png,,,1
fus_00000371,FUSeg,train,seg,data/FUSeg/train/images/0606.png,data/FUSeg/train/labels/0606.png,,,1
fus_00000372,FUSeg,train,seg,data/FUSeg/train/images/0608.png,data/FUSeg/train/labels/0608.png,,,1
fus_00000373,FUSeg,train,seg,data/FUSeg/train/images/0609.png,data/FUSeg/train/labels/0609.png,,,1
fus_00000374,FUSeg,train,seg,data/FUSeg/train/images/0610.png,data/FUSeg/train/labels/0610.png,,,1
fus_00000375,FUSeg,train,seg,data/FUSeg/train/images/0611.png,data/FUSeg/train/labels/0611.png,,,1
fus_00000376,FUSeg,train,seg,data/FUSeg/train/images/0614.png,data/FUSeg/train/labels/0614.png,,,1
fus_00000377,FUSeg,train,seg,data/FUSeg/train/images/0617.png,data/FUSeg/train/labels/0617.png,,,1
fus_00000378,FUSeg,train,seg,data/FUSeg/train/images/0618.png,data/FUSeg/train/labels/0618.png,,,1
fus_00000379,FUSeg,train,seg,data/FUSeg/train/images/0619.png,data/FUSeg/train/labels/0619.png,,,1
fus_00000380,FUSeg,train,seg,data/FUSeg/train/images/0620.png,data/FUSeg/train/labels/0620.png,,,1
fus_00000381,FUSeg,train,seg,data/FUSeg/train/images/0621.png,data/FUSeg/train/labels/0621.png,,,1
fus_00000382,FUSeg,train,seg,data/FUSeg/train/images/0622.png,data/FUSeg/train/labels/0622.png,,,1
fus_00000383,FUSeg,train,seg,data/FUSeg/train/images/0623.png,data/FUSeg/train/labels/0623.png,,,1
fus_00000384,FUSeg,train,seg,data/FUSeg/train/images/0624.png,data/FUSeg/train/labels/0624.png,,,1
fus_00000385,FUSeg,train,seg,data/FUSeg/train/images/0625.png,data/FUSeg/train/labels/0625.png,,,1
fus_00000386,FUSeg,train,seg,data/FUSeg/train/images/0628.png,data/FUSeg/train/labels/0628.png,,,1
fus_00000387,FUSeg,train,seg,data/FUSeg/train/images/0629.png,data/FUSeg/train/labels/0629.png,,,1
fus_00000388,FUSeg,train,seg,data/FUSeg/train/images/0631.png,data/FUSeg/train/labels/0631.png,,,1
fus_00000389,FUSeg,train,seg,data/FUSeg/train/images/0632.png,data/FUSeg/train/labels/0632.png,,,1
fus_00000390,FUSeg,train,seg,data/FUSeg/train/images/0633.png,data/FUSeg/train/labels/0633.png,,,1
fus_00000391,FUSeg,train,seg,data/FUSeg/train/images/0634.png,data/FUSeg/train/labels/0634.png,,,1
fus_00000392,FUSeg,train,seg,data/FUSeg/train/images/0636.png,data/FUSeg/train/labels/0636.png,,,1
fus_00000393,FUSeg,train,seg,data/FUSeg/train/images/0637.png,data/FUSeg/train/labels/0637.png,,,1
fus_00000394,FUSeg,train,seg,data/FUSeg/train/images/0639.png,data/FUSeg/train/labels/0639.png,,,1
fus_00000395,FUSeg,train,seg,data/FUSeg/train/images/0640.png,data/FUSeg/train/labels/0640.png,,,1
fus_00000396,FUSeg,train,seg,data/FUSeg/train/images/0641.png,data/FUSeg/train/labels/0641.png,,,1
fus_00000397,FUSeg,train,seg,data/FUSeg/train/images/0646.png,data/FUSeg/train/labels/0646.png,,,1
fus_00000398,FUSeg,train,seg,data/FUSeg/train/images/0648.png,data/FUSeg/train/labels/0648.png,,,1
fus_00000399,FUSeg,train,seg,data/FUSeg/train/images/0649.png,data/FUSeg/train/labels/0649.png,,,1
fus_00000400,FUSeg,train,seg,data/FUSeg/train/images/0650.png,data/FUSeg/train/labels/0650.png,,,1
fus_00000401,FUSeg,train,seg,data/FUSeg/train/images/0654.png,data/FUSeg/train/labels/0654.png,,,1
fus_00000402,FUSeg,train,seg,data/FUSeg/train/images/0656.png,data/FUSeg/train/labels/0656.png,,,1
fus_00000403,FUSeg,train,seg,data/FUSeg/train/images/0659.png,data/FUSeg/train/labels/0659.png,,,1
fus_00000404,FUSeg,train,seg,data/FUSeg/train/images/0660.png,data/FUSeg/train/labels/0660.png,,,1
fus_00000405,FUSeg,train,seg,data/FUSeg/train/images/0661.png,data/FUSeg/train/labels/0661.png,,,1
fus_00000406,FUSeg,train,seg,data/FUSeg/train/images/0662.png,data/FUSeg/train/labels/0662.png,,,1
fus_00000407,FUSeg,train,seg,data/FUSeg/train/images/0663.png,data/FUSeg/train/labels/0663.png,,,1
fus_00000408,FUSeg,train,seg,data/FUSeg/train/images/0664.png,data/FUSeg/train/labels/0664.png,,,1
fus_00000409,FUSeg,train,seg,data/FUSeg/train/images/0665.png,data/FUSeg/train/labels/0665.png,,,1
fus_00000410,FUSeg,train,seg,data/FUSeg/train/images/0666.png,data/FUSeg/train/labels/0666.png,,,1
fus_00000411,FUSeg,train,seg,data/FUSeg/train/images/0667.png,data/FUSeg/train/labels/0667.png,,,1
fus_00000412,FUSeg,train,seg,data/FUSeg/train/images/0668.png,data/FUSeg/train/labels/0668.png,,,1
fus_00000413,FUSeg,train,seg,data/FUSeg/train/images/0669.png,data/FUSeg/train/labels/0669.png,,,1
fus_00000414,FUSeg,train,seg,data/FUSeg/train/images/0670.png,data/FUSeg/train/labels/0670.png,,,1
fus_00000415,FUSeg,train,seg,data/FUSeg/train/images/0671.png,data/FUSeg/train/labels/0671.png,,,1
fus_00000416,FUSeg,train,seg,data/FUSeg/train/images/0672.png,data/FUSeg/train/labels/0672.png,,,1
fus_00000417,FUSeg,train,seg,data/FUSeg/train/images/0673.png,data/FUSeg/train/labels/0673.png,,,1
fus_00000418,FUSeg,train,seg,data/FUSeg/train/images/0675.png,data/FUSeg/train/labels/0675.png,,,1
fus_00000419,FUSeg,train,seg,data/FUSeg/train/images/0676.png,data/FUSeg/train/labels/0676.png,,,1
fus_00000420,FUSeg,train,seg,data/FUSeg/train/images/0677.png,data/FUSeg/train/labels/0677.png,,,1
fus_00000421,FUSeg,train,seg,data/FUSeg/train/images/0678.png,data/FUSeg/train/labels/0678.png,,,1
fus_00000422,FUSeg,train,seg,data/FUSeg/train/images/0681.png,data/FUSeg/train/labels/0681.png,,,1
fus_00000423,FUSeg,train,seg,data/FUSeg/train/images/0684.png,data/FUSeg/train/labels/0684.png,,,1
fus_00000424,FUSeg,train,seg,data/FUSeg/train/images/0687.png,data/FUSeg/train/labels/0687.png,,,1
fus_00000425,FUSeg,train,seg,data/FUSeg/train/images/0688.png,data/FUSeg/train/labels/0688.png,,,1
fus_00000426,FUSeg,train,seg,data/FUSeg/train/images/0690.png,data/FUSeg/train/labels/0690.png,,,1
fus_00000427,FUSeg,train,seg,data/FUSeg/train/images/0693.png,data/FUSeg/train/labels/0693.png,,,1
fus_00000428,FUSeg,train,seg,data/FUSeg/train/images/0694.png,data/FUSeg/train/labels/0694.png,,,1
fus_00000429,FUSeg,train,seg,data/FUSeg/train/images/0695.png,data/FUSeg/train/labels/0695.png,,,1
fus_00000430,FUSeg,train,seg,data/FUSeg/train/images/0696.png,data/FUSeg/train/labels/0696.png,,,1
fus_00000431,FUSeg,train,seg,data/FUSeg/train/images/0697.png,data/FUSeg/train/labels/0697.png,,,1
fus_00000432,FUSeg,train,seg,data/FUSeg/train/images/0699.png,data/FUSeg/train/labels/0699.png,,,1
fus_00000433,FUSeg,train,seg,data/FUSeg/train/images/0700.png,data/FUSeg/train/labels/0700.png,,,1
fus_00000434,FUSeg,train,seg,data/FUSeg/train/images/0701.png,data/FUSeg/train/labels/0701.png,,,1
fus_00000435,FUSeg,train,seg,data/FUSeg/train/images/0703.png,data/FUSeg/train/labels/0703.png,,,1
fus_00000436,FUSeg,train,seg,data/FUSeg/train/images/0704.png,data/FUSeg/train/labels/0704.png,,,1
fus_00000437,FUSeg,train,seg,data/FUSeg/train/images/0708.png,data/FUSeg/train/labels/0708.png,,,1
fus_00000438,FUSeg,train,seg,data/FUSeg/train/images/0709.png,data/FUSeg/train/labels/0709.png,,,1
fus_00000439,FUSeg,train,seg,data/FUSeg/train/images/0710.png,data/FUSeg/train/labels/0710.png,,,1
fus_00000440,FUSeg,train,seg,data/FUSeg/train/images/0713.png,data/FUSeg/train/labels/0713.png,,,1
fus_00000441,FUSeg,train,seg,data/FUSeg/train/images/0714.png,data/FUSeg/train/labels/0714.png,,,1
fus_00000442,FUSeg,train,seg,data/FUSeg/train/images/0716.png,data/FUSeg/train/labels/0716.png,,,1
fus_00000443,FUSeg,train,seg,data/FUSeg/train/images/0719.png,data/FUSeg/train/labels/0719.png,,,1
fus_00000444,FUSeg,train,seg,data/FUSeg/train/images/0720.png,data/FUSeg/train/labels/0720.png,,,1
fus_00000445,FUSeg,train,seg,data/FUSeg/train/images/0722.png,data/FUSeg/train/labels/0722.png,,,1
fus_00000446,FUSeg,train,seg,data/FUSeg/train/images/0723.png,data/FUSeg/train/labels/0723.png,,,1
fus_00000447,FUSeg,train,seg,data/FUSeg/train/images/0724.png,data/FUSeg/train/labels/0724.png,,,1
fus_00000448,FUSeg,train,seg,data/FUSeg/train/images/0726.png,data/FUSeg/train/labels/0726.png,,,1
fus_00000449,FUSeg,train,seg,data/FUSeg/train/images/0727.png,data/FUSeg/train/labels/0727.png,,,1
fus_00000450,FUSeg,train,seg,data/FUSeg/train/images/0731.png,data/FUSeg/train/labels/0731.png,,,1
fus_00000451,FUSeg,train,seg,data/FUSeg/train/images/0732.png,data/FUSeg/train/labels/0732.png,,,1
fus_00000452,FUSeg,train,seg,data/FUSeg/train/images/0733.png,data/FUSeg/train/labels/0733.png,,,1
fus_00000453,FUSeg,train,seg,data/FUSeg/train/images/0734.png,data/FUSeg/train/labels/0734.png,,,1
fus_00000454,FUSeg,train,seg,data/FUSeg/train/images/0735.png,data/FUSeg/train/labels/0735.png,,,1
fus_00000455,FUSeg,train,seg,data/FUSeg/train/images/0736.png,data/FUSeg/train/labels/0736.png,,,1
fus_00000456,FUSeg,train,seg,data/FUSeg/train/images/0737.png,data/FUSeg/train/labels/0737.png,,,1
fus_00000457,FUSeg,train,seg,data/FUSeg/train/images/0739.png,data/FUSeg/train/labels/0739.png,,,1
fus_00000458,FUSeg,train,seg,data/FUSeg/train/images/0741.png,data/FUSeg/train/labels/0741.png,,,1
fus_00000459,FUSeg,train,seg,data/FUSeg/train/images/0742.png,data/FUSeg/train/labels/0742.png,,,1
fus_00000460,FUSeg,train,seg,data/FUSeg/train/images/0743.png,data/FUSeg/train/labels/0743.png,,,1
fus_00000461,FUSeg,train,seg,data/FUSeg/train/images/0744.png,data/FUSeg/train/labels/0744.png,,,1
fus_00000462,FUSeg,train,seg,data/FUSeg/train/images/0746.png,data/FUSeg/train/labels/0746.png,,,1
fus_00000463,FUSeg,train,seg,data/FUSeg/train/images/0749.png,data/FUSeg/train/labels/0749.png,,,1
fus_00000464,FUSeg,train,seg,data/FUSeg/train/images/0750.png,data/FUSeg/train/labels/0750.png,,,1
fus_00000465,FUSeg,train,seg,data/FUSeg/train/images/0751.png,data/FUSeg/train/labels/0751.png,,,1
fus_00000466,FUSeg,train,seg,data/FUSeg/train/images/0752.png,data/FUSeg/train/labels/0752.png,,,1
fus_00000467,FUSeg,train,seg,data/FUSeg/train/images/0755.png,data/FUSeg/train/labels/0755.png,,,1
fus_00000468,FUSeg,train,seg,data/FUSeg/train/images/0756.png,data/FUSeg/train/labels/0756.png,,,1
fus_00000469,FUSeg,train,seg,data/FUSeg/train/images/0758.png,data/FUSeg/train/labels/0758.png,,,1
fus_00000470,FUSeg,train,seg,data/FUSeg/train/images/0759.png,data/FUSeg/train/labels/0759.png,,,1
fus_00000471,FUSeg,train,seg,data/FUSeg/train/images/0760.png,data/FUSeg/train/labels/0760.png,,,1
fus_00000472,FUSeg,train,seg,data/FUSeg/train/images/0762.png,data/FUSeg/train/labels/0762.png,,,1
fus_00000473,FUSeg,train,seg,data/FUSeg/train/images/0764.png,data/FUSeg/train/labels/0764.png,,,1
fus_00000474,FUSeg,train,seg,data/FUSeg/train/images/0766.png,data/FUSeg/train/labels/0766.png,,,1
fus_00000475,FUSeg,train,seg,data/FUSeg/train/images/0767.png,data/FUSeg/train/labels/0767.png,,,1
fus_00000476,FUSeg,train,seg,data/FUSeg/train/images/0769.png,data/FUSeg/train/labels/0769.png,,,1
fus_00000477,FUSeg,train,seg,data/FUSeg/train/images/0771.png,data/FUSeg/train/labels/0771.png,,,1
fus_00000478,FUSeg,train,seg,data/FUSeg/train/images/0772.png,data/FUSeg/train/labels/0772.png,,,1
fus_00000479,FUSeg,train,seg,data/FUSeg/train/images/0773.png,data/FUSeg/train/labels/0773.png,,,1
fus_00000480,FUSeg,train,seg,data/FUSeg/train/images/0774.png,data/FUSeg/train/labels/0774.png,,,1
fus_00000481,FUSeg,train,seg,data/FUSeg/train/images/0776.png,data/FUSeg/train/labels/0776.png,,,1
fus_00000482,FUSeg,train,seg,data/FUSeg/train/images/0777.png,data/FUSeg/train/labels/0777.png,,,1
fus_00000483,FUSeg,train,seg,data/FUSeg/train/images/0778.png,data/FUSeg/train/labels/0778.png,,,1
fus_00000484,FUSeg,train,seg,data/FUSeg/train/images/0779.png,data/FUSeg/train/labels/0779.png,,,1
fus_00000485,FUSeg,train,seg,data/FUSeg/train/images/0780.png,data/FUSeg/train/labels/0780.png,,,1
fus_00000486,FUSeg,train,seg,data/FUSeg/train/images/0782.png,data/FUSeg/train/labels/0782.png,,,1
fus_00000487,FUSeg,train,seg,data/FUSeg/train/images/0783.png,data/FUSeg/train/labels/0783.png,,,1
fus_00000488,FUSeg,train,seg,data/FUSeg/train/images/0784.png,data/FUSeg/train/labels/0784.png,,,1
fus_00000489,FUSeg,train,seg,data/FUSeg/train/images/0785.png,data/FUSeg/train/labels/0785.png,,,1
fus_00000490,FUSeg,train,seg,data/FUSeg/train/images/0787.png,data/FUSeg/train/labels/0787.png,,,1
fus_00000491,FUSeg,train,seg,data/FUSeg/train/images/0788.png,data/FUSeg/train/labels/0788.png,,,1
fus_00000492,FUSeg,train,seg,data/FUSeg/train/images/0789.png,data/FUSeg/train/labels/0789.png,,,1
fus_00000493,FUSeg,train,seg,data/FUSeg/train/images/0790.png,data/FUSeg/train/labels/0790.png,,,1
fus_00000494,FUSeg,train,seg,data/FUSeg/train/images/0791.png,data/FUSeg/train/labels/0791.png,,,1
fus_00000495,FUSeg,train,seg,data/FUSeg/train/images/0792.png,data/FUSeg/train/labels/0792.png,,,1
fus_00000496,FUSeg,train,seg,data/FUSeg/train/images/0794.png,data/FUSeg/train/labels/0794.png,,,1
fus_00000497,FUSeg,train,seg,data/FUSeg/train/images/0799.png,data/FUSeg/train/labels/0799.png,,,1
fus_00000498,FUSeg,train,seg,data/FUSeg/train/images/0800.png,data/FUSeg/train/labels/0800.png,,,1
fus_00000499,FUSeg,train,seg,data/FUSeg/train/images/0801.png,data/FUSeg/train/labels/0801.png,,,1
fus_00000500,FUSeg,train,seg,data/FUSeg/train/images/0803.png,data/FUSeg/train/labels/0803.png,,,1
fus_00000501,FUSeg,train,seg,data/FUSeg/train/images/0804.png,data/FUSeg/train/labels/0804.png,,,1
fus_00000502,FUSeg,train,seg,data/FUSeg/train/images/0805.png,data/FUSeg/train/labels/0805.png,,,1
fus_00000503,FUSeg,train,seg,data/FUSeg/train/images/0810.png,data/FUSeg/train/labels/0810.png,,,1
fus_00000504,FUSeg,train,seg,data/FUSeg/train/images/0811.png,data/FUSeg/train/labels/0811.png,,,1
fus_00000505,FUSeg,train,seg,data/FUSeg/train/images/0815.png,data/FUSeg/train/labels/0815.png,,,1
fus_00000506,FUSeg,train,seg,data/FUSeg/train/images/0817.png,data/FUSeg/train/labels/0817.png,,,1
fus_00000507,FUSeg,train,seg,data/FUSeg/train/images/0819.png,data/FUSeg/train/labels/0819.png,,,1
fus_00000508,FUSeg,train,seg,data/FUSeg/train/images/0821.png,data/FUSeg/train/labels/0821.png,,,1
fus_00000509,FUSeg,train,seg,data/FUSeg/train/images/0822.png,data/FUSeg/train/labels/0822.png,,,1
fus_00000510,FUSeg,train,seg,data/FUSeg/train/images/0823.png,data/FUSeg/train/labels/0823.png,,,1
fus_00000511,FUSeg,train,seg,data/FUSeg/train/images/0826.png,data/FUSeg/train/labels/0826.png,,,1
fus_00000512,FUSeg,train,seg,data/FUSeg/train/images/0828.png,data/FUSeg/train/labels/0828.png,,,1
fus_00000513,FUSeg,train,seg,data/FUSeg/train/images/0829.png,data/FUSeg/train/labels/0829.png,,,1
fus_00000514,FUSeg,train,seg,data/FUSeg/train/images/0836.png,data/FUSeg/train/labels/0836.png,,,1
fus_00000515,FUSeg,train,seg,data/FUSeg/train/images/0838.png,data/FUSeg/train/labels/0838.png,,,1
fus_00000516,FUSeg,train,seg,data/FUSeg/train/images/0839.png,data/FUSeg/train/labels/0839.png,,,1
fus_00000517,FUSeg,train,seg,data/FUSeg/train/images/0840.png,data/FUSeg/train/labels/0840.png,,,1
fus_00000518,FUSeg,train,seg,data/FUSeg/train/images/0841.png,data/FUSeg/train/labels/0841.png,,,1
fus_00000519,FUSeg,train,seg,data/FUSeg/train/images/0843.png,data/FUSeg/train/labels/0843.png,,,1
fus_00000520,FUSeg,train,seg,data/FUSeg/train/images/0845.png,data/FUSeg/train/labels/0845.png,,,1
fus_00000521,FUSeg,train,seg,data/FUSeg/train/images/0846.png,data/FUSeg/train/labels/0846.png,,,1
fus_00000522,FUSeg,train,seg,data/FUSeg/train/images/0848.png,data/FUSeg/train/labels/0848.png,,,1
fus_00000523,FUSeg,train,seg,data/FUSeg/train/images/0850.png,data/FUSeg/train/labels/0850.png,,,1
fus_00000524,FUSeg,train,seg,data/FUSeg/train/images/0852.png,data/FUSeg/train/labels/0852.png,,,1
fus_00000525,FUSeg,train,seg,data/FUSeg/train/images/0853.png,data/FUSeg/train/labels/0853.png,,,1
fus_00000526,FUSeg,train,seg,data/FUSeg/train/images/0854.png,data/FUSeg/train/labels/0854.png,,,1
fus_00000527,FUSeg,train,seg,data/FUSeg/train/images/0856.png,data/FUSeg/train/labels/0856.png,,,1
fus_00000528,FUSeg,train,seg,data/FUSeg/train/images/0857.png,data/FUSeg/train/labels/0857.png,,,1
fus_00000529,FUSeg,train,seg,data/FUSeg/train/images/0858.png,data/FUSeg/train/labels/0858.png,,,1
fus_00000530,FUSeg,train,seg,data/FUSeg/train/images/0859.png,data/FUSeg/train/labels/0859.png,,,1
fus_00000531,FUSeg,train,seg,data/FUSeg/train/images/0860.png,data/FUSeg/train/labels/0860.png,,,1
fus_00000532,FUSeg,train,seg,data/FUSeg/train/images/0862.png,data/FUSeg/train/labels/0862.png,,,1
fus_00000533,FUSeg,train,seg,data/FUSeg/train/images/0863.png,data/FUSeg/train/labels/0863.png,,,1
fus_00000534,FUSeg,train,seg,data/FUSeg/train/images/0864.png,data/FUSeg/train/labels/0864.png,,,1
fus_00000535,FUSeg,train,seg,data/FUSeg/train/images/0868.png,data/FUSeg/train/labels/0868.png,,,1
fus_00000536,FUSeg,train,seg,data/FUSeg/train/images/0870.png,data/FUSeg/train/labels/0870.png,,,1
fus_00000537,FUSeg,train,seg,data/FUSeg/train/images/0872.png,data/FUSeg/train/labels/0872.png,,,1
fus_00000538,FUSeg,train,seg,data/FUSeg/train/images/0875.png,data/FUSeg/train/labels/0875.png,,,1
fus_00000539,FUSeg,train,seg,data/FUSeg/train/images/0876.png,data/FUSeg/train/labels/0876.png,,,1
fus_00000540,FUSeg,train,seg,data/FUSeg/train/images/0878.png,data/FUSeg/train/labels/0878.png,,,1
fus_00000541,FUSeg,train,seg,data/FUSeg/train/images/0879.png,data/FUSeg/train/labels/0879.png,,,1
fus_00000542,FUSeg,train,seg,data/FUSeg/train/images/0883.png,data/FUSeg/train/labels/0883.png,,,1
fus_00000543,FUSeg,train,seg,data/FUSeg/train/images/0884.png,data/FUSeg/train/labels/0884.png,,,1
fus_00000544,FUSeg,train,seg,data/FUSeg/train/images/0885.png,data/FUSeg/train/labels/0885.png,,,1
fus_00000545,FUSeg,train,seg,data/FUSeg/train/images/0886.png,data/FUSeg/train/labels/0886.png,,,1
fus_00000546,FUSeg,train,seg,data/FUSeg/train/images/0888.png,data/FUSeg/train/labels/0888.png,,,1
fus_00000547,FUSeg,train,seg,data/FUSeg/train/images/0889.png,data/FUSeg/train/labels/0889.png,,,1
fus_00000548,FUSeg,train,seg,data/FUSeg/train/images/0891.png,data/FUSeg/train/labels/0891.png,,,1
fus_00000549,FUSeg,train,seg,data/FUSeg/train/images/0892.png,data/FUSeg/train/labels/0892.png,,,1
fus_00000550,FUSeg,train,seg,data/FUSeg/train/images/0893.png,data/FUSeg/train/labels/0893.png,,,1
fus_00000551,FUSeg,train,seg,data/FUSeg/train/images/0896.png,data/FUSeg/train/labels/0896.png,,,1
fus_00000552,FUSeg,train,seg,data/FUSeg/train/images/0898.png,data/FUSeg/train/labels/0898.png,,,1
fus_00000553,FUSeg,train,seg,data/FUSeg/train/images/0899.png,data/FUSeg/train/labels/0899.png,,,1
fus_00000554,FUSeg,train,seg,data/FUSeg/train/images/0903.png,data/FUSeg/train/labels/0903.png,,,1
fus_00000555,FUSeg,train,seg,data/FUSeg/train/images/0907.png,data/FUSeg/train/labels/0907.png,,,1
fus_00000556,FUSeg,train,seg,data/FUSeg/train/images/0908.png,data/FUSeg/train/labels/0908.png,,,1
fus_00000557,FUSeg,train,seg,data/FUSeg/train/images/0909.png,data/FUSeg/train/labels/0909.png,,,1
fus_00000558,FUSeg,train,seg,data/FUSeg/train/images/0910.png,data/FUSeg/train/labels/0910.png,,,1
fus_00000559,FUSeg,train,seg,data/FUSeg/train/images/0911.png,data/FUSeg/train/labels/0911.png,,,1
fus_00000560,FUSeg,train,seg,data/FUSeg/train/images/0915.png,data/FUSeg/train/labels/0915.png,,,1
fus_00000561,FUSeg,train,seg,data/FUSeg/train/images/0916.png,data/FUSeg/train/labels/0916.png,,,1
fus_00000562,FUSeg,train,seg,data/FUSeg/train/images/0917.png,data/FUSeg/train/labels/0917.png,,,1
fus_00000563,FUSeg,train,seg,data/FUSeg/train/images/0918.png,data/FUSeg/train/labels/0918.png,,,1
fus_00000564,FUSeg,train,seg,data/FUSeg/train/images/0919.png,data/FUSeg/train/labels/0919.png,,,1
fus_00000565,FUSeg,train,seg,data/FUSeg/train/images/0920.png,data/FUSeg/train/labels/0920.png,,,1
fus_00000566,FUSeg,train,seg,data/FUSeg/train/images/0921.png,data/FUSeg/train/labels/0921.png,,,1
fus_00000567,FUSeg,train,seg,data/FUSeg/train/images/0923.png,data/FUSeg/train/labels/0923.png,,,1
fus_00000568,FUSeg,train,seg,data/FUSeg/train/images/0924.png,data/FUSeg/train/labels/0924.png,,,1
fus_00000569,FUSeg,train,seg,data/FUSeg/train/images/0925.png,data/FUSeg/train/labels/0925.png,,,1
fus_00000570,FUSeg,train,seg,data/FUSeg/train/images/0926.png,data/FUSeg/train/labels/0926.png,,,1
fus_00000571,FUSeg,train,seg,data/FUSeg/train/images/0927.png,data/FUSeg/train/labels/0927.png,,,1
fus_00000572,FUSeg,train,seg,data/FUSeg/train/images/0930.png,data/FUSeg/train/labels/0930.png,,,1
fus_00000573,FUSeg,train,seg,data/FUSeg/train/images/0932.png,data/FUSeg/train/labels/0932.png,,,1
fus_00000574,FUSeg,train,seg,data/FUSeg/train/images/0934.png,data/FUSeg/train/labels/0934.png,,,1
fus_00000575,FUSeg,train,seg,data/FUSeg/train/images/0935.png,data/FUSeg/train/labels/0935.png,,,1
fus_00000576,FUSeg,train,seg,data/FUSeg/train/images/0938.png,data/FUSeg/train/labels/0938.png,,,1
fus_00000577,FUSeg,train,seg,data/FUSeg/train/images/0939.png,data/FUSeg/train/labels/0939.png,,,1
fus_00000578,FUSeg,train,seg,data/FUSeg/train/images/0941.png,data/FUSeg/train/labels/0941.png,,,1
fus_00000579,FUSeg,train,seg,data/FUSeg/train/images/0944.png,data/FUSeg/train/labels/0944.png,,,1
fus_00000580,FUSeg,train,seg,data/FUSeg/train/images/0945.png,data/FUSeg/train/labels/0945.png,,,1
fus_00000581,FUSeg,train,seg,data/FUSeg/train/images/0950.png,data/FUSeg/train/labels/0950.png,,,1
fus_00000582,FUSeg,train,seg,data/FUSeg/train/images/0952.png,data/FUSeg/train/labels/0952.png,,,1
fus_00000583,FUSeg,train,seg,data/FUSeg/train/images/0953.png,data/FUSeg/train/labels/0953.png,,,1
fus_00000584,FUSeg,train,seg,data/FUSeg/train/images/0956.png,data/FUSeg/train/labels/0956.png,,,1
fus_00000585,FUSeg,train,seg,data/FUSeg/train/images/0957.png,data/FUSeg/train/labels/0957.png,,,1
fus_00000586,FUSeg,train,seg,data/FUSeg/train/images/0959.png,data/FUSeg/train/labels/0959.png,,,1
fus_00000587,FUSeg,train,seg,data/FUSeg/train/images/0965.png,data/FUSeg/train/labels/0965.png,,,1
fus_00000588,FUSeg,train,seg,data/FUSeg/train/images/0967.png,data/FUSeg/train/labels/0967.png,,,1
fus_00000589,FUSeg,train,seg,data/FUSeg/train/images/0969.png,data/FUSeg/train/labels/0969.png,,,1
fus_00000590,FUSeg,train,seg,data/FUSeg/train/images/0970.png,data/FUSeg/train/labels/0970.png,,,1
fus_00000591,FUSeg,train,seg,data/FUSeg/train/images/0972.png,data/FUSeg/train/labels/0972.png,,,1
fus_00000592,FUSeg,train,seg,data/FUSeg/train/images/0975.png,data/FUSeg/train/labels/0975.png,,,1
fus_00000593,FUSeg,train,seg,data/FUSeg/train/images/0977.png,data/FUSeg/train/labels/0977.png,,,1
fus_00000594,FUSeg,train,seg,data/FUSeg/train/images/0981.png,data/FUSeg/train/labels/0981.png,,,1
fus_00000595,FUSeg,train,seg,data/FUSeg/train/images/0984.png,data/FUSeg/train/labels/0984.png,,,1
fus_00000596,FUSeg,train,seg,data/FUSeg/train/images/0986.png,data/FUSeg/train/labels/0986.png,,,1
fus_00000597,FUSeg,train,seg,data/FUSeg/train/images/0987.png,data/FUSeg/train/labels/0987.png,,,1
fus_00000598,FUSeg,train,seg,data/FUSeg/train/images/0989.png,data/FUSeg/train/labels/0989.png,,,1
fus_00000599,FUSeg,train,seg,data/FUSeg/train/images/0990.png,data/FUSeg/train/labels/0990.png,,,1
fus_00000600,FUSeg,train,seg,data/FUSeg/train/images/0991.png,data/FUSeg/train/labels/0991.png,,,1
fus_00000601,FUSeg,train,seg,data/FUSeg/train/images/0994.png,data/FUSeg/train/labels/0994.png,,,1
fus_00000602,FUSeg,train,seg,data/FUSeg/train/images/0995.png,data/FUSeg/train/labels/0995.png,,,1
fus_00000603,FUSeg,train,seg,data/FUSeg/train/images/0997.png,data/FUSeg/train/labels/0997.png,,,1
fus_00000604,FUSeg,train,seg,data/FUSeg/train/images/0998.png,data/FUSeg/train/labels/0998.png,,,1
fus_00000605,FUSeg,train,seg,data/FUSeg/train/images/1002.png,data/FUSeg/train/labels/1002.png,,,1
fus_00000606,FUSeg,train,seg,data/FUSeg/train/images/1005.png,data/FUSeg/train/labels/1005.png,,,1
fus_00000607,FUSeg,train,seg,data/FUSeg/train/images/1006.png,data/FUSeg/train/labels/1006.png,,,1
fus_00000608,FUSeg,train,seg,data/FUSeg/train/images/1007.png,data/FUSeg/train/labels/1007.png,,,1
fus_00000609,FUSeg,train,seg,data/FUSeg/train/images/1010.png,data/FUSeg/train/labels/1010.png,,,1
fus_00000610,FUSeg,val,seg,data/FUSeg/val/images/0001.png,data/FUSeg/val/labels/0001.png,,,1
fus_00000611,FUSeg,val,seg,data/FUSeg/val/images/0002.png,data/FUSeg/val/labels/0002.png,,,1
fus_00000612,FUSeg,val,seg,data/FUSeg/val/images/0003.png,data/FUSeg/val/labels/0003.png,,,1
fus_00000613,FUSeg,val,seg,data/FUSeg/val/images/0004.png,data/FUSeg/val/labels/0004.png,,,1
fus_00000614,FUSeg,val,seg,data/FUSeg/val/images/0005.png,data/FUSeg/val/labels/0005.png,,,1
fus_00000615,FUSeg,val,seg,data/FUSeg/val/images/0006.png,data/FUSeg/val/labels/0006.png,,,1
fus_00000616,FUSeg,val,seg,data/FUSeg/val/images/0007.png,data/FUSeg/val/labels/0007.png,,,1
fus_00000617,FUSeg,val,seg,data/FUSeg/val/images/0008.png,data/FUSeg/val/labels/0008.png,,,1
fus_00000618,FUSeg,val,seg,data/FUSeg/val/images/0009.png,data/FUSeg/val/labels/0009.png,,,1
fus_00000619,FUSeg,val,seg,data/FUSeg/val/images/0010.png,data/FUSeg/val/labels/0010.png,,,1
fus_00000620,FUSeg,val,seg,data/FUSeg/val/images/0011.png,data/FUSeg/val/labels/0011.png,,,1
fus_00000621,FUSeg,val,seg,data/FUSeg/val/images/0014.png,data/FUSeg/val/labels/0014.png,,,1
fus_00000622,FUSeg,val,seg,data/FUSeg/val/images/0017.png,data/FUSeg/val/labels/0017.png,,,1
fus_00000623,FUSeg,val,seg,data/FUSeg/val/images/0022.png,data/FUSeg/val/labels/0022.png,,,1
fus_00000624,FUSeg,val,seg,data/FUSeg/val/images/0025.png,data/FUSeg/val/labels/0025.png,,,1
fus_00000625,FUSeg,val,seg,data/FUSeg/val/images/0030.png,data/FUSeg/val/labels/0030.png,,,1
fus_00000626,FUSeg,val,seg,data/FUSeg/val/images/0032.png,data/FUSeg/val/labels/0032.png,,,1
fus_00000627,FUSeg,val,seg,data/FUSeg/val/images/0033.png,data/FUSeg/val/labels/0033.png,,,1
fus_00000628,FUSeg,val,seg,data/FUSeg/val/images/0039.png,data/FUSeg/val/labels/0039.png,,,1
fus_00000629,FUSeg,val,seg,data/FUSeg/val/images/0041.png,data/FUSeg/val/labels/0041.png,,,1
fus_00000630,FUSeg,val,seg,data/FUSeg/val/images/0044.png,data/FUSeg/val/labels/0044.png,,,1
fus_00000631,FUSeg,val,seg,data/FUSeg/val/images/0046.png,data/FUSeg/val/labels/0046.png,,,1
fus_00000632,FUSeg,val,seg,data/FUSeg/val/images/0047.png,data/FUSeg/val/labels/0047.png,,,1
fus_00000633,FUSeg,val,seg,data/FUSeg/val/images/0048.png,data/FUSeg/val/labels/0048.png,,,1
fus_00000634,FUSeg,val,seg,data/FUSeg/val/images/0057.png,data/FUSeg/val/labels/0057.png,,,1
fus_00000635,FUSeg,val,seg,data/FUSeg/val/images/0058.png,data/FUSeg/val/labels/0058.png,,,1
fus_00000636,FUSeg,val,seg,data/FUSeg/val/images/0062.png,data/FUSeg/val/labels/0062.png,,,1
fus_00000637,FUSeg,val,seg,data/FUSeg/val/images/0063.png,data/FUSeg/val/labels/0063.png,,,1
fus_00000638,FUSeg,val,seg,data/FUSeg/val/images/0065.png,data/FUSeg/val/labels/0065.png,,,1
fus_00000639,FUSeg,val,seg,data/FUSeg/val/images/0067.png,data/FUSeg/val/labels/0067.png,,,1
fus_00000640,FUSeg,val,seg,data/FUSeg/val/images/0068.png,data/FUSeg/val/labels/0068.png,,,1
fus_00000641,FUSeg,val,seg,data/FUSeg/val/images/0077.png,data/FUSeg/val/labels/0077.png,,,1
fus_00000642,FUSeg,val,seg,data/FUSeg/val/images/0078.png,data/FUSeg/val/labels/0078.png,,,1
fus_00000643,FUSeg,val,seg,data/FUSeg/val/images/0079.png,data/FUSeg/val/labels/0079.png,,,1
fus_00000644,FUSeg,val,seg,data/FUSeg/val/images/0081.png,data/FUSeg/val/labels/0081.png,,,1
fus_00000645,FUSeg,val,seg,data/FUSeg/val/images/0082.png,data/FUSeg/val/labels/0082.png,,,1
fus_00000646,FUSeg,val,seg,data/FUSeg/val/images/0085.png,data/FUSeg/val/labels/0085.png,,,1
fus_00000647,FUSeg,val,seg,data/FUSeg/val/images/0089.png,data/FUSeg/val/labels/0089.png,,,1
fus_00000648,FUSeg,val,seg,data/FUSeg/val/images/0090.png,data/FUSeg/val/labels/0090.png,,,1
fus_00000649,FUSeg,val,seg,data/FUSeg/val/images/0092.png,data/FUSeg/val/labels/0092.png,,,1
fus_00000650,FUSeg,val,seg,data/FUSeg/val/images/0095.png,data/FUSeg/val/labels/0095.png,,,1
fus_00000651,FUSeg,val,seg,data/FUSeg/val/images/0096.png,data/FUSeg/val/labels/0096.png,,,1
fus_00000652,FUSeg,val,seg,data/FUSeg/val/images/0097.png,data/FUSeg/val/labels/0097.png,,,1
fus_00000653,FUSeg,val,seg,data/FUSeg/val/images/0099.png,data/FUSeg/val/labels/0099.png,,,1
fus_00000654,FUSeg,val,seg,data/FUSeg/val/images/0106.png,data/FUSeg/val/labels/0106.png,,,1
fus_00000655,FUSeg,val,seg,data/FUSeg/val/images/0107.png,data/FUSeg/val/labels/0107.png,,,1
fus_00000656,FUSeg,val,seg,data/FUSeg/val/images/0108.png,data/FUSeg/val/labels/0108.png,,,1
fus_00000657,FUSeg,val,seg,data/FUSeg/val/images/0109.png,data/FUSeg/val/labels/0109.png,,,1
fus_00000658,FUSeg,val,seg,data/FUSeg/val/images/0115.png,data/FUSeg/val/labels/0115.png,,,1
fus_00000659,FUSeg,val,seg,data/FUSeg/val/images/0117.png,data/FUSeg/val/labels/0117.png,,,1
fus_00000660,FUSeg,val,seg,data/FUSeg/val/images/0121.png,data/FUSeg/val/labels/0121.png,,,1
fus_00000661,FUSeg,val,seg,data/FUSeg/val/images/0122.png,data/FUSeg/val/labels/0122.png,,,1
fus_00000662,FUSeg,val,seg,data/FUSeg/val/images/0123.png,data/FUSeg/val/labels/0123.png,,,1
fus_00000663,FUSeg,val,seg,data/FUSeg/val/images/0124.png,data/FUSeg/val/labels/0124.png,,,1
fus_00000664,FUSeg,val,seg,data/FUSeg/val/images/0125.png,data/FUSeg/val/labels/0125.png,,,1
fus_00000665,FUSeg,val,seg,data/FUSeg/val/images/0126.png,data/FUSeg/val/labels/0126.png,,,1
fus_00000666,FUSeg,val,seg,data/FUSeg/val/images/0128.png,data/FUSeg/val/labels/0128.png,,,1
fus_00000667,FUSeg,val,seg,data/FUSeg/val/images/0131.png,data/FUSeg/val/labels/0131.png,,,1
fus_00000668,FUSeg,val,seg,data/FUSeg/val/images/0133.png,data/FUSeg/val/labels/0133.png,,,1
fus_00000669,FUSeg,val,seg,data/FUSeg/val/images/0134.png,data/FUSeg/val/labels/0134.png,,,1
fus_00000670,FUSeg,val,seg,data/FUSeg/val/images/0136.png,data/FUSeg/val/labels/0136.png,,,1
fus_00000671,FUSeg,val,seg,data/FUSeg/val/images/0138.png,data/FUSeg/val/labels/0138.png,,,1
fus_00000672,FUSeg,val,seg,data/FUSeg/val/images/0139.png,data/FUSeg/val/labels/0139.png,,,1
fus_00000673,FUSeg,val,seg,data/FUSeg/val/images/0143.png,data/FUSeg/val/labels/0143.png,,,1
fus_00000674,FUSeg,val,seg,data/FUSeg/val/images/0144.png,data/FUSeg/val/labels/0144.png,,,1
fus_00000675,FUSeg,val,seg,data/FUSeg/val/images/0146.png,data/FUSeg/val/labels/0146.png,,,1
fus_00000676,FUSeg,val,seg,data/FUSeg/val/images/0149.png,data/FUSeg/val/labels/0149.png,,,1
fus_00000677,FUSeg,val,seg,data/FUSeg/val/images/0151.png,data/FUSeg/val/labels/0151.png,,,1
fus_00000678,FUSeg,val,seg,data/FUSeg/val/images/0154.png,data/FUSeg/val/labels/0154.png,,,1
fus_00000679,FUSeg,val,seg,data/FUSeg/val/images/0164.png,data/FUSeg/val/labels/0164.png,,,1
fus_00000680,FUSeg,val,seg,data/FUSeg/val/images/0165.png,data/FUSeg/val/labels/0165.png,,,1
fus_00000681,FUSeg,val,seg,data/FUSeg/val/images/0166.png,data/FUSeg/val/labels/0166.png,,,1
fus_00000682,FUSeg,val,seg,data/FUSeg/val/images/0169.png,data/FUSeg/val/labels/0169.png,,,1
fus_00000683,FUSeg,val,seg,data/FUSeg/val/images/0177.png,data/FUSeg/val/labels/0177.png,,,1
fus_00000684,FUSeg,val,seg,data/FUSeg/val/images/0180.png,data/FUSeg/val/labels/0180.png,,,1
fus_00000685,FUSeg,val,seg,data/FUSeg/val/images/0181.png,data/FUSeg/val/labels/0181.png,,,1
fus_00000686,FUSeg,val,seg,data/FUSeg/val/images/0182.png,data/FUSeg/val/labels/0182.png,,,1
fus_00000687,FUSeg,val,seg,data/FUSeg/val/images/0186.png,data/FUSeg/val/labels/0186.png,,,1
fus_00000688,FUSeg,val,seg,data/FUSeg/val/images/0190.png,data/FUSeg/val/labels/0190.png,,,1
fus_00000689,FUSeg,val,seg,data/FUSeg/val/images/0192.png,data/FUSeg/val/labels/0192.png,,,1
fus_00000690,FUSeg,val,seg,data/FUSeg/val/images/0198.png,data/FUSeg/val/labels/0198.png,,,1
fus_00000691,FUSeg,val,seg,data/FUSeg/val/images/0201.png,data/FUSeg/val/labels/0201.png,,,1
fus_00000692,FUSeg,val,seg,data/FUSeg/val/images/0202.png,data/FUSeg/val/labels/0202.png,,,1
fus_00000693,FUSeg,val,seg,data/FUSeg/val/images/0203.png,data/FUSeg/val/labels/0203.png,,,1
fus_00000694,FUSeg,val,seg,data/FUSeg/val/images/0205.png,data/FUSeg/val/labels/0205.png,,,1
fus_00000695,FUSeg,val,seg,data/FUSeg/val/images/0207.png,data/FUSeg/val/labels/0207.png,,,1
fus_00000696,FUSeg,val,seg,data/FUSeg/val/images/0208.png,data/FUSeg/val/labels/0208.png,,,1
fus_00000697,FUSeg,val,seg,data/FUSeg/val/images/0210.png,data/FUSeg/val/labels/0210.png,,,1
fus_00000698,FUSeg,val,seg,data/FUSeg/val/images/0211.png,data/FUSeg/val/labels/0211.png,,,1
fus_00000699,FUSeg,val,seg,data/FUSeg/val/images/0212.png,data/FUSeg/val/labels/0212.png,,,1
fus_00000700,FUSeg,val,seg,data/FUSeg/val/images/0213.png,data/FUSeg/val/labels/0213.png,,,1
fus_00000701,FUSeg,val,seg,data/FUSeg/val/images/0214.png,data/FUSeg/val/labels/0214.png,,,1
fus_00000702,FUSeg,val,seg,data/FUSeg/val/images/0217.png,data/FUSeg/val/labels/0217.png,,,1
fus_00000703,FUSeg,val,seg,data/FUSeg/val/images/0223.png,data/FUSeg/val/labels/0223.png,,,1
fus_00000704,FUSeg,val,seg,data/FUSeg/val/images/0230.png,data/FUSeg/val/labels/0230.png,,,1
fus_00000705,FUSeg,val,seg,data/FUSeg/val/images/0233.png,data/FUSeg/val/labels/0233.png,,,1
fus_00000706,FUSeg,val,seg,data/FUSeg/val/images/0235.png,data/FUSeg/val/labels/0235.png,,,1
fus_00000707,FUSeg,val,seg,data/FUSeg/val/images/0245.png,data/FUSeg/val/labels/0245.png,,,1
fus_00000708,FUSeg,val,seg,data/FUSeg/val/images/0247.png,data/FUSeg/val/labels/0247.png,,,1
fus_00000709,FUSeg,val,seg,data/FUSeg/val/images/0251.png,data/FUSeg/val/labels/0251.png,,,1
fus_00000710,FUSeg,val,seg,data/FUSeg/val/images/0255.png,data/FUSeg/val/labels/0255.png,,,1
fus_00000711,FUSeg,val,seg,data/FUSeg/val/images/0256.png,data/FUSeg/val/labels/0256.png,,,1
fus_00000712,FUSeg,val,seg,data/FUSeg/val/images/0259.png,data/FUSeg/val/labels/0259.png,,,1
fus_00000713,FUSeg,val,seg,data/FUSeg/val/images/0262.png,data/FUSeg/val/labels/0262.png,,,1
fus_00000714,FUSeg,val,seg,data/FUSeg/val/images/0269.png,data/FUSeg/val/labels/0269.png,,,1
fus_00000715,FUSeg,val,seg,data/FUSeg/val/images/0271.png,data/FUSeg/val/labels/0271.png,,,1
fus_00000716,FUSeg,val,seg,data/FUSeg/val/images/0272.png,data/FUSeg/val/labels/0272.png,,,1
fus_00000717,FUSeg,val,seg,data/FUSeg/val/images/0275.png,data/FUSeg/val/labels/0275.png,,,1
fus_00000718,FUSeg,val,seg,data/FUSeg/val/images/0276.png,data/FUSeg/val/labels/0276.png,,,1
fus_00000719,FUSeg,val,seg,data/FUSeg/val/images/0278.png,data/FUSeg/val/labels/0278.png,,,1
fus_00000720,FUSeg,val,seg,data/FUSeg/val/images/0280.png,data/FUSeg/val/labels/0280.png,,,1
fus_00000721,FUSeg,val,seg,data/FUSeg/val/images/0281.png,data/FUSeg/val/labels/0281.png,,,1
fus_00000722,FUSeg,val,seg,data/FUSeg/val/images/0282.png,data/FUSeg/val/labels/0282.png,,,1
fus_00000723,FUSeg,val,seg,data/FUSeg/val/images/0284.png,data/FUSeg/val/labels/0284.png,,,1
fus_00000724,FUSeg,val,seg,data/FUSeg/val/images/0286.png,data/FUSeg/val/labels/0286.png,,,1
fus_00000725,FUSeg,val,seg,data/FUSeg/val/images/0289.png,data/FUSeg/val/labels/0289.png,,,1
fus_00000726,FUSeg,val,seg,data/FUSeg/val/images/0291.png,data/FUSeg/val/labels/0291.png,,,1
fus_00000727,FUSeg,val,seg,data/FUSeg/val/images/0293.png,data/FUSeg/val/labels/0293.png,,,1
fus_00000728,FUSeg,val,seg,data/FUSeg/val/images/0294.png,data/FUSeg/val/labels/0294.png,,,1
fus_00000729,FUSeg,val,seg,data/FUSeg/val/images/0298.png,data/FUSeg/val/labels/0298.png,,,1
fus_00000730,FUSeg,val,seg,data/FUSeg/val/images/0300.png,data/FUSeg/val/labels/0300.png,,,1
fus_00000731,FUSeg,val,seg,data/FUSeg/val/images/0301.png,data/FUSeg/val/labels/0301.png,,,1
fus_00000732,FUSeg,val,seg,data/FUSeg/val/images/0303.png,data/FUSeg/val/labels/0303.png,,,1
fus_00000733,FUSeg,val,seg,data/FUSeg/val/images/0308.png,data/FUSeg/val/labels/0308.png,,,1
fus_00000734,FUSeg,val,seg,data/FUSeg/val/images/0309.png,data/FUSeg/val/labels/0309.png,,,1
fus_00000735,FUSeg,val,seg,data/FUSeg/val/images/0313.png,data/FUSeg/val/labels/0313.png,,,1
fus_00000736,FUSeg,val,seg,data/FUSeg/val/images/0315.png,data/FUSeg/val/labels/0315.png,,,1
fus_00000737,FUSeg,val,seg,data/FUSeg/val/images/0320.png,data/FUSeg/val/labels/0320.png,,,1
fus_00000738,FUSeg,val,seg,data/FUSeg/val/images/0322.png,data/FUSeg/val/labels/0322.png,,,1
fus_00000739,FUSeg,val,seg,data/FUSeg/val/images/0326.png,data/FUSeg/val/labels/0326.png,,,1
fus_00000740,FUSeg,val,seg,data/FUSeg/val/images/0334.png,data/FUSeg/val/labels/0334.png,,,1
fus_00000741,FUSeg,val,seg,data/FUSeg/val/images/0335.png,data/FUSeg/val/labels/0335.png,,,1
fus_00000742,FUSeg,val,seg,data/FUSeg/val/images/0336.png,data/FUSeg/val/labels/0336.png,,,1
fus_00000743,FUSeg,val,seg,data/FUSeg/val/images/0337.png,data/FUSeg/val/labels/0337.png,,,1
fus_00000744,FUSeg,val,seg,data/FUSeg/val/images/0338.png,data/FUSeg/val/labels/0338.png,,,1
fus_00000745,FUSeg,val,seg,data/FUSeg/val/images/0339.png,data/FUSeg/val/labels/0339.png,,,1
fus_00000746,FUSeg,val,seg,data/FUSeg/val/images/0341.png,data/FUSeg/val/labels/0341.png,,,1
fus_00000747,FUSeg,val,seg,data/FUSeg/val/images/0342.png,data/FUSeg/val/labels/0342.png,,,1
fus_00000748,FUSeg,val,seg,data/FUSeg/val/images/0343.png,data/FUSeg/val/labels/0343.png,,,1
fus_00000749,FUSeg,val,seg,data/FUSeg/val/images/0345.png,data/FUSeg/val/labels/0345.png,,,1
fus_00000750,FUSeg,val,seg,data/FUSeg/val/images/0349.png,data/FUSeg/val/labels/0349.png,,,1
fus_00000751,FUSeg,val,seg,data/FUSeg/val/images/0351.png,data/FUSeg/val/labels/0351.png,,,1
fus_00000752,FUSeg,val,seg,data/FUSeg/val/images/0354.png,data/FUSeg/val/labels/0354.png,,,1
fus_00000753,FUSeg,val,seg,data/FUSeg/val/images/0355.png,data/FUSeg/val/labels/0355.png,,,1
fus_00000754,FUSeg,val,seg,data/FUSeg/val/images/0356.png,data/FUSeg/val/labels/0356.png,,,1
fus_00000755,FUSeg,val,seg,data/FUSeg/val/images/0363.png,data/FUSeg/val/labels/0363.png,,,1
fus_00000756,FUSeg,val,seg,data/FUSeg/val/images/0365.png,data/FUSeg/val/labels/0365.png,,,1
fus_00000757,FUSeg,val,seg,data/FUSeg/val/images/0369.png,data/FUSeg/val/labels/0369.png,,,1
fus_00000758,FUSeg,val,seg,data/FUSeg/val/images/0371.png,data/FUSeg/val/labels/0371.png,,,1
fus_00000759,FUSeg,val,seg,data/FUSeg/val/images/0375.png,data/FUSeg/val/labels/0375.png,,,1
fus_00000760,FUSeg,val,seg,data/FUSeg/val/images/0376.png,data/FUSeg/val/labels/0376.png,,,1
fus_00000761,FUSeg,val,seg,data/FUSeg/val/images/0377.png,data/FUSeg/val/labels/0377.png,,,1
fus_00000762,FUSeg,val,seg,data/FUSeg/val/images/0382.png,data/FUSeg/val/labels/0382.png,,,1
fus_00000763,FUSeg,val,seg,data/FUSeg/val/images/0383.png,data/FUSeg/val/labels/0383.png,,,1
fus_00000764,FUSeg,val,seg,data/FUSeg/val/images/0390.png,data/FUSeg/val/labels/0390.png,,,1
fus_00000765,FUSeg,val,seg,data/FUSeg/val/images/0393.png,data/FUSeg/val/labels/0393.png,,,1
fus_00000766,FUSeg,val,seg,data/FUSeg/val/images/0398.png,data/FUSeg/val/labels/0398.png,,,1
fus_00000767,FUSeg,val,seg,data/FUSeg/val/images/0402.png,data/FUSeg/val/labels/0402.png,,,1
fus_00000768,FUSeg,val,seg,data/FUSeg/val/images/0403.png,data/FUSeg/val/labels/0403.png,,,1
fus_00000769,FUSeg,val,seg,data/FUSeg/val/images/0405.png,data/FUSeg/val/labels/0405.png,,,1
fus_00000770,FUSeg,val,seg,data/FUSeg/val/images/0407.png,data/FUSeg/val/labels/0407.png,,,1
fus_00000771,FUSeg,val,seg,data/FUSeg/val/images/0412.png,data/FUSeg/val/labels/0412.png,,,1
fus_00000772,FUSeg,val,seg,data/FUSeg/val/images/0414.png,data/FUSeg/val/labels/0414.png,,,1
fus_00000773,FUSeg,val,seg,data/FUSeg/val/images/0415.png,data/FUSeg/val/labels/0415.png,,,1
fus_00000774,FUSeg,val,seg,data/FUSeg/val/images/0416.png,data/FUSeg/val/labels/0416.png,,,1
fus_00000775,FUSeg,val,seg,data/FUSeg/val/images/0417.png,data/FUSeg/val/labels/0417.png,,,1
fus_00000776,FUSeg,val,seg,data/FUSeg/val/images/0429.png,data/FUSeg/val/labels/0429.png,,,1
fus_00000777,FUSeg,val,seg,data/FUSeg/val/images/0430.png,data/FUSeg/val/labels/0430.png,,,1
fus_00000778,FUSeg,val,seg,data/FUSeg/val/images/0434.png,data/FUSeg/val/labels/0434.png,,,1
fus_00000779,FUSeg,val,seg,data/FUSeg/val/images/0437.png,data/FUSeg/val/labels/0437.png,,,1
fus_00000780,FUSeg,val,seg,data/FUSeg/val/images/0438.png,data/FUSeg/val/labels/0438.png,,,1
fus_00000781,FUSeg,val,seg,data/FUSeg/val/images/0439.png,data/FUSeg/val/labels/0439.png,,,1
fus_00000782,FUSeg,val,seg,data/FUSeg/val/images/0441.png,data/FUSeg/val/labels/0441.png,,,1
fus_00000783,FUSeg,val,seg,data/FUSeg/val/images/0447.png,data/FUSeg/val/labels/0447.png,,,1
fus_00000784,FUSeg,val,seg,data/FUSeg/val/images/0450.png,data/FUSeg/val/labels/0450.png,,,1
fus_00000785,FUSeg,val,seg,data/FUSeg/val/images/0451.png,data/FUSeg/val/labels/0451.png,,,1
fus_00000786,FUSeg,val,seg,data/FUSeg/val/images/0455.png,data/FUSeg/val/labels/0455.png,,,1
fus_00000787,FUSeg,val,seg,data/FUSeg/val/images/0456.png,data/FUSeg/val/labels/0456.png,,,1
fus_00000788,FUSeg,val,seg,data/FUSeg/val/images/0460.png,data/FUSeg/val/labels/0460.png,,,1
fus_00000789,FUSeg,val,seg,data/FUSeg/val/images/0463.png,data/FUSeg/val/labels/0463.png,,,1
fus_00000790,FUSeg,val,seg,data/FUSeg/val/images/0464.png,data/FUSeg/val/labels/0464.png,,,1
fus_00000791,FUSeg,val,seg,data/FUSeg/val/images/0466.png,data/FUSeg/val/labels/0466.png,,,1
fus_00000792,FUSeg,val,seg,data/FUSeg/val/images/0467.png,data/FUSeg/val/labels/0467.png,,,1
fus_00000793,FUSeg,val,seg,data/FUSeg/val/images/0470.png,data/FUSeg/val/labels/0470.png,,,1
fus_00000794,FUSeg,val,seg,data/FUSeg/val/images/0474.png,data/FUSeg/val/labels/0474.png,,,1
fus_00000795,FUSeg,val,seg,data/FUSeg/val/images/0475.png,data/FUSeg/val/labels/0475.png,,,1
fus_00000796,FUSeg,val,seg,data/FUSeg/val/images/0478.png,data/FUSeg/val/labels/0478.png,,,1
fus_00000797,FUSeg,val,seg,data/FUSeg/val/images/0483.png,data/FUSeg/val/labels/0483.png,,,1
fus_00000798,FUSeg,val,seg,data/FUSeg/val/images/0484.png,data/FUSeg/val/labels/0484.png,,,1
fus_00000799,FUSeg,val,seg,data/FUSeg/val/images/0485.png,data/FUSeg/val/labels/0485.png,,,1
fus_00000800,FUSeg,val,seg,data/FUSeg/val/images/0486.png,data/FUSeg/val/labels/0486.png,,,1
fus_00000801,FUSeg,val,seg,data/FUSeg/val/images/0487.png,data/FUSeg/val/labels/0487.png,,,1
fus_00000802,FUSeg,val,seg,data/FUSeg/val/images/0488.png,data/FUSeg/val/labels/0488.png,,,1
fus_00000803,FUSeg,val,seg,data/FUSeg/val/images/0492.png,data/FUSeg/val/labels/0492.png,,,1
fus_00000804,FUSeg,val,seg,data/FUSeg/val/images/0494.png,data/FUSeg/val/labels/0494.png,,,1
fus_00000805,FUSeg,val,seg,data/FUSeg/val/images/0496.png,data/FUSeg/val/labels/0496.png,,,1
fus_00000806,FUSeg,val,seg,data/FUSeg/val/images/0503.png,data/FUSeg/val/labels/0503.png,,,1
fus_00000807,FUSeg,val,seg,data/FUSeg/val/images/0504.png,data/FUSeg/val/labels/0504.png,,,1
fus_00000808,FUSeg,val,seg,data/FUSeg/val/images/0507.png,data/FUSeg/val/labels/0507.png,,,1
fus_00000809,FUSeg,val,seg,data/FUSeg/val/images/0510.png,data/FUSeg/val/labels/0510.png,,,1
fus_00000810,FUSeg,val,seg,data/FUSeg/val/images/0511.png,data/FUSeg/val/labels/0511.png,,,1
fus_00000811,FUSeg,val,seg,data/FUSeg/val/images/0513.png,data/FUSeg/val/labels/0513.png,,,1
fus_00000812,FUSeg,val,seg,data/FUSeg/val/images/0516.png,data/FUSeg/val/labels/0516.png,,,1
fus_00000813,FUSeg,val,seg,data/FUSeg/val/images/0517.png,data/FUSeg/val/labels/0517.png,,,1
fus_00000814,FUSeg,val,seg,data/FUSeg/val/images/0525.png,data/FUSeg/val/labels/0525.png,,,1
fus_00000815,FUSeg,val,seg,data/FUSeg/val/images/0528.png,data/FUSeg/val/labels/0528.png,,,1
fus_00000816,FUSeg,val,seg,data/FUSeg/val/images/0533.png,data/FUSeg/val/labels/0533.png,,,1
fus_00000817,FUSeg,val,seg,data/FUSeg/val/images/0537.png,data/FUSeg/val/labels/0537.png,,,1
fus_00000818,FUSeg,val,seg,data/FUSeg/val/images/0540.png,data/FUSeg/val/labels/0540.png,,,1
fus_00000819,FUSeg,val,seg,data/FUSeg/val/images/0541.png,data/FUSeg/val/labels/0541.png,,,1
fus_00000820,FUSeg,val,seg,data/FUSeg/val/images/0543.png,data/FUSeg/val/labels/0543.png,,,1
fus_00000821,FUSeg,val,seg,data/FUSeg/val/images/0545.png,data/FUSeg/val/labels/0545.png,,,1
fus_00000822,FUSeg,val,seg,data/FUSeg/val/images/0548.png,data/FUSeg/val/labels/0548.png,,,1
fus_00000823,FUSeg,val,seg,data/FUSeg/val/images/0549.png,data/FUSeg/val/labels/0549.png,,,1
fus_00000824,FUSeg,val,seg,data/FUSeg/val/images/0551.png,data/FUSeg/val/labels/0551.png,,,1
fus_00000825,FUSeg,val,seg,data/FUSeg/val/images/0557.png,data/FUSeg/val/labels/0557.png,,,1
fus_00000826,FUSeg,val,seg,data/FUSeg/val/images/0559.png,data/FUSeg/val/labels/0559.png,,,1
fus_00000827,FUSeg,val,seg,data/FUSeg/val/images/0560.png,data/FUSeg/val/labels/0560.png,,,1
fus_00000828,FUSeg,val,seg,data/FUSeg/val/images/0565.png,data/FUSeg/val/labels/0565.png,,,1
fus_00000829,FUSeg,val,seg,data/FUSeg/val/images/0566.png,data/FUSeg/val/labels/0566.png,,,1
fus_00000830,FUSeg,val,seg,data/FUSeg/val/images/0571.png,data/FUSeg/val/labels/0571.png,,,1
fus_00000831,FUSeg,val,seg,data/FUSeg/val/images/0577.png,data/FUSeg/val/labels/0577.png,,,1
fus_00000832,FUSeg,val,seg,data/FUSeg/val/images/0578.png,data/FUSeg/val/labels/0578.png,,,1
fus_00000833,FUSeg,val,seg,data/FUSeg/val/images/0580.png,data/FUSeg/val/labels/0580.png,,,1
fus_00000834,FUSeg,val,seg,data/FUSeg/val/images/0582.png,data/FUSeg/val/labels/0582.png,,,1
fus_00000835,FUSeg,val,seg,data/FUSeg/val/images/0585.png,data/FUSeg/val/labels/0585.png,,,1
fus_00000836,FUSeg,val,seg,data/FUSeg/val/images/0588.png,data/FUSeg/val/labels/0588.png,,,1
fus_00000837,FUSeg,val,seg,data/FUSeg/val/images/0591.png,data/FUSeg/val/labels/0591.png,,,1
fus_00000838,FUSeg,val,seg,data/FUSeg/val/images/0592.png,data/FUSeg/val/labels/0592.png,,,1
fus_00000839,FUSeg,val,seg,data/FUSeg/val/images/0593.png,data/FUSeg/val/labels/0593.png,,,1
fus_00000840,FUSeg,val,seg,data/FUSeg/val/images/0596.png,data/FUSeg/val/labels/0596.png,,,1
fus_00000841,FUSeg,val,seg,data/FUSeg/val/images/0602.png,data/FUSeg/val/labels/0602.png,,,1
fus_00000842,FUSeg,val,seg,data/FUSeg/val/images/0603.png,data/FUSeg/val/labels/0603.png,,,1
fus_00000843,FUSeg,val,seg,data/FUSeg/val/images/0604.png,data/FUSeg/val/labels/0604.png,,,1
fus_00000844,FUSeg,val,seg,data/FUSeg/val/images/0607.png,data/FUSeg/val/labels/0607.png,,,1
fus_00000845,FUSeg,val,seg,data/FUSeg/val/images/0612.png,data/FUSeg/val/labels/0612.png,,,1
fus_00000846,FUSeg,val,seg,data/FUSeg/val/images/0613.png,data/FUSeg/val/labels/0613.png,,,1
fus_00000847,FUSeg,val,seg,data/FUSeg/val/images/0615.png,data/FUSeg/val/labels/0615.png,,,1
fus_00000848,FUSeg,val,seg,data/FUSeg/val/images/0616.png,data/FUSeg/val/labels/0616.png,,,1
fus_00000849,FUSeg,val,seg,data/FUSeg/val/images/0626.png,data/FUSeg/val/labels/0626.png,,,1
fus_00000850,FUSeg,val,seg,data/FUSeg/val/images/0627.png,data/FUSeg/val/labels/0627.png,,,1
fus_00000851,FUSeg,val,seg,data/FUSeg/val/images/0630.png,data/FUSeg/val/labels/0630.png,,,1
fus_00000852,FUSeg,val,seg,data/FUSeg/val/images/0635.png,data/FUSeg/val/labels/0635.png,,,1
fus_00000853,FUSeg,val,seg,data/FUSeg/val/images/0638.png,data/FUSeg/val/labels/0638.png,,,1
fus_00000854,FUSeg,val,seg,data/FUSeg/val/images/0642.png,data/FUSeg/val/labels/0642.png,,,1
fus_00000855,FUSeg,val,seg,data/FUSeg/val/images/0643.png,data/FUSeg/val/labels/0643.png,,,1
fus_00000856,FUSeg,val,seg,data/FUSeg/val/images/0644.png,data/FUSeg/val/labels/0644.png,,,1
fus_00000857,FUSeg,val,seg,data/FUSeg/val/images/0645.png,data/FUSeg/val/labels/0645.png,,,1
fus_00000858,FUSeg,val,seg,data/FUSeg/val/images/0647.png,data/FUSeg/val/labels/0647.png,,,1
fus_00000859,FUSeg,val,seg,data/FUSeg/val/images/0651.png,data/FUSeg/val/labels/0651.png,,,1
fus_00000860,FUSeg,val,seg,data/FUSeg/val/images/0652.png,data/FUSeg/val/labels/0652.png,,,1
fus_00000861,FUSeg,val,seg,data/FUSeg/val/images/0653.png,data/FUSeg/val/labels/0653.png,,,1
fus_00000862,FUSeg,val,seg,data/FUSeg/val/images/0655.png,data/FUSeg/val/labels/0655.png,,,1
fus_00000863,FUSeg,val,seg,data/FUSeg/val/images/0657.png,data/FUSeg/val/labels/0657.png,,,1
fus_00000864,FUSeg,val,seg,data/FUSeg/val/images/0658.png,data/FUSeg/val/labels/0658.png,,,1
fus_00000865,FUSeg,val,seg,data/FUSeg/val/images/0674.png,data/FUSeg/val/labels/0674.png,,,1
fus_00000866,FUSeg,val,seg,data/FUSeg/val/images/0679.png,data/FUSeg/val/labels/0679.png,,,1
fus_00000867,FUSeg,val,seg,data/FUSeg/val/images/0680.png,data/FUSeg/val/labels/0680.png,,,1
fus_00000868,FUSeg,val,seg,data/FUSeg/val/images/0682.png,data/FUSeg/val/labels/0682.png,,,1
fus_00000869,FUSeg,val,seg,data/FUSeg/val/images/0683.png,data/FUSeg/val/labels/0683.png,,,1
fus_00000870,FUSeg,val,seg,data/FUSeg/val/images/0685.png,data/FUSeg/val/labels/0685.png,,,1
fus_00000871,FUSeg,val,seg,data/FUSeg/val/images/0686.png,data/FUSeg/val/labels/0686.png,,,1
fus_00000872,FUSeg,val,seg,data/FUSeg/val/images/0689.png,data/FUSeg/val/labels/0689.png,,,1
fus_00000873,FUSeg,val,seg,data/FUSeg/val/images/0691.png,data/FUSeg/val/labels/0691.png,,,1
fus_00000874,FUSeg,val,seg,data/FUSeg/val/images/0692.png,data/FUSeg/val/labels/0692.png,,,1
fus_00000875,FUSeg,val,seg,data/FUSeg/val/images/0698.png,data/FUSeg/val/labels/0698.png,,,1
fus_00000876,FUSeg,val,seg,data/FUSeg/val/images/0702.png,data/FUSeg/val/labels/0702.png,,,1
fus_00000877,FUSeg,val,seg,data/FUSeg/val/images/0705.png,data/FUSeg/val/labels/0705.png,,,1
fus_00000878,FUSeg,val,seg,data/FUSeg/val/images/0706.png,data/FUSeg/val/labels/0706.png,,,1
fus_00000879,FUSeg,val,seg,data/FUSeg/val/images/0707.png,data/FUSeg/val/labels/0707.png,,,1
fus_00000880,FUSeg,val,seg,data/FUSeg/val/images/0711.png,data/FUSeg/val/labels/0711.png,,,1
fus_00000881,FUSeg,val,seg,data/FUSeg/val/images/0712.png,data/FUSeg/val/labels/0712.png,,,1
fus_00000882,FUSeg,val,seg,data/FUSeg/val/images/0715.png,data/FUSeg/val/labels/0715.png,,,1
fus_00000883,FUSeg,val,seg,data/FUSeg/val/images/0717.png,data/FUSeg/val/labels/0717.png,,,1
fus_00000884,FUSeg,val,seg,data/FUSeg/val/images/0718.png,data/FUSeg/val/labels/0718.png,,,1
fus_00000885,FUSeg,val,seg,data/FUSeg/val/images/0721.png,data/FUSeg/val/labels/0721.png,,,1
fus_00000886,FUSeg,val,seg,data/FUSeg/val/images/0725.png,data/FUSeg/val/labels/0725.png,,,1
fus_00000887,FUSeg,val,seg,data/FUSeg/val/images/0728.png,data/FUSeg/val/labels/0728.png,,,1
fus_00000888,FUSeg,val,seg,data/FUSeg/val/images/0729.png,data/FUSeg/val/labels/0729.png,,,1
fus_00000889,FUSeg,val,seg,data/FUSeg/val/images/0730.png,data/FUSeg/val/labels/0730.png,,,1
fus_00000890,FUSeg,val,seg,data/FUSeg/val/images/0738.png,data/FUSeg/val/labels/0738.png,,,1
fus_00000891,FUSeg,val,seg,data/FUSeg/val/images/0740.png,data/FUSeg/val/labels/0740.png,,,1
fus_00000892,FUSeg,val,seg,data/FUSeg/val/images/0745.png,data/FUSeg/val/labels/0745.png,,,1
fus_00000893,FUSeg,val,seg,data/FUSeg/val/images/0747.png,data/FUSeg/val/labels/0747.png,,,1
fus_00000894,FUSeg,val,seg,data/FUSeg/val/images/0748.png,data/FUSeg/val/labels/0748.png,,,1
fus_00000895,FUSeg,val,seg,data/FUSeg/val/images/0753.png,data/FUSeg/val/labels/0753.png,,,1
fus_00000896,FUSeg,val,seg,data/FUSeg/val/images/0754.png,data/FUSeg/val/labels/0754.png,,,1
fus_00000897,FUSeg,val,seg,data/FUSeg/val/images/0757.png,data/FUSeg/val/labels/0757.png,,,1
fus_00000898,FUSeg,val,seg,data/FUSeg/val/images/0761.png,data/FUSeg/val/labels/0761.png,,,1
fus_00000899,FUSeg,val,seg,data/FUSeg/val/images/0763.png,data/FUSeg/val/labels/0763.png,,,1
fus_00000900,FUSeg,val,seg,data/FUSeg/val/images/0765.png,data/FUSeg/val/labels/0765.png,,,1
fus_00000901,FUSeg,val,seg,data/FUSeg/val/images/0768.png,data/FUSeg/val/labels/0768.png,,,1
fus_00000902,FUSeg,val,seg,data/FUSeg/val/images/0770.png,data/FUSeg/val/labels/0770.png,,,1
fus_00000903,FUSeg,val,seg,data/FUSeg/val/images/0775.png,data/FUSeg/val/labels/0775.png,,,1
fus_00000904,FUSeg,val,seg,data/FUSeg/val/images/0781.png,data/FUSeg/val/labels/0781.png,,,1
fus_00000905,FUSeg,val,seg,data/FUSeg/val/images/0786.png,data/FUSeg/val/labels/0786.png,,,1
fus_00000906,FUSeg,val,seg,data/FUSeg/val/images/0793.png,data/FUSeg/val/labels/0793.png,,,1
fus_00000907,FUSeg,val,seg,data/FUSeg/val/images/0795.png,data/FUSeg/val/labels/0795.png,,,1
fus_00000908,FUSeg,val,seg,data/FUSeg/val/images/0796.png,data/FUSeg/val/labels/0796.png,,,1
fus_00000909,FUSeg,val,seg,data/FUSeg/val/images/0797.png,data/FUSeg/val/labels/0797.png,,,1
fus_00000910,FUSeg,val,seg,data/FUSeg/val/images/0798.png,data/FUSeg/val/labels/0798.png,,,1
fus_00000911,FUSeg,val,seg,data/FUSeg/val/images/0802.png,data/FUSeg/val/labels/0802.png,,,1
fus_00000912,FUSeg,val,seg,data/FUSeg/val/images/0806.png,data/FUSeg/val/labels/0806.png,,,1
fus_00000913,FUSeg,val,seg,data/FUSeg/val/images/0807.png,data/FUSeg/val/labels/0807.png,,,1
fus_00000914,FUSeg,val,seg,data/FUSeg/val/images/0808.png,data/FUSeg/val/labels/0808.png,,,1
fus_00000915,FUSeg,val,seg,data/FUSeg/val/images/0809.png,data/FUSeg/val/labels/0809.png,,,1
fus_00000916,FUSeg,val,seg,data/FUSeg/val/images/0812.png,data/FUSeg/val/labels/0812.png,,,1
fus_00000917,FUSeg,val,seg,data/FUSeg/val/images/0813.png,data/FUSeg/val/labels/0813.png,,,1
fus_00000918,FUSeg,val,seg,data/FUSeg/val/images/0814.png,data/FUSeg/val/labels/0814.png,,,1
fus_00000919,FUSeg,val,seg,data/FUSeg/val/images/0816.png,data/FUSeg/val/labels/0816.png,,,1
fus_00000920,FUSeg,val,seg,data/FUSeg/val/images/0818.png,data/FUSeg/val/labels/0818.png,,,1
fus_00000921,FUSeg,val,seg,data/FUSeg/val/images/0820.png,data/FUSeg/val/labels/0820.png,,,1
fus_00000922,FUSeg,val,seg,data/FUSeg/val/images/0824.png,data/FUSeg/val/labels/0824.png,,,1
fus_00000923,FUSeg,val,seg,data/FUSeg/val/images/0825.png,data/FUSeg/val/labels/0825.png,,,1
fus_00000924,FUSeg,val,seg,data/FUSeg/val/images/0827.png,data/FUSeg/val/labels/0827.png,,,1
fus_00000925,FUSeg,val,seg,data/FUSeg/val/images/0830.png,data/FUSeg/val/labels/0830.png,,,1
fus_00000926,FUSeg,val,seg,data/FUSeg/val/images/0831.png,data/FUSeg/val/labels/0831.png,,,1
fus_00000927,FUSeg,val,seg,data/FUSeg/val/images/0832.png,data/FUSeg/val/labels/0832.png,,,1
fus_00000928,FUSeg,val,seg,data/FUSeg/val/images/0833.png,data/FUSeg/val/labels/0833.png,,,1
fus_00000929,FUSeg,val,seg,data/FUSeg/val/images/0834.png,data/FUSeg/val/labels/0834.png,,,1
fus_00000930,FUSeg,val,seg,data/FUSeg/val/images/0835.png,data/FUSeg/val/labels/0835.png,,,1
fus_00000931,FUSeg,val,seg,data/FUSeg/val/images/0837.png,data/FUSeg/val/labels/0837.png,,,1
fus_00000932,FUSeg,val,seg,data/FUSeg/val/images/0842.png,data/FUSeg/val/labels/0842.png,,,1
fus_00000933,FUSeg,val,seg,data/FUSeg/val/images/0844.png,data/FUSeg/val/labels/0844.png,,,1
fus_00000934,FUSeg,val,seg,data/FUSeg/val/images/0847.png,data/FUSeg/val/labels/0847.png,,,1
fus_00000935,FUSeg,val,seg,data/FUSeg/val/images/0849.png,data/FUSeg/val/labels/0849.png,,,1
fus_00000936,FUSeg,val,seg,data/FUSeg/val/images/0851.png,data/FUSeg/val/labels/0851.png,,,1
fus_00000937,FUSeg,val,seg,data/FUSeg/val/images/0855.png,data/FUSeg/val/labels/0855.png,,,1
fus_00000938,FUSeg,val,seg,data/FUSeg/val/images/0861.png,data/FUSeg/val/labels/0861.png,,,1
fus_00000939,FUSeg,val,seg,data/FUSeg/val/images/0865.png,data/FUSeg/val/labels/0865.png,,,1
fus_00000940,FUSeg,val,seg,data/FUSeg/val/images/0866.png,data/FUSeg/val/labels/0866.png,,,1
fus_00000941,FUSeg,val,seg,data/FUSeg/val/images/0867.png,data/FUSeg/val/labels/0867.png,,,1
fus_00000942,FUSeg,val,seg,data/FUSeg/val/images/0869.png,data/FUSeg/val/labels/0869.png,,,1
fus_00000943,FUSeg,val,seg,data/FUSeg/val/images/0871.png,data/FUSeg/val/labels/0871.png,,,1
fus_00000944,FUSeg,val,seg,data/FUSeg/val/images/0873.png,data/FUSeg/val/labels/0873.png,,,1
fus_00000945,FUSeg,val,seg,data/FUSeg/val/images/0874.png,data/FUSeg/val/labels/0874.png,,,1
fus_00000946,FUSeg,val,seg,data/FUSeg/val/images/0877.png,data/FUSeg/val/labels/0877.png,,,1
fus_00000947,FUSeg,val,seg,data/FUSeg/val/images/0880.png,data/FUSeg/val/labels/0880.png,,,1
fus_00000948,FUSeg,val,seg,data/FUSeg/val/images/0881.png,data/FUSeg/val/labels/0881.png,,,1
fus_00000949,FUSeg,val,seg,data/FUSeg/val/images/0882.png,data/FUSeg/val/labels/0882.png,,,1
fus_00000950,FUSeg,val,seg,data/FUSeg/val/images/0887.png,data/FUSeg/val/labels/0887.png,,,1
fus_00000951,FUSeg,val,seg,data/FUSeg/val/images/0890.png,data/FUSeg/val/labels/0890.png,,,1
fus_00000952,FUSeg,val,seg,data/FUSeg/val/images/0894.png,data/FUSeg/val/labels/0894.png,,,1
fus_00000953,FUSeg,val,seg,data/FUSeg/val/images/0895.png,data/FUSeg/val/labels/0895.png,,,1
fus_00000954,FUSeg,val,seg,data/FUSeg/val/images/0897.png,data/FUSeg/val/labels/0897.png,,,1
fus_00000955,FUSeg,val,seg,data/FUSeg/val/images/0900.png,data/FUSeg/val/labels/0900.png,,,1
fus_00000956,FUSeg,val,seg,data/FUSeg/val/images/0901.png,data/FUSeg/val/labels/0901.png,,,1
fus_00000957,FUSeg,val,seg,data/FUSeg/val/images/0902.png,data/FUSeg/val/labels/0902.png,,,1
fus_00000958,FUSeg,val,seg,data/FUSeg/val/images/0904.png,data/FUSeg/val/labels/0904.png,,,1
fus_00000959,FUSeg,val,seg,data/FUSeg/val/images/0905.png,data/FUSeg/val/labels/0905.png,,,1
fus_00000960,FUSeg,val,seg,data/FUSeg/val/images/0906.png,data/FUSeg/val/labels/0906.png,,,1
fus_00000961,FUSeg,val,seg,data/FUSeg/val/images/0912.png,data/FUSeg/val/labels/0912.png,,,1
fus_00000962,FUSeg,val,seg,data/FUSeg/val/images/0913.png,data/FUSeg/val/labels/0913.png,,,1
fus_00000963,FUSeg,val,seg,data/FUSeg/val/images/0914.png,data/FUSeg/val/labels/0914.png,,,1
fus_00000964,FUSeg,val,seg,data/FUSeg/val/images/0922.png,data/FUSeg/val/labels/0922.png,,,1
fus_00000965,FUSeg,val,seg,data/FUSeg/val/images/0928.png,data/FUSeg/val/labels/0928.png,,,1
fus_00000966,FUSeg,val,seg,data/FUSeg/val/images/0929.png,data/FUSeg/val/labels/0929.png,,,1
fus_00000967,FUSeg,val,seg,data/FUSeg/val/images/0931.png,data/FUSeg/val/labels/0931.png,,,1
fus_00000968,FUSeg,val,seg,data/FUSeg/val/images/0933.png,data/FUSeg/val/labels/0933.png,,,1
fus_00000969,FUSeg,val,seg,data/FUSeg/val/images/0936.png,data/FUSeg/val/labels/0936.png,,,1
fus_00000970,FUSeg,val,seg,data/FUSeg/val/images/0937.png,data/FUSeg/val/labels/0937.png,,,1
fus_00000971,FUSeg,val,seg,data/FUSeg/val/images/0940.png,data/FUSeg/val/labels/0940.png,,,1
fus_00000972,FUSeg,val,seg,data/FUSeg/val/images/0942.png,data/FUSeg/val/labels/0942.png,,,1
fus_00000973,FUSeg,val,seg,data/FUSeg/val/images/0943.png,data/FUSeg/val/labels/0943.png,,,1
fus_00000974,FUSeg,val,seg,data/FUSeg/val/images/0946.png,data/FUSeg/val/labels/0946.png,,,1
fus_00000975,FUSeg,val,seg,data/FUSeg/val/images/0947.png,data/FUSeg/val/labels/0947.png,,,1
fus_00000976,FUSeg,val,seg,data/FUSeg/val/images/0948.png,data/FUSeg/val/labels/0948.png,,,1
fus_00000977,FUSeg,val,seg,data/FUSeg/val/images/0949.png,data/FUSeg/val/labels/0949.png,,,1
fus_00000978,FUSeg,val,seg,data/FUSeg/val/images/0951.png,data/FUSeg/val/labels/0951.png,,,1
fus_00000979,FUSeg,val,seg,data/FUSeg/val/images/0954.png,data/FUSeg/val/labels/0954.png,,,1
fus_00000980,FUSeg,val,seg,data/FUSeg/val/images/0955.png,data/FUSeg/val/labels/0955.png,,,1
fus_00000981,FUSeg,val,seg,data/FUSeg/val/images/0958.png,data/FUSeg/val/labels/0958.png,,,1
fus_00000982,FUSeg,val,seg,data/FUSeg/val/images/0960.png,data/FUSeg/val/labels/0960.png,,,1
fus_00000983,FUSeg,val,seg,data/FUSeg/val/images/0961.png,data/FUSeg/val/labels/0961.png,,,1
fus_00000984,FUSeg,val,seg,data/FUSeg/val/images/0962.png,data/FUSeg/val/labels/0962.png,,,1
fus_00000985,FUSeg,val,seg,data/FUSeg/val/images/0963.png,data/FUSeg/val/labels/0963.png,,,1
fus_00000986,FUSeg,val,seg,data/FUSeg/val/images/0964.png,data/FUSeg/val/labels/0964.png,,,1
fus_00000987,FUSeg,val,seg,data/FUSeg/val/images/0966.png,data/FUSeg/val/labels/0966.png,,,1
fus_00000988,FUSeg,val,seg,data/FUSeg/val/images/0968.png,data/FUSeg/val/labels/0968.png,,,1
fus_00000989,FUSeg,val,seg,data/FUSeg/val/images/0971.png,data/FUSeg/val/labels/0971.png,,,1
fus_00000990,FUSeg,val,seg,data/FUSeg/val/images/0973.png,data/FUSeg/val/labels/0973.png,,,1
fus_00000991,FUSeg,val,seg,data/FUSeg/val/images/0974.png,data/FUSeg/val/labels/0974.png,,,1
fus_00000992,FUSeg,val,seg,data/FUSeg/val/images/0976.png,data/FUSeg/val/labels/0976.png,,,1
fus_00000993,FUSeg,val,seg,data/FUSeg/val/images/0978.png,data/FUSeg/val/labels/0978.png,,,1
fus_00000994,FUSeg,val,seg,data/FUSeg/val/images/0979.png,data/FUSeg/val/labels/0979.png,,,1
fus_00000995,FUSeg,val,seg,data/FUSeg/val/images/0980.png,data/FUSeg/val/labels/0980.png,,,1
fus_00000996,FUSeg,val,seg,data/FUSeg/val/images/0982.png,data/FUSeg/val/labels/0982.png,,,1
fus_00000997,FUSeg,val,seg,data/FUSeg/val/images/0983.png,data/FUSeg/val/labels/0983.png,,,1
fus_00000998,FUSeg,val,seg,data/FUSeg/val/images/0985.png,data/FUSeg/val/labels/0985.png,,,1
fus_00000999,FUSeg,val,seg,data/FUSeg/val/images/0988.png,data/FUSeg/val/labels/0988.png,,,1
fus_00001000,FUSeg,val,seg,data/FUSeg/val/images/0992.png,data/FUSeg/val/labels/0992.png,,,1
fus_00001001,FUSeg,val,seg,data/FUSeg/val/images/0993.png,data/FUSeg/val/labels/0993.png,,,1
fus_00001002,FUSeg,val,seg,data/FUSeg/val/images/0996.png,data/FUSeg/val/labels/0996.png,,,1
fus_00001003,FUSeg,val,seg,data/FUSeg/val/images/0999.png,data/FUSeg/val/labels/0999.png,,,1
fus_00001004,FUSeg,val,seg,data/FUSeg/val/images/1000.png,data/FUSeg/val/labels/1000.png,,,1
fus_00001005,FUSeg,val,seg,data/FUSeg/val/images/1001.png,data/FUSeg/val/labels/1001.png,,,1
fus_00001006,FUSeg,val,seg,data/FUSeg/val/images/1003.png,data/FUSeg/val/labels/1003.png,,,1
fus_00001007,FUSeg,val,seg,data/FUSeg/val/images/1004.png,data/FUSeg/val/labels/1004.png,,,1
fus_00001008,FUSeg,val,seg,data/FUSeg/val/images/1008.png,data/FUSeg/val/labels/1008.png,,,1
fus_00001009,FUSeg,val,seg,data/FUSeg/val/images/1009.png,data/FUSeg/val/labels/1009.png,,,1
fus_00001010,FUSeg,test,seg,data/FUSeg/test/images/1011.png,,,,0
fus_00001011,FUSeg,test,seg,data/FUSeg/test/images/1014.png,,,,0
fus_00001012,FUSeg,test,seg,data/FUSeg/test/images/1016.png,,,,0
fus_00001013,FUSeg,test,seg,data/FUSeg/test/images/1018.png,,,,0
fus_00001014,FUSeg,test,seg,data/FUSeg/test/images/1020.png,,,,0
fus_00001015,FUSeg,test,seg,data/FUSeg/test/images/1021.png,,,,0
fus_00001016,FUSeg,test,seg,data/FUSeg/test/images/1022.png,,,,0
fus_00001017,FUSeg,test,seg,data/FUSeg/test/images/1024.png,,,,0
fus_00001018,FUSeg,test,seg,data/FUSeg/test/images/1028.png,,,,0
fus_00001019,FUSeg,test,seg,data/FUSeg/test/images/1029.png,,,,0
fus_00001020,FUSeg,test,seg,data/FUSeg/test/images/1034.png,,,,0
fus_00001021,FUSeg,test,seg,data/FUSeg/test/images/1036.png,,,,0
fus_00001022,FUSeg,test,seg,data/FUSeg/test/images/1037.png,,,,0
fus_00001023,FUSeg,test,seg,data/FUSeg/test/images/1038.png,,,,0
fus_00001024,FUSeg,test,seg,data/FUSeg/test/images/1039.png,,,,0
fus_00001025,FUSeg,test,seg,data/FUSeg/test/images/1042.png,,,,0
fus_00001026,FUSeg,test,seg,data/FUSeg/test/images/1046.png,,,,0
fus_00001027,FUSeg,test,seg,data/FUSeg/test/images/1047.png,,,,0
fus_00001028,FUSeg,test,seg,data/FUSeg/test/images/1048.png,,,,0
fus_00001029,FUSeg,test,seg,data/FUSeg/test/images/1050.png,,,,0
fus_00001030,FUSeg,test,seg,data/FUSeg/test/images/1054.png,,,,0
fus_00001031,FUSeg,test,seg,data/FUSeg/test/images/1055.png,,,,0
fus_00001032,FUSeg,test,seg,data/FUSeg/test/images/1058.png,,,,0
fus_00001033,FUSeg,test,seg,data/FUSeg/test/images/1059.png,,,,0
fus_00001034,FUSeg,test,seg,data/FUSeg/test/images/1060.png,,,,0
fus_00001035,FUSeg,test,seg,data/FUSeg/test/images/1061.png,,,,0
fus_00001036,FUSeg,test,seg,data/FUSeg/test/images/1064.png,,,,0
fus_00001037,FUSeg,test,seg,data/FUSeg/test/images/1065.png,,,,0
fus_00001038,FUSeg,test,seg,data/FUSeg/test/images/1066.png,,,,0
fus_00001039,FUSeg,test,seg,data/FUSeg/test/images/1071.png,,,,0
fus_00001040,FUSeg,test,seg,data/FUSeg/test/images/1073.png,,,,0
fus_00001041,FUSeg,test,seg,data/FUSeg/test/images/1074.png,,,,0
fus_00001042,FUSeg,test,seg,data/FUSeg/test/images/1075.png,,,,0
fus_00001043,FUSeg,test,seg,data/FUSeg/test/images/1078.png,,,,0
fus_00001044,FUSeg,test,seg,data/FUSeg/test/images/1083.png,,,,0
fus_00001045,FUSeg,test,seg,data/FUSeg/test/images/1086.png,,,,0
fus_00001046,FUSeg,test,seg,data/FUSeg/test/images/1089.png,,,,0
fus_00001047,FUSeg,test,seg,data/FUSeg/test/images/1098.png,,,,0
fus_00001048,FUSeg,test,seg,data/FUSeg/test/images/1101.png,,,,0
fus_00001049,FUSeg,test,seg,data/FUSeg/test/images/1105.png,,,,0
fus_00001050,FUSeg,test,seg,data/FUSeg/test/images/1108.png,,,,0
fus_00001051,FUSeg,test,seg,data/FUSeg/test/images/1109.png,,,,0
fus_00001052,FUSeg,test,seg,data/FUSeg/test/images/1110.png,,,,0
fus_00001053,FUSeg,test,seg,data/FUSeg/test/images/1112.png,,,,0
fus_00001054,FUSeg,test,seg,data/FUSeg/test/images/1114.png,,,,0
fus_00001055,FUSeg,test,seg,data/FUSeg/test/images/1115.png,,,,0
fus_00001056,FUSeg,test,seg,data/FUSeg/test/images/1118.png,,,,0
fus_00001057,FUSeg,test,seg,data/FUSeg/test/images/1119.png,,,,0
fus_00001058,FUSeg,test,seg,data/FUSeg/test/images/1121.png,,,,0
fus_00001059,FUSeg,test,seg,data/FUSeg/test/images/1123.png,,,,0
fus_00001060,FUSeg,test,seg,data/FUSeg/test/images/1130.png,,,,0
fus_00001061,FUSeg,test,seg,data/FUSeg/test/images/1131.png,,,,0
fus_00001062,FUSeg,test,seg,data/FUSeg/test/images/1135.png,,,,0
fus_00001063,FUSeg,test,seg,data/FUSeg/test/images/1136.png,,,,0
fus_00001064,FUSeg,test,seg,data/FUSeg/test/images/1137.png,,,,0
fus_00001065,FUSeg,test,seg,data/FUSeg/test/images/1139.png,,,,0
fus_00001066,FUSeg,test,seg,data/FUSeg/test/images/1140.png,,,,0
fus_00001067,FUSeg,test,seg,data/FUSeg/test/images/1143.png,,,,0
fus_00001068,FUSeg,test,seg,data/FUSeg/test/images/1144.png,,,,0
fus_00001069,FUSeg,test,seg,data/FUSeg/test/images/1152.png,,,,0
fus_00001070,FUSeg,test,seg,data/FUSeg/test/images/1156.png,,,,0
fus_00001071,FUSeg,test,seg,data/FUSeg/test/images/1157.png,,,,0
fus_00001072,FUSeg,test,seg,data/FUSeg/test/images/1158.png,,,,0
fus_00001073,FUSeg,test,seg,data/FUSeg/test/images/1159.png,,,,0
fus_00001074,FUSeg,test,seg,data/FUSeg/test/images/1160.png,,,,0
fus_00001075,FUSeg,test,seg,data/FUSeg/test/images/1163.png,,,,0
fus_00001076,FUSeg,test,seg,data/FUSeg/test/images/1165.png,,,,0
fus_00001077,FUSeg,test,seg,data/FUSeg/test/images/1168.png,,,,0
fus_00001078,FUSeg,test,seg,data/FUSeg/test/images/1171.png,,,,0
fus_00001079,FUSeg,test,seg,data/FUSeg/test/images/1173.png,,,,0
fus_00001080,FUSeg,test,seg,data/FUSeg/test/images/1174.png,,,,0
fus_00001081,FUSeg,test,seg,data/FUSeg/test/images/1176.png,,,,0
fus_00001082,FUSeg,test,seg,data/FUSeg/test/images/1177.png,,,,0
fus_00001083,FUSeg,test,seg,data/FUSeg/test/images/1183.png,,,,0
fus_00001084,FUSeg,test,seg,data/FUSeg/test/images/1190.png,,,,0
fus_00001085,FUSeg,test,seg,data/FUSeg/test/images/1194.png,,,,0
fus_00001086,FUSeg,test,seg,data/FUSeg/test/images/1196.png,,,,0
fus_00001087,FUSeg,test,seg,data/FUSeg/test/images/1198.png,,,,0
fus_00001088,FUSeg,test,seg,data/FUSeg/test/images/1199.png,,,,0
fus_00001089,FUSeg,test,seg,data/FUSeg/test/images/1204.png,,,,0
fus_00001090,FUSeg,test,seg,data/FUSeg/test/images/1205.png,,,,0
fus_00001091,FUSeg,test,seg,data/FUSeg/test/images/1206.png,,,,0
fus_00001092,FUSeg,test,seg,data/FUSeg/test/images/1211.png,,,,0
fus_00001093,FUSeg,test,seg,data/FUSeg/test/images/1212.png,,,,0
fus_00001094,FUSeg,test,seg,data/FUSeg/test/images/1213.png,,,,0
fus_00001095,FUSeg,test,seg,data/FUSeg/test/images/1216.png,,,,0
fus_00001096,FUSeg,test,seg,data/FUSeg/test/images/1217.png,,,,0
fus_00001097,FUSeg,test,seg,data/FUSeg/test/images/1220.png,,,,0
fus_00001098,FUSeg,test,seg,data/FUSeg/test/images/1221.png,,,,0
fus_00001099,FUSeg,test,seg,data/FUSeg/test/images/1222.png,,,,0
fus_00001100,FUSeg,test,seg,data/FUSeg/test/images/1232.png,,,,0
fus_00001101,FUSeg,test,seg,data/FUSeg/test/images/1233.png,,,,0
fus_00001102,FUSeg,test,seg,data/FUSeg/test/images/1235.png,,,,0
fus_00001103,FUSeg,test,seg,data/FUSeg/test/images/1237.png,,,,0
fus_00001104,FUSeg,test,seg,data/FUSeg/test/images/1238.png,,,,0
fus_00001105,FUSeg,test,seg,data/FUSeg/test/images/1239.png,,,,0
fus_00001106,FUSeg,test,seg,data/FUSeg/test/images/1240.png,,,,0
fus_00001107,FUSeg,test,seg,data/FUSeg/test/images/1242.png,,,,0
fus_00001108,FUSeg,test,seg,data/FUSeg/test/images/1246.png,,,,0
fus_00001109,FUSeg,test,seg,data/FUSeg/test/images/1253.png,,,,0
fus_00001110,FUSeg,test,seg,data/FUSeg/test/images/1254.png,,,,0
fus_00001111,FUSeg,test,seg,data/FUSeg/test/images/1259.png,,,,0
fus_00001112,FUSeg,test,seg,data/FUSeg/test/images/1260.png,,,,0
fus_00001113,FUSeg,test,seg,data/FUSeg/test/images/1266.png,,,,0
fus_00001114,FUSeg,test,seg,data/FUSeg/test/images/1267.png,,,,0
fus_00001115,FUSeg,test,seg,data/FUSeg/test/images/1269.png,,,,0
fus_00001116,FUSeg,test,seg,data/FUSeg/test/images/1271.png,,,,0
fus_00001117,FUSeg,test,seg,data/FUSeg/test/images/1276.png,,,,0
fus_00001118,FUSeg,test,seg,data/FUSeg/test/images/1277.png,,,,0
fus_00001119,FUSeg,test,seg,data/FUSeg/test/images/1278.png,,,,0
fus_00001120,FUSeg,test,seg,data/FUSeg/test/images/1279.png,,,,0
fus_00001121,FUSeg,test,seg,data/FUSeg/test/images/1281.png,,,,0
fus_00001122,FUSeg,test,seg,data/FUSeg/test/images/1282.png,,,,0
fus_00001123,FUSeg,test,seg,data/FUSeg/test/images/1283.png,,,,0
fus_00001124,FUSeg,test,seg,data/FUSeg/test/images/1284.png,,,,0
fus_00001125,FUSeg,test,seg,data/FUSeg/test/images/1285.png,,,,0
fus_00001126,FUSeg,test,seg,data/FUSeg/test/images/1287.png,,,,0
fus_00001127,FUSeg,test,seg,data/FUSeg/test/images/1288.png,,,,0
fus_00001128,FUSeg,test,seg,data/FUSeg/test/images/1291.png,,,,0
fus_00001129,FUSeg,test,seg,data/FUSeg/test/images/1296.png,,,,0
fus_00001130,FUSeg,test,seg,data/FUSeg/test/images/1298.png,,,,0
fus_00001131,FUSeg,test,seg,data/FUSeg/test/images/1299.png,,,,0
fus_00001132,FUSeg,test,seg,data/FUSeg/test/images/1300.png,,,,0
fus_00001133,FUSeg,test,seg,data/FUSeg/test/images/1303.png,,,,0
fus_00001134,FUSeg,test,seg,data/FUSeg/test/images/1305.png,,,,0
fus_00001135,FUSeg,test,seg,data/FUSeg/test/images/1306.png,,,,0
fus_00001136,FUSeg,test,seg,data/FUSeg/test/images/1307.png,,,,0
fus_00001137,FUSeg,test,seg,data/FUSeg/test/images/1310.png,,,,0
fus_00001138,FUSeg,test,seg,data/FUSeg/test/images/1312.png,,,,0
fus_00001139,FUSeg,test,seg,data/FUSeg/test/images/1313.png,,,,0
fus_00001140,FUSeg,test,seg,data/FUSeg/test/images/1316.png,,,,0
fus_00001141,FUSeg,test,seg,data/FUSeg/test/images/1318.png,,,,0
fus_00001142,FUSeg,test,seg,data/FUSeg/test/images/1319.png,,,,0
fus_00001143,FUSeg,test,seg,data/FUSeg/test/images/1321.png,,,,0
fus_00001144,FUSeg,test,seg,data/FUSeg/test/images/1322.png,,,,0
fus_00001145,FUSeg,test,seg,data/FUSeg/test/images/1324.png,,,,0
fus_00001146,FUSeg,test,seg,data/FUSeg/test/images/1326.png,,,,0
fus_00001147,FUSeg,test,seg,data/FUSeg/test/images/1331.png,,,,0
fus_00001148,FUSeg,test,seg,data/FUSeg/test/images/1332.png,,,,0
fus_00001149,FUSeg,test,seg,data/FUSeg/test/images/1333.png,,,,0
fus_00001150,FUSeg,test,seg,data/FUSeg/test/images/1334.png,,,,0
fus_00001151,FUSeg,test,seg,data/FUSeg/test/images/1337.png,,,,0
fus_00001152,FUSeg,test,seg,data/FUSeg/test/images/1338.png,,,,0
fus_00001153,FUSeg,test,seg,data/FUSeg/test/images/1339.png,,,,0
fus_00001154,FUSeg,test,seg,data/FUSeg/test/images/1342.png,,,,0
fus_00001155,FUSeg,test,seg,data/FUSeg/test/images/1343.png,,,,0
fus_00001156,FUSeg,test,seg,data/FUSeg/test/images/1347.png,,,,0
fus_00001157,FUSeg,test,seg,data/FUSeg/test/images/1348.png,,,,0
fus_00001158,FUSeg,test,seg,data/FUSeg/test/images/1350.png,,,,0
fus_00001159,FUSeg,test,seg,data/FUSeg/test/images/1355.png,,,,0
fus_00001160,FUSeg,test,seg,data/FUSeg/test/images/1357.png,,,,0
fus_00001161,FUSeg,test,seg,data/FUSeg/test/images/1358.png,,,,0
fus_00001162,FUSeg,test,seg,data/FUSeg/test/images/1359.png,,,,0
fus_00001163,FUSeg,test,seg,data/FUSeg/test/images/1361.png,,,,0
fus_00001164,FUSeg,test,seg,data/FUSeg/test/images/1363.png,,,,0
fus_00001165,FUSeg,test,seg,data/FUSeg/test/images/1365.png,,,,0
fus_00001166,FUSeg,test,seg,data/FUSeg/test/images/1370.png,,,,0
fus_00001167,FUSeg,test,seg,data/FUSeg/test/images/1373.png,,,,0
fus_00001168,FUSeg,test,seg,data/FUSeg/test/images/1379.png,,,,0
fus_00001169,FUSeg,test,seg,data/FUSeg/test/images/1381.png,,,,0
fus_00001170,FUSeg,test,seg,data/FUSeg/test/images/1382.png,,,,0
fus_00001171,FUSeg,test,seg,data/FUSeg/test/images/1389.png,,,,0
fus_00001172,FUSeg,test,seg,data/FUSeg/test/images/1390.png,,,,0
fus_00001173,FUSeg,test,seg,data/FUSeg/test/images/1395.png,,,,0
fus_00001174,FUSeg,test,seg,data/FUSeg/test/images/1396.png,,,,0
fus_00001175,FUSeg,test,seg,data/FUSeg/test/images/1397.png,,,,0
fus_00001176,FUSeg,test,seg,data/FUSeg/test/images/1399.png,,,,0
fus_00001177,FUSeg,test,seg,data/FUSeg/test/images/1404.png,,,,0
fus_00001178,FUSeg,test,seg,data/FUSeg/test/images/1405.png,,,,0
fus_00001179,FUSeg,test,seg,data/FUSeg/test/images/1406.png,,,,0
fus_00001180,FUSeg,test,seg,data/FUSeg/test/images/1412.png,,,,0
fus_00001181,FUSeg,test,seg,data/FUSeg/test/images/1416.png,,,,0
fus_00001182,FUSeg,test,seg,data/FUSeg/test/images/1418.png,,,,0
fus_00001183,FUSeg,test,seg,data/FUSeg/test/images/1419.png,,,,0
fus_00001184,FUSeg,test,seg,data/FUSeg/test/images/1421.png,,,,0
fus_00001185,FUSeg,test,seg,data/FUSeg/test/images/1423.png,,,,0
fus_00001186,FUSeg,test,seg,data/FUSeg/test/images/1424.png,,,,0
fus_00001187,FUSeg,test,seg,data/FUSeg/test/images/1427.png,,,,0
fus_00001188,FUSeg,test,seg,data/FUSeg/test/images/1437.png,,,,0
fus_00001189,FUSeg,test,seg,data/FUSeg/test/images/1439.png,,,,0
fus_00001190,FUSeg,test,seg,data/FUSeg/test/images/1442.png,,,,0
fus_00001191,FUSeg,test,seg,data/FUSeg/test/images/1443.png,,,,0
fus_00001192,FUSeg,test,seg,data/FUSeg/test/images/1444.png,,,,0
fus_00001193,FUSeg,test,seg,data/FUSeg/test/images/1445.png,,,,0
fus_00001194,FUSeg,test,seg,data/FUSeg/test/images/1446.png,,,,0
fus_00001195,FUSeg,test,seg,data/FUSeg/test/images/1448.png,,,,0
fus_00001196,FUSeg,test,seg,data/FUSeg/test/images/1450.png,,,,0
fus_00001197,FUSeg,test,seg,data/FUSeg/test/images/1459.png,,,,0
fus_00001198,FUSeg,test,seg,data/FUSeg/test/images/1460.png,,,,0
fus_00001199,FUSeg,test,seg,data/FUSeg/test/images/1462.png,,,,0
fus_00001200,FUSeg,test,seg,data/FUSeg/test/images/1464.png,,,,0
fus_00001201,FUSeg,test,seg,data/FUSeg/test/images/1465.png,,,,0
fus_00001202,FUSeg,test,seg,data/FUSeg/test/images/1466.png,,,,0
fus_00001203,FUSeg,test,seg,data/FUSeg/test/images/1467.png,,,,0
fus_00001204,FUSeg,test,seg,data/FUSeg/test/images/1469.png,,,,0
fus_00001205,FUSeg,test,seg,data/FUSeg/test/images/1470.png,,,,0
fus_00001206,FUSeg,test,seg,data/FUSeg/test/images/1471.png,,,,0
fus_00001207,FUSeg,test,seg,data/FUSeg/test/images/1473.png,,,,0
fus_00001208,FUSeg,test,seg,data/FUSeg/test/images/1475.png,,,,0
fus_00001209,FUSeg,test,seg,data/FUSeg/test/images/1476.png,,,,0
azh_00001210,AZH,train,cls,data/AZH/train/BG/1.jpg,,bg,BG,1
azh_00001211,AZH,train,cls,data/AZH/train/BG/10.jpg,,bg,BG,1
azh_00001212,AZH,train,cls,data/AZH/train/BG/11.jpg,,bg,BG,1
azh_00001213,AZH,train,cls,data/AZH/train/BG/12.jpg,,bg,BG,1
azh_00001214,AZH,train,cls,data/AZH/train/BG/13.jpg,,bg,BG,1
azh_00001215,AZH,train,cls,data/AZH/train/BG/14.jpg,,bg,BG,1
azh_00001216,AZH,train,cls,data/AZH/train/BG/15.jpg,,bg,BG,1
azh_00001217,AZH,train,cls,data/AZH/train/BG/16.jpg,,bg,BG,1
azh_00001218,AZH,train,cls,data/AZH/train/BG/17.jpg,,bg,BG,1
azh_00001219,AZH,train,cls,data/AZH/train/BG/18.jpg,,bg,BG,1
azh_00001220,AZH,train,cls,data/AZH/train/BG/19.jpg,,bg,BG,1
azh_00001221,AZH,train,cls,data/AZH/train/BG/2.jpg,,bg,BG,1
azh_00001222,AZH,train,cls,data/AZH/train/BG/20.jpg,,bg,BG,1
azh_00001223,AZH,train,cls,data/AZH/train/BG/21.jpg,,bg,BG,1
azh_00001224,AZH,train,cls,data/AZH/train/BG/22.jpg,,bg,BG,1
azh_00001225,AZH,train,cls,data/AZH/train/BG/23.jpg,,bg,BG,1
azh_00001226,AZH,train,cls,data/AZH/train/BG/24.jpg,,bg,BG,1
azh_00001227,AZH,train,cls,data/AZH/train/BG/25.jpg,,bg,BG,1
azh_00001228,AZH,train,cls,data/AZH/train/BG/26.jpg,,bg,BG,1
azh_00001229,AZH,train,cls,data/AZH/train/BG/27.jpg,,bg,BG,1
azh_00001230,AZH,train,cls,data/AZH/train/BG/28.jpg,,bg,BG,1
azh_00001231,AZH,train,cls,data/AZH/train/BG/29.jpg,,bg,BG,1
azh_00001232,AZH,train,cls,data/AZH/train/BG/3.jpg,,bg,BG,1
azh_00001233,AZH,train,cls,data/AZH/train/BG/30.jpg,,bg,BG,1
azh_00001234,AZH,train,cls,data/AZH/train/BG/31.jpg,,bg,BG,1
azh_00001235,AZH,train,cls,data/AZH/train/BG/32.jpg,,bg,BG,1
azh_00001236,AZH,train,cls,data/AZH/train/BG/33.jpg,,bg,BG,1
azh_00001237,AZH,train,cls,data/AZH/train/BG/34.jpg,,bg,BG,1
azh_00001238,AZH,train,cls,data/AZH/train/BG/35.jpg,,bg,BG,1
azh_00001239,AZH,train,cls,data/AZH/train/BG/36.jpg,,bg,BG,1
azh_00001240,AZH,train,cls,data/AZH/train/BG/37.jpg,,bg,BG,1
azh_00001241,AZH,train,cls,data/AZH/train/BG/38.jpg,,bg,BG,1
azh_00001242,AZH,train,cls,data/AZH/train/BG/39.jpg,,bg,BG,1
azh_00001243,AZH,train,cls,data/AZH/train/BG/4.jpg,,bg,BG,1
azh_00001244,AZH,train,cls,data/AZH/train/BG/40.jpg,,bg,BG,1
azh_00001245,AZH,train,cls,data/AZH/train/BG/41.jpg,,bg,BG,1
azh_00001246,AZH,train,cls,data/AZH/train/BG/42.jpg,,bg,BG,1
azh_00001247,AZH,train,cls,data/AZH/train/BG/43.jpg,,bg,BG,1
azh_00001248,AZH,train,cls,data/AZH/train/BG/44.jpg,,bg,BG,1
azh_00001249,AZH,train,cls,data/AZH/train/BG/45.jpg,,bg,BG,1
azh_00001250,AZH,train,cls,data/AZH/train/BG/46.jpg,,bg,BG,1
azh_00001251,AZH,train,cls,data/AZH/train/BG/47.jpg,,bg,BG,1
azh_00001252,AZH,train,cls,data/AZH/train/BG/48.jpg,,bg,BG,1
azh_00001253,AZH,train,cls,data/AZH/train/BG/49.jpg,,bg,BG,1
azh_00001254,AZH,train,cls,data/AZH/train/BG/5.jpg,,bg,BG,1
azh_00001255,AZH,train,cls,data/AZH/train/BG/50.jpg,,bg,BG,1
azh_00001256,AZH,train,cls,data/AZH/train/BG/51.jpg,,bg,BG,1
azh_00001257,AZH,train,cls,data/AZH/train/BG/52.jpg,,bg,BG,1
azh_00001258,AZH,train,cls,data/AZH/train/BG/53.jpg,,bg,BG,1
azh_00001259,AZH,train,cls,data/AZH/train/BG/54.jpg,,bg,BG,1
azh_00001260,AZH,train,cls,data/AZH/train/BG/55.jpg,,bg,BG,1
azh_00001261,AZH,train,cls,data/AZH/train/BG/56.jpg,,bg,BG,1
azh_00001262,AZH,train,cls,data/AZH/train/BG/57.jpg,,bg,BG,1
azh_00001263,AZH,train,cls,data/AZH/train/BG/58.jpg,,bg,BG,1
azh_00001264,AZH,train,cls,data/AZH/train/BG/59.jpg,,bg,BG,1
azh_00001265,AZH,train,cls,data/AZH/train/BG/6.jpg,,bg,BG,1
azh_00001266,AZH,train,cls,data/AZH/train/BG/60.jpg,,bg,BG,1
azh_00001267,AZH,train,cls,data/AZH/train/BG/61.jpg,,bg,BG,1
azh_00001268,AZH,train,cls,data/AZH/train/BG/62.jpg,,bg,BG,1
azh_00001269,AZH,train,cls,data/AZH/train/BG/63.jpg,,bg,BG,1
azh_00001270,AZH,train,cls,data/AZH/train/BG/64.jpg,,bg,BG,1
azh_00001271,AZH,train,cls,data/AZH/train/BG/65.jpg,,bg,BG,1
azh_00001272,AZH,train,cls,data/AZH/train/BG/66.jpg,,bg,BG,1
azh_00001273,AZH,train,cls,data/AZH/train/BG/67.jpg,,bg,BG,1
azh_00001274,AZH,train,cls,data/AZH/train/BG/68.jpg,,bg,BG,1
azh_00001275,AZH,train,cls,data/AZH/train/BG/69.jpg,,bg,BG,1
azh_00001276,AZH,train,cls,data/AZH/train/BG/7.jpg,,bg,BG,1
azh_00001277,AZH,train,cls,data/AZH/train/BG/70.jpg,,bg,BG,1
azh_00001278,AZH,train,cls,data/AZH/train/BG/71.jpg,,bg,BG,1
azh_00001279,AZH,train,cls,data/AZH/train/BG/72.jpg,,bg,BG,1
azh_00001280,AZH,train,cls,data/AZH/train/BG/73.jpg,,bg,BG,1
azh_00001281,AZH,train,cls,data/AZH/train/BG/74.jpg,,bg,BG,1
azh_00001282,AZH,train,cls,data/AZH/train/BG/75.jpg,,bg,BG,1
azh_00001283,AZH,train,cls,data/AZH/train/BG/8.jpg,,bg,BG,1
azh_00001284,AZH,train,cls,data/AZH/train/BG/9.jpg,,bg,BG,1
azh_00001285,AZH,train,cls,data/AZH/train/diabetic/100_0.jpg,,diabetic,diabetic,1
azh_00001286,AZH,train,cls,data/AZH/train/diabetic/101_0.jpg,,diabetic,diabetic,1
azh_00001287,AZH,train,cls,data/AZH/train/diabetic/102_0.jpg,,diabetic,diabetic,1
azh_00001288,AZH,train,cls,data/AZH/train/diabetic/103_0.jpg,,diabetic,diabetic,1
azh_00001289,AZH,train,cls,data/AZH/train/diabetic/104_0.jpg,,diabetic,diabetic,1
azh_00001290,AZH,train,cls,data/AZH/train/diabetic/107_0.jpg,,diabetic,diabetic,1
azh_00001291,AZH,train,cls,data/AZH/train/diabetic/108_0.jpg,,diabetic,diabetic,1
azh_00001292,AZH,train,cls,data/AZH/train/diabetic/109_0.jpg,,diabetic,diabetic,1
azh_00001293,AZH,train,cls,data/AZH/train/diabetic/10_0.jpg,,diabetic,diabetic,1
azh_00001294,AZH,train,cls,data/AZH/train/diabetic/110_0.jpg,,diabetic,diabetic,1
azh_00001295,AZH,train,cls,data/AZH/train/diabetic/113_0.jpg,,diabetic,diabetic,1
azh_00001296,AZH,train,cls,data/AZH/train/diabetic/114_0.jpg,,diabetic,diabetic,1
azh_00001297,AZH,train,cls,data/AZH/train/diabetic/115_0.jpg,,diabetic,diabetic,1
azh_00001298,AZH,train,cls,data/AZH/train/diabetic/116_0.jpg,,diabetic,diabetic,1
azh_00001299,AZH,train,cls,data/AZH/train/diabetic/117_0.jpg,,diabetic,diabetic,1
azh_00001300,AZH,train,cls,data/AZH/train/diabetic/118_0.jpg,,diabetic,diabetic,1
azh_00001301,AZH,train,cls,data/AZH/train/diabetic/11_0.jpg,,diabetic,diabetic,1
azh_00001302,AZH,train,cls,data/AZH/train/diabetic/120_0.jpg,,diabetic,diabetic,1
azh_00001303,AZH,train,cls,data/AZH/train/diabetic/122_0.jpg,,diabetic,diabetic,1
azh_00001304,AZH,train,cls,data/AZH/train/diabetic/122_1.jpg,,diabetic,diabetic,1
azh_00001305,AZH,train,cls,data/AZH/train/diabetic/123_0.jpg,,diabetic,diabetic,1
azh_00001306,AZH,train,cls,data/AZH/train/diabetic/124_0.jpg,,diabetic,diabetic,1
azh_00001307,AZH,train,cls,data/AZH/train/diabetic/125_0.jpg,,diabetic,diabetic,1
azh_00001308,AZH,train,cls,data/AZH/train/diabetic/127_0.jpg,,diabetic,diabetic,1
azh_00001309,AZH,train,cls,data/AZH/train/diabetic/128_0.jpg,,diabetic,diabetic,1
azh_00001310,AZH,train,cls,data/AZH/train/diabetic/130_0.jpg,,diabetic,diabetic,1
azh_00001311,AZH,train,cls,data/AZH/train/diabetic/131_0.jpg,,diabetic,diabetic,1
azh_00001312,AZH,train,cls,data/AZH/train/diabetic/131_1.jpg,,diabetic,diabetic,1
azh_00001313,AZH,train,cls,data/AZH/train/diabetic/132_0.jpg,,diabetic,diabetic,1
azh_00001314,AZH,train,cls,data/AZH/train/diabetic/132_1.jpg,,diabetic,diabetic,1
azh_00001315,AZH,train,cls,data/AZH/train/diabetic/133_0.jpg,,diabetic,diabetic,1
azh_00001316,AZH,train,cls,data/AZH/train/diabetic/134_0.jpg,,diabetic,diabetic,1
azh_00001317,AZH,train,cls,data/AZH/train/diabetic/134_1.jpg,,diabetic,diabetic,1
azh_00001318,AZH,train,cls,data/AZH/train/diabetic/135_0.jpg,,diabetic,diabetic,1
azh_00001319,AZH,train,cls,data/AZH/train/diabetic/136_0.jpg,,diabetic,diabetic,1
azh_00001320,AZH,train,cls,data/AZH/train/diabetic/137_0.jpg,,diabetic,diabetic,1
azh_00001321,AZH,train,cls,data/AZH/train/diabetic/139_0.jpg,,diabetic,diabetic,1
azh_00001322,AZH,train,cls,data/AZH/train/diabetic/139_1.jpg,,diabetic,diabetic,1
azh_00001323,AZH,train,cls,data/AZH/train/diabetic/13_0.jpg,,diabetic,diabetic,1
azh_00001324,AZH,train,cls,data/AZH/train/diabetic/140_0.jpg,,diabetic,diabetic,1
azh_00001325,AZH,train,cls,data/AZH/train/diabetic/141_0.jpg,,diabetic,diabetic,1
azh_00001326,AZH,train,cls,data/AZH/train/diabetic/143_0.jpg,,diabetic,diabetic,1
azh_00001327,AZH,train,cls,data/AZH/train/diabetic/144_0.jpg,,diabetic,diabetic,1
azh_00001328,AZH,train,cls,data/AZH/train/diabetic/146_0.jpg,,diabetic,diabetic,1
azh_00001329,AZH,train,cls,data/AZH/train/diabetic/146_1.jpg,,diabetic,diabetic,1
azh_00001330,AZH,train,cls,data/AZH/train/diabetic/146_2.jpg,,diabetic,diabetic,1
azh_00001331,AZH,train,cls,data/AZH/train/diabetic/147_0.jpg,,diabetic,diabetic,1
azh_00001332,AZH,train,cls,data/AZH/train/diabetic/147_1.jpg,,diabetic,diabetic,1
azh_00001333,AZH,train,cls,data/AZH/train/diabetic/148_0.jpg,,diabetic,diabetic,1
azh_00001334,AZH,train,cls,data/AZH/train/diabetic/149_0.jpg,,diabetic,diabetic,1
azh_00001335,AZH,train,cls,data/AZH/train/diabetic/150_0.jpg,,diabetic,diabetic,1
azh_00001336,AZH,train,cls,data/AZH/train/diabetic/152_0.jpg,,diabetic,diabetic,1
azh_00001337,AZH,train,cls,data/AZH/train/diabetic/153_0.jpg,,diabetic,diabetic,1
azh_00001338,AZH,train,cls,data/AZH/train/diabetic/154_0.jpg,,diabetic,diabetic,1
azh_00001339,AZH,train,cls,data/AZH/train/diabetic/15_0.jpg,,diabetic,diabetic,1
azh_00001340,AZH,train,cls,data/AZH/train/diabetic/16_0.jpg,,diabetic,diabetic,1
azh_00001341,AZH,train,cls,data/AZH/train/diabetic/18_0.jpg,,diabetic,diabetic,1
azh_00001342,AZH,train,cls,data/AZH/train/diabetic/1_0.jpg,,diabetic,diabetic,1
azh_00001343,AZH,train,cls,data/AZH/train/diabetic/20_0.jpg,,diabetic,diabetic,1
azh_00001344,AZH,train,cls,data/AZH/train/diabetic/21_0.jpg,,diabetic,diabetic,1
azh_00001345,AZH,train,cls,data/AZH/train/diabetic/22_0.jpg,,diabetic,diabetic,1
azh_00001346,AZH,train,cls,data/AZH/train/diabetic/24_0.jpg,,diabetic,diabetic,1
azh_00001347,AZH,train,cls,data/AZH/train/diabetic/25_0.jpg,,diabetic,diabetic,1
azh_00001348,AZH,train,cls,data/AZH/train/diabetic/25_1.jpg,,diabetic,diabetic,1
azh_00001349,AZH,train,cls,data/AZH/train/diabetic/26_0.jpg,,diabetic,diabetic,1
azh_00001350,AZH,train,cls,data/AZH/train/diabetic/28_0.jpg,,diabetic,diabetic,1
azh_00001351,AZH,train,cls,data/AZH/train/diabetic/29_0.jpg,,diabetic,diabetic,1
azh_00001352,AZH,train,cls,data/AZH/train/diabetic/30_0.jpg,,diabetic,diabetic,1
azh_00001353,AZH,train,cls,data/AZH/train/diabetic/31_0.jpg,,diabetic,diabetic,1
azh_00001354,AZH,train,cls,data/AZH/train/diabetic/32_0.jpg,,diabetic,diabetic,1
azh_00001355,AZH,train,cls,data/AZH/train/diabetic/32_1.jpg,,diabetic,diabetic,1
azh_00001356,AZH,train,cls,data/AZH/train/diabetic/34_0.jpg,,diabetic,diabetic,1
azh_00001357,AZH,train,cls,data/AZH/train/diabetic/36_0.jpg,,diabetic,diabetic,1
azh_00001358,AZH,train,cls,data/AZH/train/diabetic/37_0.jpg,,diabetic,diabetic,1
azh_00001359,AZH,train,cls,data/AZH/train/diabetic/38_0.jpg,,diabetic,diabetic,1
azh_00001360,AZH,train,cls,data/AZH/train/diabetic/3_0.jpg,,diabetic,diabetic,1
azh_00001361,AZH,train,cls,data/AZH/train/diabetic/41_0.jpg,,diabetic,diabetic,1
azh_00001362,AZH,train,cls,data/AZH/train/diabetic/42_0.jpg,,diabetic,diabetic,1
azh_00001363,AZH,train,cls,data/AZH/train/diabetic/43_0.jpg,,diabetic,diabetic,1
azh_00001364,AZH,train,cls,data/AZH/train/diabetic/44_0.jpg,,diabetic,diabetic,1
azh_00001365,AZH,train,cls,data/AZH/train/diabetic/46_0.jpg,,diabetic,diabetic,1
azh_00001366,AZH,train,cls,data/AZH/train/diabetic/47_0.jpg,,diabetic,diabetic,1
azh_00001367,AZH,train,cls,data/AZH/train/diabetic/49_0.jpg,,diabetic,diabetic,1
azh_00001368,AZH,train,cls,data/AZH/train/diabetic/4_0.jpg,,diabetic,diabetic,1
azh_00001369,AZH,train,cls,data/AZH/train/diabetic/50_0.jpg,,diabetic,diabetic,1
azh_00001370,AZH,train,cls,data/AZH/train/diabetic/51_0.jpg,,diabetic,diabetic,1
azh_00001371,AZH,train,cls,data/AZH/train/diabetic/53_0.jpg,,diabetic,diabetic,1
azh_00001372,AZH,train,cls,data/AZH/train/diabetic/54_0.jpg,,diabetic,diabetic,1
azh_00001373,AZH,train,cls,data/AZH/train/diabetic/54_1.jpg,,diabetic,diabetic,1
azh_00001374,AZH,train,cls,data/AZH/train/diabetic/55_0.jpg,,diabetic,diabetic,1
azh_00001375,AZH,train,cls,data/AZH/train/diabetic/55_1.jpg,,diabetic,diabetic,1
azh_00001376,AZH,train,cls,data/AZH/train/diabetic/57_0.jpg,,diabetic,diabetic,1
azh_00001377,AZH,train,cls,data/AZH/train/diabetic/58_0.jpg,,diabetic,diabetic,1
azh_00001378,AZH,train,cls,data/AZH/train/diabetic/59_0.jpg,,diabetic,diabetic,1
azh_00001379,AZH,train,cls,data/AZH/train/diabetic/5_0.jpg,,diabetic,diabetic,1
azh_00001380,AZH,train,cls,data/AZH/train/diabetic/60_0.jpg,,diabetic,diabetic,1
azh_00001381,AZH,train,cls,data/AZH/train/diabetic/63_0.jpg,,diabetic,diabetic,1
azh_00001382,AZH,train,cls,data/AZH/train/diabetic/64_0.jpg,,diabetic,diabetic,1
azh_00001383,AZH,train,cls,data/AZH/train/diabetic/64_1.jpg,,diabetic,diabetic,1
azh_00001384,AZH,train,cls,data/AZH/train/diabetic/64_2.jpg,,diabetic,diabetic,1
azh_00001385,AZH,train,cls,data/AZH/train/diabetic/66_0.jpg,,diabetic,diabetic,1
azh_00001386,AZH,train,cls,data/AZH/train/diabetic/67_0.jpg,,diabetic,diabetic,1
azh_00001387,AZH,train,cls,data/AZH/train/diabetic/68_0.jpg,,diabetic,diabetic,1
azh_00001388,AZH,train,cls,data/AZH/train/diabetic/69_0.jpg,,diabetic,diabetic,1
azh_00001389,AZH,train,cls,data/AZH/train/diabetic/71_0.jpg,,diabetic,diabetic,1
azh_00001390,AZH,train,cls,data/AZH/train/diabetic/72_0.jpg,,diabetic,diabetic,1
azh_00001391,AZH,train,cls,data/AZH/train/diabetic/73_0.jpg,,diabetic,diabetic,1
azh_00001392,AZH,train,cls,data/AZH/train/diabetic/74_0.jpg,,diabetic,diabetic,1
azh_00001393,AZH,train,cls,data/AZH/train/diabetic/75_0.jpg,,diabetic,diabetic,1
azh_00001394,AZH,train,cls,data/AZH/train/diabetic/76_0.jpg,,diabetic,diabetic,1
azh_00001395,AZH,train,cls,data/AZH/train/diabetic/77_0.jpg,,diabetic,diabetic,1
azh_00001396,AZH,train,cls,data/AZH/train/diabetic/78_0.jpg,,diabetic,diabetic,1
azh_00001397,AZH,train,cls,data/AZH/train/diabetic/78_1.jpg,,diabetic,diabetic,1
azh_00001398,AZH,train,cls,data/AZH/train/diabetic/79_0.jpg,,diabetic,diabetic,1
azh_00001399,AZH,train,cls,data/AZH/train/diabetic/7_0.jpg,,diabetic,diabetic,1
azh_00001400,AZH,train,cls,data/AZH/train/diabetic/7_1.jpg,,diabetic,diabetic,1
azh_00001401,AZH,train,cls,data/AZH/train/diabetic/80_0.jpg,,diabetic,diabetic,1
azh_00001402,AZH,train,cls,data/AZH/train/diabetic/81_0.jpg,,diabetic,diabetic,1
azh_00001403,AZH,train,cls,data/AZH/train/diabetic/81_1.jpg,,diabetic,diabetic,1
azh_00001404,AZH,train,cls,data/AZH/train/diabetic/83_0.jpg,,diabetic,diabetic,1
azh_00001405,AZH,train,cls,data/AZH/train/diabetic/84_0.jpg,,diabetic,diabetic,1
azh_00001406,AZH,train,cls,data/AZH/train/diabetic/85_0.jpg,,diabetic,diabetic,1
azh_00001407,AZH,train,cls,data/AZH/train/diabetic/86_0.jpg,,diabetic,diabetic,1
azh_00001408,AZH,train,cls,data/AZH/train/diabetic/87_0.jpg,,diabetic,diabetic,1
azh_00001409,AZH,train,cls,data/AZH/train/diabetic/88_0.jpg,,diabetic,diabetic,1
azh_00001410,AZH,train,cls,data/AZH/train/diabetic/89_0.jpg,,diabetic,diabetic,1
azh_00001411,AZH,train,cls,data/AZH/train/diabetic/90_0.jpg,,diabetic,diabetic,1
azh_00001412,AZH,train,cls,data/AZH/train/diabetic/91_0.jpg,,diabetic,diabetic,1
azh_00001413,AZH,train,cls,data/AZH/train/diabetic/92_0.jpg,,diabetic,diabetic,1
azh_00001414,AZH,train,cls,data/AZH/train/diabetic/93_0.jpg,,diabetic,diabetic,1
azh_00001415,AZH,train,cls,data/AZH/train/diabetic/94_0.jpg,,diabetic,diabetic,1
azh_00001416,AZH,train,cls,data/AZH/train/diabetic/95_0.jpg,,diabetic,diabetic,1
azh_00001417,AZH,train,cls,data/AZH/train/diabetic/96_0.jpg,,diabetic,diabetic,1
azh_00001418,AZH,train,cls,data/AZH/train/diabetic/97_0.jpg,,diabetic,diabetic,1
azh_00001419,AZH,train,cls,data/AZH/train/diabetic/98_0.jpg,,diabetic,diabetic,1
azh_00001420,AZH,train,cls,data/AZH/train/diabetic/99_0.jpg,,diabetic,diabetic,1
azh_00001421,AZH,train,cls,data/AZH/train/diabetic/9_0.jpg,,diabetic,diabetic,1
azh_00001422,AZH,train,cls,data/AZH/train/diabetic/9_1.jpg,,diabetic,diabetic,1
azh_00001423,AZH,train,cls,data/AZH/train/diabetic/9_2.jpg,,diabetic,diabetic,1
azh_00001424,AZH,train,cls,data/AZH/train/no wound/1.jpg,,no_wound,no wound,1
azh_00001425,AZH,train,cls,data/AZH/train/no wound/10.jpg,,no_wound,no wound,1
azh_00001426,AZH,train,cls,data/AZH/train/no wound/11.jpg,,no_wound,no wound,1
azh_00001427,AZH,train,cls,data/AZH/train/no wound/12.jpg,,no_wound,no wound,1
azh_00001428,AZH,train,cls,data/AZH/train/no wound/13.jpg,,no_wound,no wound,1
azh_00001429,AZH,train,cls,data/AZH/train/no wound/14.jpg,,no_wound,no wound,1
azh_00001430,AZH,train,cls,data/AZH/train/no wound/15.jpg,,no_wound,no wound,1
azh_00001431,AZH,train,cls,data/AZH/train/no wound/16.jpg,,no_wound,no wound,1
azh_00001432,AZH,train,cls,data/AZH/train/no wound/17.jpg,,no_wound,no wound,1
azh_00001433,AZH,train,cls,data/AZH/train/no wound/18.jpg,,no_wound,no wound,1
azh_00001434,AZH,train,cls,data/AZH/train/no wound/19.jpg,,no_wound,no wound,1
azh_00001435,AZH,train,cls,data/AZH/train/no wound/2.jpg,,no_wound,no wound,1
azh_00001436,AZH,train,cls,data/AZH/train/no wound/20.jpg,,no_wound,no wound,1
azh_00001437,AZH,train,cls,data/AZH/train/no wound/21.jpg,,no_wound,no wound,1
azh_00001438,AZH,train,cls,data/AZH/train/no wound/22.jpg,,no_wound,no wound,1
azh_00001439,AZH,train,cls,data/AZH/train/no wound/23.jpg,,no_wound,no wound,1
azh_00001440,AZH,train,cls,data/AZH/train/no wound/24.jpg,,no_wound,no wound,1
azh_00001441,AZH,train,cls,data/AZH/train/no wound/25.jpg,,no_wound,no wound,1
azh_00001442,AZH,train,cls,data/AZH/train/no wound/26.jpg,,no_wound,no wound,1
azh_00001443,AZH,train,cls,data/AZH/train/no wound/27.jpg,,no_wound,no wound,1
azh_00001444,AZH,train,cls,data/AZH/train/no wound/28.jpg,,no_wound,no wound,1
azh_00001445,AZH,train,cls,data/AZH/train/no wound/29.jpg,,no_wound,no wound,1
azh_00001446,AZH,train,cls,data/AZH/train/no wound/3.jpg,,no_wound,no wound,1
azh_00001447,AZH,train,cls,data/AZH/train/no wound/30.jpg,,no_wound,no wound,1
azh_00001448,AZH,train,cls,data/AZH/train/no wound/31.jpg,,no_wound,no wound,1
azh_00001449,AZH,train,cls,data/AZH/train/no wound/32.jpg,,no_wound,no wound,1
azh_00001450,AZH,train,cls,data/AZH/train/no wound/33.jpg,,no_wound,no wound,1
azh_00001451,AZH,train,cls,data/AZH/train/no wound/34.jpg,,no_wound,no wound,1
azh_00001452,AZH,train,cls,data/AZH/train/no wound/35.jpg,,no_wound,no wound,1
azh_00001453,AZH,train,cls,data/AZH/train/no wound/36.jpg,,no_wound,no wound,1
azh_00001454,AZH,train,cls,data/AZH/train/no wound/37.jpg,,no_wound,no wound,1
azh_00001455,AZH,train,cls,data/AZH/train/no wound/38.jpg,,no_wound,no wound,1
azh_00001456,AZH,train,cls,data/AZH/train/no wound/39.jpg,,no_wound,no wound,1
azh_00001457,AZH,train,cls,data/AZH/train/no wound/4.jpg,,no_wound,no wound,1
azh_00001458,AZH,train,cls,data/AZH/train/no wound/40.jpg,,no_wound,no wound,1
azh_00001459,AZH,train,cls,data/AZH/train/no wound/41.jpg,,no_wound,no wound,1
azh_00001460,AZH,train,cls,data/AZH/train/no wound/42.jpg,,no_wound,no wound,1
azh_00001461,AZH,train,cls,data/AZH/train/no wound/43.jpg,,no_wound,no wound,1
azh_00001462,AZH,train,cls,data/AZH/train/no wound/44.jpg,,no_wound,no wound,1
azh_00001463,AZH,train,cls,data/AZH/train/no wound/45.jpg,,no_wound,no wound,1
azh_00001464,AZH,train,cls,data/AZH/train/no wound/46.jpg,,no_wound,no wound,1
azh_00001465,AZH,train,cls,data/AZH/train/no wound/47.jpg,,no_wound,no wound,1
azh_00001466,AZH,train,cls,data/AZH/train/no wound/48.jpg,,no_wound,no wound,1
azh_00001467,AZH,train,cls,data/AZH/train/no wound/49.jpg,,no_wound,no wound,1
azh_00001468,AZH,train,cls,data/AZH/train/no wound/5.jpg,,no_wound,no wound,1
azh_00001469,AZH,train,cls,data/AZH/train/no wound/50.jpg,,no_wound,no wound,1
azh_00001470,AZH,train,cls,data/AZH/train/no wound/51.jpg,,no_wound,no wound,1
azh_00001471,AZH,train,cls,data/AZH/train/no wound/52.jpg,,no_wound,no wound,1
azh_00001472,AZH,train,cls,data/AZH/train/no wound/53.jpg,,no_wound,no wound,1
azh_00001473,AZH,train,cls,data/AZH/train/no wound/54.jpg,,no_wound,no wound,1
azh_00001474,AZH,train,cls,data/AZH/train/no wound/55.jpg,,no_wound,no wound,1
azh_00001475,AZH,train,cls,data/AZH/train/no wound/56.jpg,,no_wound,no wound,1
azh_00001476,AZH,train,cls,data/AZH/train/no wound/57.jpg,,no_wound,no wound,1
azh_00001477,AZH,train,cls,data/AZH/train/no wound/58.jpg,,no_wound,no wound,1
azh_00001478,AZH,train,cls,data/AZH/train/no wound/59.jpg,,no_wound,no wound,1
azh_00001479,AZH,train,cls,data/AZH/train/no wound/6.jpg,,no_wound,no wound,1
azh_00001480,AZH,train,cls,data/AZH/train/no wound/60.jpg,,no_wound,no wound,1
azh_00001481,AZH,train,cls,data/AZH/train/no wound/61.jpg,,no_wound,no wound,1
azh_00001482,AZH,train,cls,data/AZH/train/no wound/62.jpg,,no_wound,no wound,1
azh_00001483,AZH,train,cls,data/AZH/train/no wound/63.jpg,,no_wound,no wound,1
azh_00001484,AZH,train,cls,data/AZH/train/no wound/64.jpg,,no_wound,no wound,1
azh_00001485,AZH,train,cls,data/AZH/train/no wound/65.jpg,,no_wound,no wound,1
azh_00001486,AZH,train,cls,data/AZH/train/no wound/66.jpg,,no_wound,no wound,1
azh_00001487,AZH,train,cls,data/AZH/train/no wound/67.jpg,,no_wound,no wound,1
azh_00001488,AZH,train,cls,data/AZH/train/no wound/68.jpg,,no_wound,no wound,1
azh_00001489,AZH,train,cls,data/AZH/train/no wound/69.jpg,,no_wound,no wound,1
azh_00001490,AZH,train,cls,data/AZH/train/no wound/7.jpg,,no_wound,no wound,1
azh_00001491,AZH,train,cls,data/AZH/train/no wound/70.jpg,,no_wound,no wound,1
azh_00001492,AZH,train,cls,data/AZH/train/no wound/71.jpg,,no_wound,no wound,1
azh_00001493,AZH,train,cls,data/AZH/train/no wound/72.jpg,,no_wound,no wound,1
azh_00001494,AZH,train,cls,data/AZH/train/no wound/73.jpg,,no_wound,no wound,1
azh_00001495,AZH,train,cls,data/AZH/train/no wound/74.jpg,,no_wound,no wound,1
azh_00001496,AZH,train,cls,data/AZH/train/no wound/75.jpg,,no_wound,no wound,1
azh_00001497,AZH,train,cls,data/AZH/train/no wound/8.jpg,,no_wound,no wound,1
azh_00001498,AZH,train,cls,data/AZH/train/no wound/9.jpg,,no_wound,no wound,1
azh_00001499,AZH,train,cls,data/AZH/train/pressure/10_0.jpg,,pressure,pressure,1
azh_00001500,AZH,train,cls,data/AZH/train/pressure/10_1.jpg,,pressure,pressure,1
azh_00001501,AZH,train,cls,data/AZH/train/pressure/10_2.jpg,,pressure,pressure,1
azh_00001502,AZH,train,cls,data/AZH/train/pressure/10_3.jpg,,pressure,pressure,1
azh_00001503,AZH,train,cls,data/AZH/train/pressure/11_0.jpg,,pressure,pressure,1
azh_00001504,AZH,train,cls,data/AZH/train/pressure/11_1.jpg,,pressure,pressure,1
azh_00001505,AZH,train,cls,data/AZH/train/pressure/11_2.jpg,,pressure,pressure,1
azh_00001506,AZH,train,cls,data/AZH/train/pressure/13_0.jpg,,pressure,pressure,1
azh_00001507,AZH,train,cls,data/AZH/train/pressure/13_1.jpg,,pressure,pressure,1
azh_00001508,AZH,train,cls,data/AZH/train/pressure/13_2.jpg,,pressure,pressure,1
azh_00001509,AZH,train,cls,data/AZH/train/pressure/14_0.jpg,,pressure,pressure,1
azh_00001510,AZH,train,cls,data/AZH/train/pressure/16_0.jpg,,pressure,pressure,1
azh_00001511,AZH,train,cls,data/AZH/train/pressure/17_0.jpg,,pressure,pressure,1
azh_00001512,AZH,train,cls,data/AZH/train/pressure/19_0.jpg,,pressure,pressure,1
azh_00001513,AZH,train,cls,data/AZH/train/pressure/1_0.jpg,,pressure,pressure,1
azh_00001514,AZH,train,cls,data/AZH/train/pressure/20_0.jpg,,pressure,pressure,1
azh_00001515,AZH,train,cls,data/AZH/train/pressure/21_0.jpg,,pressure,pressure,1
azh_00001516,AZH,train,cls,data/AZH/train/pressure/22_0.jpg,,pressure,pressure,1
azh_00001517,AZH,train,cls,data/AZH/train/pressure/23_0.jpg,,pressure,pressure,1
azh_00001518,AZH,train,cls,data/AZH/train/pressure/25_0.jpg,,pressure,pressure,1
azh_00001519,AZH,train,cls,data/AZH/train/pressure/25_1.jpg,,pressure,pressure,1
azh_00001520,AZH,train,cls,data/AZH/train/pressure/25_2.jpg,,pressure,pressure,1
azh_00001521,AZH,train,cls,data/AZH/train/pressure/25_3.jpg,,pressure,pressure,1
azh_00001522,AZH,train,cls,data/AZH/train/pressure/25_4.jpg,,pressure,pressure,1
azh_00001523,AZH,train,cls,data/AZH/train/pressure/27_0.jpg,,pressure,pressure,1
azh_00001524,AZH,train,cls,data/AZH/train/pressure/28_0.jpg,,pressure,pressure,1
azh_00001525,AZH,train,cls,data/AZH/train/pressure/29_0.jpg,,pressure,pressure,1
azh_00001526,AZH,train,cls,data/AZH/train/pressure/30_0.jpg,,pressure,pressure,1
azh_00001527,AZH,train,cls,data/AZH/train/pressure/33_0.jpg,,pressure,pressure,1
azh_00001528,AZH,train,cls,data/AZH/train/pressure/34_0.jpg,,pressure,pressure,1
azh_00001529,AZH,train,cls,data/AZH/train/pressure/35_0.jpg,,pressure,pressure,1
azh_00001530,AZH,train,cls,data/AZH/train/pressure/36_0.jpg,,pressure,pressure,1
azh_00001531,AZH,train,cls,data/AZH/train/pressure/37_0.jpg,,pressure,pressure,1
azh_00001532,AZH,train,cls,data/AZH/train/pressure/38_0.jpg,,pressure,pressure,1
azh_00001533,AZH,train,cls,data/AZH/train/pressure/38_1.jpg,,pressure,pressure,1
azh_00001534,AZH,train,cls,data/AZH/train/pressure/39_0.jpg,,pressure,pressure,1
azh_00001535,AZH,train,cls,data/AZH/train/pressure/3_0.jpg,,pressure,pressure,1
azh_00001536,AZH,train,cls,data/AZH/train/pressure/40_0.jpg,,pressure,pressure,1
azh_00001537,AZH,train,cls,data/AZH/train/pressure/41_0.jpg,,pressure,pressure,1
azh_00001538,AZH,train,cls,data/AZH/train/pressure/41_1.jpg,,pressure,pressure,1
azh_00001539,AZH,train,cls,data/AZH/train/pressure/42_0.jpg,,pressure,pressure,1
azh_00001540,AZH,train,cls,data/AZH/train/pressure/43_0.jpg,,pressure,pressure,1
azh_00001541,AZH,train,cls,data/AZH/train/pressure/44_0.jpg,,pressure,pressure,1
azh_00001542,AZH,train,cls,data/AZH/train/pressure/45_0.jpg,,pressure,pressure,1
azh_00001543,AZH,train,cls,data/AZH/train/pressure/46_0.jpg,,pressure,pressure,1
azh_00001544,AZH,train,cls,data/AZH/train/pressure/47_0.jpg,,pressure,pressure,1
azh_00001545,AZH,train,cls,data/AZH/train/pressure/48_0.jpg,,pressure,pressure,1
azh_00001546,AZH,train,cls,data/AZH/train/pressure/48_1.jpg,,pressure,pressure,1
azh_00001547,AZH,train,cls,data/AZH/train/pressure/48_2.jpg,,pressure,pressure,1
azh_00001548,AZH,train,cls,data/AZH/train/pressure/48_3.jpg,,pressure,pressure,1
azh_00001549,AZH,train,cls,data/AZH/train/pressure/4_0.jpg,,pressure,pressure,1
azh_00001550,AZH,train,cls,data/AZH/train/pressure/50_0.jpg,,pressure,pressure,1
azh_00001551,AZH,train,cls,data/AZH/train/pressure/52_0.jpg,,pressure,pressure,1
azh_00001552,AZH,train,cls,data/AZH/train/pressure/54_0.jpg,,pressure,pressure,1
azh_00001553,AZH,train,cls,data/AZH/train/pressure/55_0.jpg,,pressure,pressure,1
azh_00001554,AZH,train,cls,data/AZH/train/pressure/56_0.jpg,,pressure,pressure,1
azh_00001555,AZH,train,cls,data/AZH/train/pressure/57_0.jpg,,pressure,pressure,1
azh_00001556,AZH,train,cls,data/AZH/train/pressure/5_0.jpg,,pressure,pressure,1
azh_00001557,AZH,train,cls,data/AZH/train/pressure/60_0.jpg,,pressure,pressure,1
azh_00001558,AZH,train,cls,data/AZH/train/pressure/61_0.jpg,,pressure,pressure,1
azh_00001559,AZH,train,cls,data/AZH/train/pressure/62_0.jpg,,pressure,pressure,1
azh_00001560,AZH,train,cls,data/AZH/train/pressure/63_0.jpg,,pressure,pressure,1
azh_00001561,AZH,train,cls,data/AZH/train/pressure/64_0.jpg,,pressure,pressure,1
azh_00001562,AZH,train,cls,data/AZH/train/pressure/65_0.jpg,,pressure,pressure,1
azh_00001563,AZH,train,cls,data/AZH/train/pressure/66_0.jpg,,pressure,pressure,1
azh_00001564,AZH,train,cls,data/AZH/train/pressure/67_0.jpg,,pressure,pressure,1
azh_00001565,AZH,train,cls,data/AZH/train/pressure/68_0.jpg,,pressure,pressure,1
azh_00001566,AZH,train,cls,data/AZH/train/pressure/69_0.jpg,,pressure,pressure,1
azh_00001567,AZH,train,cls,data/AZH/train/pressure/69_1.jpg,,pressure,pressure,1
azh_00001568,AZH,train,cls,data/AZH/train/pressure/6_0.jpg,,pressure,pressure,1
azh_00001569,AZH,train,cls,data/AZH/train/pressure/6_1.jpg,,pressure,pressure,1
azh_00001570,AZH,train,cls,data/AZH/train/pressure/71_0.jpg,,pressure,pressure,1
azh_00001571,AZH,train,cls,data/AZH/train/pressure/72_0.jpg,,pressure,pressure,1
azh_00001572,AZH,train,cls,data/AZH/train/pressure/72_1.jpg,,pressure,pressure,1
azh_00001573,AZH,train,cls,data/AZH/train/pressure/73_0.jpg,,pressure,pressure,1
azh_00001574,AZH,train,cls,data/AZH/train/pressure/74_0.jpg,,pressure,pressure,1
azh_00001575,AZH,train,cls,data/AZH/train/pressure/76_0.jpg,,pressure,pressure,1
azh_00001576,AZH,train,cls,data/AZH/train/pressure/77_0.jpg,,pressure,pressure,1
azh_00001577,AZH,train,cls,data/AZH/train/pressure/78_0.jpg,,pressure,pressure,1
azh_00001578,AZH,train,cls,data/AZH/train/pressure/7_0.jpg,,pressure,pressure,1
azh_00001579,AZH,train,cls,data/AZH/train/pressure/7_1.jpg,,pressure,pressure,1
azh_00001580,AZH,train,cls,data/AZH/train/pressure/80_0.jpg,,pressure,pressure,1
azh_00001581,AZH,train,cls,data/AZH/train/pressure/83_0.jpg,,pressure,pressure,1
azh_00001582,AZH,train,cls,data/AZH/train/pressure/84_0.jpg,,pressure,pressure,1
azh_00001583,AZH,train,cls,data/AZH/train/pressure/85_0.jpg,,pressure,pressure,1
azh_00001584,AZH,train,cls,data/AZH/train/pressure/86_0.jpg,,pressure,pressure,1
azh_00001585,AZH,train,cls,data/AZH/train/pressure/87_0.jpg,,pressure,pressure,1
azh_00001586,AZH,train,cls,data/AZH/train/pressure/88_0.jpg,,pressure,pressure,1
azh_00001587,AZH,train,cls,data/AZH/train/pressure/89_0.jpg,,pressure,pressure,1
azh_00001588,AZH,train,cls,data/AZH/train/pressure/8_0.jpg,,pressure,pressure,1
azh_00001589,AZH,train,cls,data/AZH/train/pressure/91_0.jpg,,pressure,pressure,1
azh_00001590,AZH,train,cls,data/AZH/train/pressure/92_0.jpg,,pressure,pressure,1
azh_00001591,AZH,train,cls,data/AZH/train/pressure/93_0.jpg,,pressure,pressure,1
azh_00001592,AZH,train,cls,data/AZH/train/pressure/94_0.jpg,,pressure,pressure,1
azh_00001593,AZH,train,cls,data/AZH/train/pressure/95_0.jpg,,pressure,pressure,1
azh_00001594,AZH,train,cls,data/AZH/train/pressure/96_0.jpg,,pressure,pressure,1
azh_00001595,AZH,train,cls,data/AZH/train/pressure/97_0.jpg,,pressure,pressure,1
azh_00001596,AZH,train,cls,data/AZH/train/pressure/98_0.jpg,,pressure,pressure,1
azh_00001597,AZH,train,cls,data/AZH/train/pressure/99_0.jpg,,pressure,pressure,1
azh_00001598,AZH,train,cls,data/AZH/train/pressure/9_0.jpg,,pressure,pressure,1
azh_00001599,AZH,train,cls,data/AZH/train/surgical/101_0.jpg,,surgical,surgical,1
azh_00001600,AZH,train,cls,data/AZH/train/surgical/102_0.jpg,,surgical,surgical,1
azh_00001601,AZH,train,cls,data/AZH/train/surgical/103_0.jpg,,surgical,surgical,1
azh_00001602,AZH,train,cls,data/AZH/train/surgical/105_0.jpg,,surgical,surgical,1
azh_00001603,AZH,train,cls,data/AZH/train/surgical/106_0.jpg,,surgical,surgical,1
azh_00001604,AZH,train,cls,data/AZH/train/surgical/107_0.jpg,,surgical,surgical,1
azh_00001605,AZH,train,cls,data/AZH/train/surgical/108_0.jpg,,surgical,surgical,1
azh_00001606,AZH,train,cls,data/AZH/train/surgical/109_0.jpg,,surgical,surgical,1
azh_00001607,AZH,train,cls,data/AZH/train/surgical/10_0.jpg,,surgical,surgical,1
azh_00001608,AZH,train,cls,data/AZH/train/surgical/110_0.jpg,,surgical,surgical,1
azh_00001609,AZH,train,cls,data/AZH/train/surgical/110_1.jpg,,surgical,surgical,1
azh_00001610,AZH,train,cls,data/AZH/train/surgical/112_0.jpg,,surgical,surgical,1
azh_00001611,AZH,train,cls,data/AZH/train/surgical/113_0.jpg,,surgical,surgical,1
azh_00001612,AZH,train,cls,data/AZH/train/surgical/114_0.jpg,,surgical,surgical,1
azh_00001613,AZH,train,cls,data/AZH/train/surgical/115_0.jpg,,surgical,surgical,1
azh_00001614,AZH,train,cls,data/AZH/train/surgical/116_0.jpg,,surgical,surgical,1
azh_00001615,AZH,train,cls,data/AZH/train/surgical/117_0.jpg,,surgical,surgical,1
azh_00001616,AZH,train,cls,data/AZH/train/surgical/119_0.jpg,,surgical,surgical,1
azh_00001617,AZH,train,cls,data/AZH/train/surgical/11_0.jpg,,surgical,surgical,1
azh_00001618,AZH,train,cls,data/AZH/train/surgical/11_1.jpg,,surgical,surgical,1
azh_00001619,AZH,train,cls,data/AZH/train/surgical/11_2.jpg,,surgical,surgical,1
azh_00001620,AZH,train,cls,data/AZH/train/surgical/120_0.jpg,,surgical,surgical,1
azh_00001621,AZH,train,cls,data/AZH/train/surgical/122_0.jpg,,surgical,surgical,1
azh_00001622,AZH,train,cls,data/AZH/train/surgical/123_0.jpg,,surgical,surgical,1
azh_00001623,AZH,train,cls,data/AZH/train/surgical/125_0.jpg,,surgical,surgical,1
azh_00001624,AZH,train,cls,data/AZH/train/surgical/126_0.jpg,,surgical,surgical,1
azh_00001625,AZH,train,cls,data/AZH/train/surgical/127_0.jpg,,surgical,surgical,1
azh_00001626,AZH,train,cls,data/AZH/train/surgical/12_0.jpg,,surgical,surgical,1
azh_00001627,AZH,train,cls,data/AZH/train/surgical/13_0.jpg,,surgical,surgical,1
azh_00001628,AZH,train,cls,data/AZH/train/surgical/13_1.jpg,,surgical,surgical,1
azh_00001629,AZH,train,cls,data/AZH/train/surgical/15_0.jpg,,surgical,surgical,1
azh_00001630,AZH,train,cls,data/AZH/train/surgical/15_1.jpg,,surgical,surgical,1
azh_00001631,AZH,train,cls,data/AZH/train/surgical/17_0.jpg,,surgical,surgical,1
azh_00001632,AZH,train,cls,data/AZH/train/surgical/17_1.jpg,,surgical,surgical,1
azh_00001633,AZH,train,cls,data/AZH/train/surgical/18_0.jpg,,surgical,surgical,1
azh_00001634,AZH,train,cls,data/AZH/train/surgical/1_0.jpg,,surgical,surgical,1
azh_00001635,AZH,train,cls,data/AZH/train/surgical/20_0.jpg,,surgical,surgical,1
azh_00001636,AZH,train,cls,data/AZH/train/surgical/20_1.jpg,,surgical,surgical,1
azh_00001637,AZH,train,cls,data/AZH/train/surgical/21_0.jpg,,surgical,surgical,1
azh_00001638,AZH,train,cls,data/AZH/train/surgical/22_0.jpg,,surgical,surgical,1
azh_00001639,AZH,train,cls,data/AZH/train/surgical/23_0.jpg,,surgical,surgical,1
azh_00001640,AZH,train,cls,data/AZH/train/surgical/23_1.jpg,,surgical,surgical,1
azh_00001641,AZH,train,cls,data/AZH/train/surgical/25_0.jpg,,surgical,surgical,1
azh_00001642,AZH,train,cls,data/AZH/train/surgical/27_0.jpg,,surgical,surgical,1
azh_00001643,AZH,train,cls,data/AZH/train/surgical/28_0.jpg,,surgical,surgical,1
azh_00001644,AZH,train,cls,data/AZH/train/surgical/2_0.jpg,,surgical,surgical,1
azh_00001645,AZH,train,cls,data/AZH/train/surgical/30_0.jpg,,surgical,surgical,1
azh_00001646,AZH,train,cls,data/AZH/train/surgical/31_0.jpg,,surgical,surgical,1
azh_00001647,AZH,train,cls,data/AZH/train/surgical/32_0.jpg,,surgical,surgical,1
azh_00001648,AZH,train,cls,data/AZH/train/surgical/33_0.jpg,,surgical,surgical,1
azh_00001649,AZH,train,cls,data/AZH/train/surgical/34_0.jpg,,surgical,surgical,1
azh_00001650,AZH,train,cls,data/AZH/train/surgical/35_0.jpg,,surgical,surgical,1
azh_00001651,AZH,train,cls,data/AZH/train/surgical/36_0.jpg,,surgical,surgical,1
azh_00001652,AZH,train,cls,data/AZH/train/surgical/37_0.jpg,,surgical,surgical,1
azh_00001653,AZH,train,cls,data/AZH/train/surgical/37_1.jpg,,surgical,surgical,1
azh_00001654,AZH,train,cls,data/AZH/train/surgical/38_0.jpg,,surgical,surgical,1
azh_00001655,AZH,train,cls,data/AZH/train/surgical/39_0.jpg,,surgical,surgical,1
azh_00001656,AZH,train,cls,data/AZH/train/surgical/3_0.jpg,,surgical,surgical,1
azh_00001657,AZH,train,cls,data/AZH/train/surgical/40_0.jpg,,surgical,surgical,1
azh_00001658,AZH,train,cls,data/AZH/train/surgical/41_0.jpg,,surgical,surgical,1
azh_00001659,AZH,train,cls,data/AZH/train/surgical/42_0.jpg,,surgical,surgical,1
azh_00001660,AZH,train,cls,data/AZH/train/surgical/43_0.jpg,,surgical,surgical,1
azh_00001661,AZH,train,cls,data/AZH/train/surgical/44_0.jpg,,surgical,surgical,1
azh_00001662,AZH,train,cls,data/AZH/train/surgical/45_0.jpg,,surgical,surgical,1
azh_00001663,AZH,train,cls,data/AZH/train/surgical/46_0.jpg,,surgical,surgical,1
azh_00001664,AZH,train,cls,data/AZH/train/surgical/48_0.jpg,,surgical,surgical,1
azh_00001665,AZH,train,cls,data/AZH/train/surgical/50_0.jpg,,surgical,surgical,1
azh_00001666,AZH,train,cls,data/AZH/train/surgical/50_1.jpg,,surgical,surgical,1
azh_00001667,AZH,train,cls,data/AZH/train/surgical/52_0.jpg,,surgical,surgical,1
azh_00001668,AZH,train,cls,data/AZH/train/surgical/52_1.jpg,,surgical,surgical,1
azh_00001669,AZH,train,cls,data/AZH/train/surgical/53_0.jpg,,surgical,surgical,1
azh_00001670,AZH,train,cls,data/AZH/train/surgical/54_0.jpg,,surgical,surgical,1
azh_00001671,AZH,train,cls,data/AZH/train/surgical/55_0.jpg,,surgical,surgical,1
azh_00001672,AZH,train,cls,data/AZH/train/surgical/56_0.jpg,,surgical,surgical,1
azh_00001673,AZH,train,cls,data/AZH/train/surgical/58_0.jpg,,surgical,surgical,1
azh_00001674,AZH,train,cls,data/AZH/train/surgical/59_0.jpg,,surgical,surgical,1
azh_00001675,AZH,train,cls,data/AZH/train/surgical/5_0.jpg,,surgical,surgical,1
azh_00001676,AZH,train,cls,data/AZH/train/surgical/5_1.jpg,,surgical,surgical,1
azh_00001677,AZH,train,cls,data/AZH/train/surgical/5_2.jpg,,surgical,surgical,1
azh_00001678,AZH,train,cls,data/AZH/train/surgical/60_0.jpg,,surgical,surgical,1
azh_00001679,AZH,train,cls,data/AZH/train/surgical/60_1.jpg,,surgical,surgical,1
azh_00001680,AZH,train,cls,data/AZH/train/surgical/61_0.jpg,,surgical,surgical,1
azh_00001681,AZH,train,cls,data/AZH/train/surgical/62_0.jpg,,surgical,surgical,1
azh_00001682,AZH,train,cls,data/AZH/train/surgical/63_0.jpg,,surgical,surgical,1
azh_00001683,AZH,train,cls,data/AZH/train/surgical/64_0.jpg,,surgical,surgical,1
azh_00001684,AZH,train,cls,data/AZH/train/surgical/64_1.jpg,,surgical,surgical,1
azh_00001685,AZH,train,cls,data/AZH/train/surgical/65_0.jpg,,surgical,surgical,1
azh_00001686,AZH,train,cls,data/AZH/train/surgical/67_0.jpg,,surgical,surgical,1
azh_00001687,AZH,train,cls,data/AZH/train/surgical/67_1.jpg,,surgical,surgical,1
azh_00001688,AZH,train,cls,data/AZH/train/surgical/69_0.jpg,,surgical,surgical,1
azh_00001689,AZH,train,cls,data/AZH/train/surgical/6_0.jpg,,surgical,surgical,1
azh_00001690,AZH,train,cls,data/AZH/train/surgical/6_1.jpg,,surgical,surgical,1
azh_00001691,AZH,train,cls,data/AZH/train/surgical/70_0.jpg,,surgical,surgical,1
azh_00001692,AZH,train,cls,data/AZH/train/surgical/71_0.jpg,,surgical,surgical,1
azh_00001693,AZH,train,cls,data/AZH/train/surgical/72_0.jpg,,surgical,surgical,1
azh_00001694,AZH,train,cls,data/AZH/train/surgical/73_0.jpg,,surgical,surgical,1
azh_00001695,AZH,train,cls,data/AZH/train/surgical/75_0.jpg,,surgical,surgical,1
azh_00001696,AZH,train,cls,data/AZH/train/surgical/75_1.jpg,,surgical,surgical,1
azh_00001697,AZH,train,cls,data/AZH/train/surgical/77_0.jpg,,surgical,surgical,1
azh_00001698,AZH,train,cls,data/AZH/train/surgical/77_1.jpg,,surgical,surgical,1
azh_00001699,AZH,train,cls,data/AZH/train/surgical/78_0.jpg,,surgical,surgical,1
azh_00001700,AZH,train,cls,data/AZH/train/surgical/79_0.jpg,,surgical,surgical,1
azh_00001701,AZH,train,cls,data/AZH/train/surgical/80_0.jpg,,surgical,surgical,1
azh_00001702,AZH,train,cls,data/AZH/train/surgical/81_0.jpg,,surgical,surgical,1
azh_00001703,AZH,train,cls,data/AZH/train/surgical/82_0.jpg,,surgical,surgical,1
azh_00001704,AZH,train,cls,data/AZH/train/surgical/84_0.jpg,,surgical,surgical,1
azh_00001705,AZH,train,cls,data/AZH/train/surgical/85_0.jpg,,surgical,surgical,1
azh_00001706,AZH,train,cls,data/AZH/train/surgical/86_0.jpg,,surgical,surgical,1
azh_00001707,AZH,train,cls,data/AZH/train/surgical/87_0.jpg,,surgical,surgical,1
azh_00001708,AZH,train,cls,data/AZH/train/surgical/87_1.jpg,,surgical,surgical,1
azh_00001709,AZH,train,cls,data/AZH/train/surgical/88_0.jpg,,surgical,surgical,1
azh_00001710,AZH,train,cls,data/AZH/train/surgical/89_0.jpg,,surgical,surgical,1
azh_00001711,AZH,train,cls,data/AZH/train/surgical/8_0.jpg,,surgical,surgical,1
azh_00001712,AZH,train,cls,data/AZH/train/surgical/8_1.jpg,,surgical,surgical,1
azh_00001713,AZH,train,cls,data/AZH/train/surgical/90_0.jpg,,surgical,surgical,1
azh_00001714,AZH,train,cls,data/AZH/train/surgical/91_0.jpg,,surgical,surgical,1
azh_00001715,AZH,train,cls,data/AZH/train/surgical/93_0.jpg,,surgical,surgical,1
azh_00001716,AZH,train,cls,data/AZH/train/surgical/94_0.jpg,,surgical,surgical,1
azh_00001717,AZH,train,cls,data/AZH/train/surgical/95_0.jpg,,surgical,surgical,1
azh_00001718,AZH,train,cls,data/AZH/train/surgical/96_0.jpg,,surgical,surgical,1
azh_00001719,AZH,train,cls,data/AZH/train/surgical/97_0.jpg,,surgical,surgical,1
azh_00001720,AZH,train,cls,data/AZH/train/surgical/98_0.jpg,,surgical,surgical,1
azh_00001721,AZH,train,cls,data/AZH/train/venous/100_0.jpg,,venous,venous,1
azh_00001722,AZH,train,cls,data/AZH/train/venous/101_0.jpg,,venous,venous,1
azh_00001723,AZH,train,cls,data/AZH/train/venous/101_1.jpg,,venous,venous,1
azh_00001724,AZH,train,cls,data/AZH/train/venous/102_0.jpg,,venous,venous,1
azh_00001725,AZH,train,cls,data/AZH/train/venous/103_0.jpg,,venous,venous,1
azh_00001726,AZH,train,cls,data/AZH/train/venous/103_1.jpg,,venous,venous,1
azh_00001727,AZH,train,cls,data/AZH/train/venous/105_0.jpg,,venous,venous,1
azh_00001728,AZH,train,cls,data/AZH/train/venous/106_0.jpg,,venous,venous,1
azh_00001729,AZH,train,cls,data/AZH/train/venous/106_1.jpg,,venous,venous,1
azh_00001730,AZH,train,cls,data/AZH/train/venous/107_0.jpg,,venous,venous,1
azh_00001731,AZH,train,cls,data/AZH/train/venous/107_1.jpg,,venous,venous,1
azh_00001732,AZH,train,cls,data/AZH/train/venous/109_0.jpg,,venous,venous,1
azh_00001733,AZH,train,cls,data/AZH/train/venous/110_0.jpg,,venous,venous,1
azh_00001734,AZH,train,cls,data/AZH/train/venous/110_1.jpg,,venous,venous,1
azh_00001735,AZH,train,cls,data/AZH/train/venous/110_2.jpg,,venous,venous,1
azh_00001736,AZH,train,cls,data/AZH/train/venous/110_3.jpg,,venous,venous,1
azh_00001737,AZH,train,cls,data/AZH/train/venous/111_0.jpg,,venous,venous,1
azh_00001738,AZH,train,cls,data/AZH/train/venous/112_0.jpg,,venous,venous,1
azh_00001739,AZH,train,cls,data/AZH/train/venous/113_0.jpg,,venous,venous,1
azh_00001740,AZH,train,cls,data/AZH/train/venous/114_0.jpg,,venous,venous,1
azh_00001741,AZH,train,cls,data/AZH/train/venous/114_1.jpg,,venous,venous,1
azh_00001742,AZH,train,cls,data/AZH/train/venous/115_0.jpg,,venous,venous,1
azh_00001743,AZH,train,cls,data/AZH/train/venous/115_1.jpg,,venous,venous,1
azh_00001744,AZH,train,cls,data/AZH/train/venous/116_0.jpg,,venous,venous,1
azh_00001745,AZH,train,cls,data/AZH/train/venous/117_0.jpg,,venous,venous,1
azh_00001746,AZH,train,cls,data/AZH/train/venous/117_1.jpg,,venous,venous,1
azh_00001747,AZH,train,cls,data/AZH/train/venous/118_0.jpg,,venous,venous,1
azh_00001748,AZH,train,cls,data/AZH/train/venous/118_1.jpg,,venous,venous,1
azh_00001749,AZH,train,cls,data/AZH/train/venous/118_2.jpg,,venous,venous,1
azh_00001750,AZH,train,cls,data/AZH/train/venous/118_3.jpg,,venous,venous,1
azh_00001751,AZH,train,cls,data/AZH/train/venous/119_0.jpg,,venous,venous,1
azh_00001752,AZH,train,cls,data/AZH/train/venous/120_0.jpg,,venous,venous,1
azh_00001753,AZH,train,cls,data/AZH/train/venous/122_0.jpg,,venous,venous,1
azh_00001754,AZH,train,cls,data/AZH/train/venous/122_1.jpg,,venous,venous,1
azh_00001755,AZH,train,cls,data/AZH/train/venous/122_2.jpg,,venous,venous,1
azh_00001756,AZH,train,cls,data/AZH/train/venous/122_3.jpg,,venous,venous,1
azh_00001757,AZH,train,cls,data/AZH/train/venous/123_0.jpg,,venous,venous,1
azh_00001758,AZH,train,cls,data/AZH/train/venous/124_0.jpg,,venous,venous,1
azh_00001759,AZH,train,cls,data/AZH/train/venous/125_0.jpg,,venous,venous,1
azh_00001760,AZH,train,cls,data/AZH/train/venous/126_0.jpg,,venous,venous,1
azh_00001761,AZH,train,cls,data/AZH/train/venous/127_0.jpg,,venous,venous,1
azh_00001762,AZH,train,cls,data/AZH/train/venous/128_0.jpg,,venous,venous,1
azh_00001763,AZH,train,cls,data/AZH/train/venous/129_0.jpg,,venous,venous,1
azh_00001764,AZH,train,cls,data/AZH/train/venous/130_0.jpg,,venous,venous,1
azh_00001765,AZH,train,cls,data/AZH/train/venous/131_0.jpg,,venous,venous,1
azh_00001766,AZH,train,cls,data/AZH/train/venous/132_0.jpg,,venous,venous,1
azh_00001767,AZH,train,cls,data/AZH/train/venous/133_0.jpg,,venous,venous,1
azh_00001768,AZH,train,cls,data/AZH/train/venous/136_0.jpg,,venous,venous,1
azh_00001769,AZH,train,cls,data/AZH/train/venous/137_0.jpg,,venous,venous,1
azh_00001770,AZH,train,cls,data/AZH/train/venous/137_1.jpg,,venous,venous,1
azh_00001771,AZH,train,cls,data/AZH/train/venous/139_0.jpg,,venous,venous,1
azh_00001772,AZH,train,cls,data/AZH/train/venous/13_0.jpg,,venous,venous,1
azh_00001773,AZH,train,cls,data/AZH/train/venous/140_0.jpg,,venous,venous,1
azh_00001774,AZH,train,cls,data/AZH/train/venous/140_1.jpg,,venous,venous,1
azh_00001775,AZH,train,cls,data/AZH/train/venous/141_0.jpg,,venous,venous,1
azh_00001776,AZH,train,cls,data/AZH/train/venous/141_1.jpg,,venous,venous,1
azh_00001777,AZH,train,cls,data/AZH/train/venous/143_0.jpg,,venous,venous,1
azh_00001778,AZH,train,cls,data/AZH/train/venous/144_0.jpg,,venous,venous,1
azh_00001779,AZH,train,cls,data/AZH/train/venous/144_1.jpg,,venous,venous,1
azh_00001780,AZH,train,cls,data/AZH/train/venous/144_2.jpg,,venous,venous,1
azh_00001781,AZH,train,cls,data/AZH/train/venous/144_3.jpg,,venous,venous,1
azh_00001782,AZH,train,cls,data/AZH/train/venous/144_4.jpg,,venous,venous,1
azh_00001783,AZH,train,cls,data/AZH/train/venous/146_0.jpg,,venous,venous,1
azh_00001784,AZH,train,cls,data/AZH/train/venous/147_0.jpg,,venous,venous,1
azh_00001785,AZH,train,cls,data/AZH/train/venous/149_0.jpg,,venous,venous,1
azh_00001786,AZH,train,cls,data/AZH/train/venous/14_0.jpg,,venous,venous,1
azh_00001787,AZH,train,cls,data/AZH/train/venous/150_0.jpg,,venous,venous,1
azh_00001788,AZH,train,cls,data/AZH/train/venous/150_1.jpg,,venous,venous,1
azh_00001789,AZH,train,cls,data/AZH/train/venous/152_0.jpg,,venous,venous,1
azh_00001790,AZH,train,cls,data/AZH/train/venous/153_0.jpg,,venous,venous,1
azh_00001791,AZH,train,cls,data/AZH/train/venous/153_1.jpg,,venous,venous,1
azh_00001792,AZH,train,cls,data/AZH/train/venous/154_0.jpg,,venous,venous,1
azh_00001793,AZH,train,cls,data/AZH/train/venous/155_0.jpg,,venous,venous,1
azh_00001794,AZH,train,cls,data/AZH/train/venous/15_0.jpg,,venous,venous,1
azh_00001795,AZH,train,cls,data/AZH/train/venous/16_0.jpg,,venous,venous,1
azh_00001796,AZH,train,cls,data/AZH/train/venous/18_0.jpg,,venous,venous,1
azh_00001797,AZH,train,cls,data/AZH/train/venous/19_0.jpg,,venous,venous,1
azh_00001798,AZH,train,cls,data/AZH/train/venous/1_0.jpg,,venous,venous,1
azh_00001799,AZH,train,cls,data/AZH/train/venous/20_0.jpg,,venous,venous,1
azh_00001800,AZH,train,cls,data/AZH/train/venous/21_0.jpg,,venous,venous,1
azh_00001801,AZH,train,cls,data/AZH/train/venous/22_0.jpg,,venous,venous,1
azh_00001802,AZH,train,cls,data/AZH/train/venous/23_0.jpg,,venous,venous,1
azh_00001803,AZH,train,cls,data/AZH/train/venous/23_1.jpg,,venous,venous,1
azh_00001804,AZH,train,cls,data/AZH/train/venous/24_0.jpg,,venous,venous,1
azh_00001805,AZH,train,cls,data/AZH/train/venous/26_0.jpg,,venous,venous,1
azh_00001806,AZH,train,cls,data/AZH/train/venous/27_0.jpg,,venous,venous,1
azh_00001807,AZH,train,cls,data/AZH/train/venous/29_0.jpg,,venous,venous,1
azh_00001808,AZH,train,cls,data/AZH/train/venous/30_0.jpg,,venous,venous,1
azh_00001809,AZH,train,cls,data/AZH/train/venous/30_1.jpg,,venous,venous,1
azh_00001810,AZH,train,cls,data/AZH/train/venous/31_0.jpg,,venous,venous,1
azh_00001811,AZH,train,cls,data/AZH/train/venous/32_0.jpg,,venous,venous,1
azh_00001812,AZH,train,cls,data/AZH/train/venous/33_0.jpg,,venous,venous,1
azh_00001813,AZH,train,cls,data/AZH/train/venous/34_0.jpg,,venous,venous,1
azh_00001814,AZH,train,cls,data/AZH/train/venous/35_0.jpg,,venous,venous,1
azh_00001815,AZH,train,cls,data/AZH/train/venous/36_0.jpg,,venous,venous,1
azh_00001816,AZH,train,cls,data/AZH/train/venous/38_0.jpg,,venous,venous,1
azh_00001817,AZH,train,cls,data/AZH/train/venous/38_1.jpg,,venous,venous,1
azh_00001818,AZH,train,cls,data/AZH/train/venous/39_0.jpg,,venous,venous,1
azh_00001819,AZH,train,cls,data/AZH/train/venous/39_1.jpg,,venous,venous,1
azh_00001820,AZH,train,cls,data/AZH/train/venous/3_0.jpg,,venous,venous,1
azh_00001821,AZH,train,cls,data/AZH/train/venous/40_0.jpg,,venous,venous,1
azh_00001822,AZH,train,cls,data/AZH/train/venous/40_1.jpg,,venous,venous,1
azh_00001823,AZH,train,cls,data/AZH/train/venous/40_2.jpg,,venous,venous,1
azh_00001824,AZH,train,cls,data/AZH/train/venous/40_3.jpg,,venous,venous,1
azh_00001825,AZH,train,cls,data/AZH/train/venous/40_4.jpg,,venous,venous,1
azh_00001826,AZH,train,cls,data/AZH/train/venous/40_5.jpg,,venous,venous,1
azh_00001827,AZH,train,cls,data/AZH/train/venous/40_6.jpg,,venous,venous,1
azh_00001828,AZH,train,cls,data/AZH/train/venous/40_7.jpg,,venous,venous,1
azh_00001829,AZH,train,cls,data/AZH/train/venous/41_0.jpg,,venous,venous,1
azh_00001830,AZH,train,cls,data/AZH/train/venous/41_1.jpg,,venous,venous,1
azh_00001831,AZH,train,cls,data/AZH/train/venous/41_2.jpg,,venous,venous,1
azh_00001832,AZH,train,cls,data/AZH/train/venous/43_0.jpg,,venous,venous,1
azh_00001833,AZH,train,cls,data/AZH/train/venous/44_0.jpg,,venous,venous,1
azh_00001834,AZH,train,cls,data/AZH/train/venous/45_0.jpg,,venous,venous,1
azh_00001835,AZH,train,cls,data/AZH/train/venous/46_0.jpg,,venous,venous,1
azh_00001836,AZH,train,cls,data/AZH/train/venous/46_1.jpg,,venous,venous,1
azh_00001837,AZH,train,cls,data/AZH/train/venous/46_2.jpg,,venous,venous,1
azh_00001838,AZH,train,cls,data/AZH/train/venous/46_3.jpg,,venous,venous,1
azh_00001839,AZH,train,cls,data/AZH/train/venous/48_0.jpg,,venous,venous,1
azh_00001840,AZH,train,cls,data/AZH/train/venous/49_0.jpg,,venous,venous,1
azh_00001841,AZH,train,cls,data/AZH/train/venous/4_0.jpg,,venous,venous,1
azh_00001842,AZH,train,cls,data/AZH/train/venous/50_0.jpg,,venous,venous,1
azh_00001843,AZH,train,cls,data/AZH/train/venous/52_0.jpg,,venous,venous,1
azh_00001844,AZH,train,cls,data/AZH/train/venous/52_1.jpg,,venous,venous,1
azh_00001845,AZH,train,cls,data/AZH/train/venous/54_0.jpg,,venous,venous,1
azh_00001846,AZH,train,cls,data/AZH/train/venous/54_1.jpg,,venous,venous,1
azh_00001847,AZH,train,cls,data/AZH/train/venous/55_0.jpg,,venous,venous,1
azh_00001848,AZH,train,cls,data/AZH/train/venous/57_0.jpg,,venous,venous,1
azh_00001849,AZH,train,cls,data/AZH/train/venous/58_0.jpg,,venous,venous,1
azh_00001850,AZH,train,cls,data/AZH/train/venous/59_0.jpg,,venous,venous,1
azh_00001851,AZH,train,cls,data/AZH/train/venous/5_0.jpg,,venous,venous,1
azh_00001852,AZH,train,cls,data/AZH/train/venous/5_1.jpg,,venous,venous,1
azh_00001853,AZH,train,cls,data/AZH/train/venous/60_0.jpg,,venous,venous,1
azh_00001854,AZH,train,cls,data/AZH/train/venous/60_1.jpg,,venous,venous,1
azh_00001855,AZH,train,cls,data/AZH/train/venous/62_0.jpg,,venous,venous,1
azh_00001856,AZH,train,cls,data/AZH/train/venous/63_0.jpg,,venous,venous,1
azh_00001857,AZH,train,cls,data/AZH/train/venous/63_1.jpg,,venous,venous,1
azh_00001858,AZH,train,cls,data/AZH/train/venous/64_0.jpg,,venous,venous,1
azh_00001859,AZH,train,cls,data/AZH/train/venous/64_1.jpg,,venous,venous,1
azh_00001860,AZH,train,cls,data/AZH/train/venous/65_0.jpg,,venous,venous,1
azh_00001861,AZH,train,cls,data/AZH/train/venous/66_0.jpg,,venous,venous,1
azh_00001862,AZH,train,cls,data/AZH/train/venous/68_0.jpg,,venous,venous,1
azh_00001863,AZH,train,cls,data/AZH/train/venous/68_1.jpg,,venous,venous,1
azh_00001864,AZH,train,cls,data/AZH/train/venous/69_0.jpg,,venous,venous,1
azh_00001865,AZH,train,cls,data/AZH/train/venous/6_0.jpg,,venous,venous,1
azh_00001866,AZH,train,cls,data/AZH/train/venous/6_1.jpg,,venous,venous,1
azh_00001867,AZH,train,cls,data/AZH/train/venous/6_2.jpg,,venous,venous,1
azh_00001868,AZH,train,cls,data/AZH/train/venous/6_3.jpg,,venous,venous,1
azh_00001869,AZH,train,cls,data/AZH/train/venous/70_0.jpg,,venous,venous,1
azh_00001870,AZH,train,cls,data/AZH/train/venous/71_0.jpg,,venous,venous,1
azh_00001871,AZH,train,cls,data/AZH/train/venous/72_0.jpg,,venous,venous,1
azh_00001872,AZH,train,cls,data/AZH/train/venous/73_0.jpg,,venous,venous,1
azh_00001873,AZH,train,cls,data/AZH/train/venous/74_0.jpg,,venous,venous,1
azh_00001874,AZH,train,cls,data/AZH/train/venous/76_0.jpg,,venous,venous,1
azh_00001875,AZH,train,cls,data/AZH/train/venous/77_0.jpg,,venous,venous,1
azh_00001876,AZH,train,cls,data/AZH/train/venous/79_0.jpg,,venous,venous,1
azh_00001877,AZH,train,cls,data/AZH/train/venous/80_0.jpg,,venous,venous,1
azh_00001878,AZH,train,cls,data/AZH/train/venous/82_0.jpg,,venous,venous,1
azh_00001879,AZH,train,cls,data/AZH/train/venous/83_0.jpg,,venous,venous,1
azh_00001880,AZH,train,cls,data/AZH/train/venous/84_0.jpg,,venous,venous,1
azh_00001881,AZH,train,cls,data/AZH/train/venous/85_0.jpg,,venous,venous,1
azh_00001882,AZH,train,cls,data/AZH/train/venous/86_0.jpg,,venous,venous,1
azh_00001883,AZH,train,cls,data/AZH/train/venous/87_0.jpg,,venous,venous,1
azh_00001884,AZH,train,cls,data/AZH/train/venous/87_1.jpg,,venous,venous,1
azh_00001885,AZH,train,cls,data/AZH/train/venous/87_2.jpg,,venous,venous,1
azh_00001886,AZH,train,cls,data/AZH/train/venous/87_3.jpg,,venous,venous,1
azh_00001887,AZH,train,cls,data/AZH/train/venous/87_4.jpg,,venous,venous,1
azh_00001888,AZH,train,cls,data/AZH/train/venous/89_0.jpg,,venous,venous,1
azh_00001889,AZH,train,cls,data/AZH/train/venous/8_0.jpg,,venous,venous,1
azh_00001890,AZH,train,cls,data/AZH/train/venous/8_1.jpg,,venous,venous,1
azh_00001891,AZH,train,cls,data/AZH/train/venous/90_0.jpg,,venous,venous,1
azh_00001892,AZH,train,cls,data/AZH/train/venous/91_0.jpg,,venous,venous,1
azh_00001893,AZH,train,cls,data/AZH/train/venous/91_1.jpg,,venous,venous,1
azh_00001894,AZH,train,cls,data/AZH/train/venous/92_0.jpg,,venous,venous,1
azh_00001895,AZH,train,cls,data/AZH/train/venous/93_0.jpg,,venous,venous,1
azh_00001896,AZH,train,cls,data/AZH/train/venous/94_0.jpg,,venous,venous,1
azh_00001897,AZH,train,cls,data/AZH/train/venous/95_0.jpg,,venous,venous,1
azh_00001898,AZH,train,cls,data/AZH/train/venous/96_0.jpg,,venous,venous,1
azh_00001899,AZH,train,cls,data/AZH/train/venous/97_0.jpg,,venous,venous,1
azh_00001900,AZH,train,cls,data/AZH/train/venous/97_1.jpg,,venous,venous,1
azh_00001901,AZH,train,cls,data/AZH/train/venous/97_2.jpg,,venous,venous,1
azh_00001902,AZH,train,cls,data/AZH/train/venous/98_0.jpg,,venous,venous,1
azh_00001903,AZH,train,cls,data/AZH/train/venous/98_1.jpg,,venous,venous,1
azh_00001904,AZH,train,cls,data/AZH/train/venous/99_0.jpg,,venous,venous,1
azh_00001905,AZH,train,cls,data/AZH/train/venous/9_0.jpg,,venous,venous,1
azh_00001906,AZH,test,cls,data/AZH/test/BG/100.jpg,,bg,BG,1
azh_00001907,AZH,test,cls,data/AZH/test/BG/76.jpg,,bg,BG,1
azh_00001908,AZH,test,cls,data/AZH/test/BG/77.jpg,,bg,BG,1
azh_00001909,AZH,test,cls,data/AZH/test/BG/78.jpg,,bg,BG,1
azh_00001910,AZH,test,cls,data/AZH/test/BG/79.jpg,,bg,BG,1
azh_00001911,AZH,test,cls,data/AZH/test/BG/80.jpg,,bg,BG,1
azh_00001912,AZH,test,cls,data/AZH/test/BG/81.jpg,,bg,BG,1
azh_00001913,AZH,test,cls,data/AZH/test/BG/82.jpg,,bg,BG,1
azh_00001914,AZH,test,cls,data/AZH/test/BG/83.jpg,,bg,BG,1
azh_00001915,AZH,test,cls,data/AZH/test/BG/84.jpg,,bg,BG,1
azh_00001916,AZH,test,cls,data/AZH/test/BG/85.jpg,,bg,BG,1
azh_00001917,AZH,test,cls,data/AZH/test/BG/86.jpg,,bg,BG,1
azh_00001918,AZH,test,cls,data/AZH/test/BG/87.jpg,,bg,BG,1
azh_00001919,AZH,test,cls,data/AZH/test/BG/88.jpg,,bg,BG,1
azh_00001920,AZH,test,cls,data/AZH/test/BG/89.jpg,,bg,BG,1
azh_00001921,AZH,test,cls,data/AZH/test/BG/90.jpg,,bg,BG,1
azh_00001922,AZH,test,cls,data/AZH/test/BG/91.jpg,,bg,BG,1
azh_00001923,AZH,test,cls,data/AZH/test/BG/92.jpg,,bg,BG,1
azh_00001924,AZH,test,cls,data/AZH/test/BG/93.jpg,,bg,BG,1
azh_00001925,AZH,test,cls,data/AZH/test/BG/94.jpg,,bg,BG,1
azh_00001926,AZH,test,cls,data/AZH/test/BG/95.jpg,,bg,BG,1
azh_00001927,AZH,test,cls,data/AZH/test/BG/96.jpg,,bg,BG,1
azh_00001928,AZH,test,cls,data/AZH/test/BG/97.jpg,,bg,BG,1
azh_00001929,AZH,test,cls,data/AZH/test/BG/98.jpg,,bg,BG,1
azh_00001930,AZH,test,cls,data/AZH/test/BG/99.jpg,,bg,BG,1
azh_00001931,AZH,test,cls,data/AZH/test/diabetic/105_0.jpg,,diabetic,diabetic,1
azh_00001932,AZH,test,cls,data/AZH/test/diabetic/106_0.jpg,,diabetic,diabetic,1
azh_00001933,AZH,test,cls,data/AZH/test/diabetic/111_0.jpg,,diabetic,diabetic,1
azh_00001934,AZH,test,cls,data/AZH/test/diabetic/112_0.jpg,,diabetic,diabetic,1
azh_00001935,AZH,test,cls,data/AZH/test/diabetic/119_0.jpg,,diabetic,diabetic,1
azh_00001936,AZH,test,cls,data/AZH/test/diabetic/121_0.jpg,,diabetic,diabetic,1
azh_00001937,AZH,test,cls,data/AZH/test/diabetic/126_0.jpg,,diabetic,diabetic,1
azh_00001938,AZH,test,cls,data/AZH/test/diabetic/129_0.jpg,,diabetic,diabetic,1
azh_00001939,AZH,test,cls,data/AZH/test/diabetic/129_1.jpg,,diabetic,diabetic,1
azh_00001940,AZH,test,cls,data/AZH/test/diabetic/129_2.jpg,,diabetic,diabetic,1
azh_00001941,AZH,test,cls,data/AZH/test/diabetic/129_3.jpg,,diabetic,diabetic,1
azh_00001942,AZH,test,cls,data/AZH/test/diabetic/12_0.jpg,,diabetic,diabetic,1
azh_00001943,AZH,test,cls,data/AZH/test/diabetic/138_0.jpg,,diabetic,diabetic,1
azh_00001944,AZH,test,cls,data/AZH/test/diabetic/138_1.jpg,,diabetic,diabetic,1
azh_00001945,AZH,test,cls,data/AZH/test/diabetic/142_0.jpg,,diabetic,diabetic,1
azh_00001946,AZH,test,cls,data/AZH/test/diabetic/145_0.jpg,,diabetic,diabetic,1
azh_00001947,AZH,test,cls,data/AZH/test/diabetic/145_1.jpg,,diabetic,diabetic,1
azh_00001948,AZH,test,cls,data/AZH/test/diabetic/14_0.jpg,,diabetic,diabetic,1
azh_00001949,AZH,test,cls,data/AZH/test/diabetic/151_0.jpg,,diabetic,diabetic,1
azh_00001950,AZH,test,cls,data/AZH/test/diabetic/17_0.jpg,,diabetic,diabetic,1
azh_00001951,AZH,test,cls,data/AZH/test/diabetic/19_0.jpg,,diabetic,diabetic,1
azh_00001952,AZH,test,cls,data/AZH/test/diabetic/23_0.jpg,,diabetic,diabetic,1
azh_00001953,AZH,test,cls,data/AZH/test/diabetic/23_1.jpg,,diabetic,diabetic,1
azh_00001954,AZH,test,cls,data/AZH/test/diabetic/27_0.jpg,,diabetic,diabetic,1
azh_00001955,AZH,test,cls,data/AZH/test/diabetic/2_0.jpg,,diabetic,diabetic,1
azh_00001956,AZH,test,cls,data/AZH/test/diabetic/33_0.jpg,,diabetic,diabetic,1
azh_00001957,AZH,test,cls,data/AZH/test/diabetic/35_0.jpg,,diabetic,diabetic,1
azh_00001958,AZH,test,cls,data/AZH/test/diabetic/39_0.jpg,,diabetic,diabetic,1
azh_00001959,AZH,test,cls,data/AZH/test/diabetic/40_0.jpg,,diabetic,diabetic,1
azh_00001960,AZH,test,cls,data/AZH/test/diabetic/45_0.jpg,,diabetic,diabetic,1
azh_00001961,AZH,test,cls,data/AZH/test/diabetic/45_1.jpg,,diabetic,diabetic,1
azh_00001962,AZH,test,cls,data/AZH/test/diabetic/48_0.jpg,,diabetic,diabetic,1
azh_00001963,AZH,test,cls,data/AZH/test/diabetic/52_0.jpg,,diabetic,diabetic,1
azh_00001964,AZH,test,cls,data/AZH/test/diabetic/56_0.jpg,,diabetic,diabetic,1
azh_00001965,AZH,test,cls,data/AZH/test/diabetic/56_1.jpg,,diabetic,diabetic,1
azh_00001966,AZH,test,cls,data/AZH/test/diabetic/56_2.jpg,,diabetic,diabetic,1
azh_00001967,AZH,test,cls,data/AZH/test/diabetic/61_0.jpg,,diabetic,diabetic,1
azh_00001968,AZH,test,cls,data/AZH/test/diabetic/62_0.jpg,,diabetic,diabetic,1
azh_00001969,AZH,test,cls,data/AZH/test/diabetic/65_0.jpg,,diabetic,diabetic,1
azh_00001970,AZH,test,cls,data/AZH/test/diabetic/65_1.jpg,,diabetic,diabetic,1
azh_00001971,AZH,test,cls,data/AZH/test/diabetic/6_0.jpg,,diabetic,diabetic,1
azh_00001972,AZH,test,cls,data/AZH/test/diabetic/70_0.jpg,,diabetic,diabetic,1
azh_00001973,AZH,test,cls,data/AZH/test/diabetic/70_1.jpg,,diabetic,diabetic,1
azh_00001974,AZH,test,cls,data/AZH/test/diabetic/82_0.jpg,,diabetic,diabetic,1
azh_00001975,AZH,test,cls,data/AZH/test/diabetic/82_1.jpg,,diabetic,diabetic,1
azh_00001976,AZH,test,cls,data/AZH/test/diabetic/8_0.jpg,,diabetic,diabetic,1
azh_00001977,AZH,test,cls,data/AZH/test/no wound/100.jpg,,no_wound,no wound,1
azh_00001978,AZH,test,cls,data/AZH/test/no wound/76.jpg,,no_wound,no wound,1
azh_00001979,AZH,test,cls,data/AZH/test/no wound/77.jpg,,no_wound,no wound,1
azh_00001980,AZH,test,cls,data/AZH/test/no wound/78.jpg,,no_wound,no wound,1
azh_00001981,AZH,test,cls,data/AZH/test/no wound/79.jpg,,no_wound,no wound,1
azh_00001982,AZH,test,cls,data/AZH/test/no wound/80.jpg,,no_wound,no wound,1
azh_00001983,AZH,test,cls,data/AZH/test/no wound/81.jpg,,no_wound,no wound,1
azh_00001984,AZH,test,cls,data/AZH/test/no wound/82.jpg,,no_wound,no wound,1
azh_00001985,AZH,test,cls,data/AZH/test/no wound/83.jpg,,no_wound,no wound,1
azh_00001986,AZH,test,cls,data/AZH/test/no wound/84.jpg,,no_wound,no wound,1
azh_00001987,AZH,test,cls,data/AZH/test/no wound/85.jpg,,no_wound,no wound,1
azh_00001988,AZH,test,cls,data/AZH/test/no wound/86.jpg,,no_wound,no wound,1
azh_00001989,AZH,test,cls,data/AZH/test/no wound/87.jpg,,no_wound,no wound,1
azh_00001990,AZH,test,cls,data/AZH/test/no wound/88.jpg,,no_wound,no wound,1
azh_00001991,AZH,test,cls,data/AZH/test/no wound/89.jpg,,no_wound,no wound,1
azh_00001992,AZH,test,cls,data/AZH/test/no wound/90.jpg,,no_wound,no wound,1
azh_00001993,AZH,test,cls,data/AZH/test/no wound/91.jpg,,no_wound,no wound,1
azh_00001994,AZH,test,cls,data/AZH/test/no wound/92.jpg,,no_wound,no wound,1
azh_00001995,AZH,test,cls,data/AZH/test/no wound/93.jpg,,no_wound,no wound,1
azh_00001996,AZH,test,cls,data/AZH/test/no wound/94.jpg,,no_wound,no wound,1
azh_00001997,AZH,test,cls,data/AZH/test/no wound/95.jpg,,no_wound,no wound,1
azh_00001998,AZH,test,cls,data/AZH/test/no wound/96.jpg,,no_wound,no wound,1
azh_00001999,AZH,test,cls,data/AZH/test/no wound/97.jpg,,no_wound,no wound,1
azh_00002000,AZH,test,cls,data/AZH/test/no wound/98.jpg,,no_wound,no wound,1
azh_00002001,AZH,test,cls,data/AZH/test/no wound/99.jpg,,no_wound,no wound,1
azh_00002002,AZH,test,cls,data/AZH/test/pressure/100_0.jpg,,pressure,pressure,1
azh_00002003,AZH,test,cls,data/AZH/test/pressure/12_0.jpg,,pressure,pressure,1
azh_00002004,AZH,test,cls,data/AZH/test/pressure/15_0.jpg,,pressure,pressure,1
azh_00002005,AZH,test,cls,data/AZH/test/pressure/18_0.jpg,,pressure,pressure,1
azh_00002006,AZH,test,cls,data/AZH/test/pressure/18_1.jpg,,pressure,pressure,1
azh_00002007,AZH,test,cls,data/AZH/test/pressure/24_0.jpg,,pressure,pressure,1
azh_00002008,AZH,test,cls,data/AZH/test/pressure/26_0.jpg,,pressure,pressure,1
azh_00002009,AZH,test,cls,data/AZH/test/pressure/26_1.jpg,,pressure,pressure,1
azh_00002010,AZH,test,cls,data/AZH/test/pressure/2_0.jpg,,pressure,pressure,1
azh_00002011,AZH,test,cls,data/AZH/test/pressure/31_0.jpg,,pressure,pressure,1
azh_00002012,AZH,test,cls,data/AZH/test/pressure/32_0.jpg,,pressure,pressure,1
azh_00002013,AZH,test,cls,data/AZH/test/pressure/49_0.jpg,,pressure,pressure,1
azh_00002014,AZH,test,cls,data/AZH/test/pressure/49_1.jpg,,pressure,pressure,1
azh_00002015,AZH,test,cls,data/AZH/test/pressure/49_2.jpg,,pressure,pressure,1
azh_00002016,AZH,test,cls,data/AZH/test/pressure/49_3.jpg,,pressure,pressure,1
azh_00002017,AZH,test,cls,data/AZH/test/pressure/51_0.jpg,,pressure,pressure,1
azh_00002018,AZH,test,cls,data/AZH/test/pressure/53_0.jpg,,pressure,pressure,1
azh_00002019,AZH,test,cls,data/AZH/test/pressure/58_0.jpg,,pressure,pressure,1
azh_00002020,AZH,test,cls,data/AZH/test/pressure/59_0.jpg,,pressure,pressure,1
azh_00002021,AZH,test,cls,data/AZH/test/pressure/59_1.jpg,,pressure,pressure,1
azh_00002022,AZH,test,cls,data/AZH/test/pressure/75_0.jpg,,pressure,pressure,1
azh_00002023,AZH,test,cls,data/AZH/test/pressure/75_1.jpg,,pressure,pressure,1
azh_00002024,AZH,test,cls,data/AZH/test/pressure/75_2.jpg,,pressure,pressure,1
azh_00002025,AZH,test,cls,data/AZH/test/pressure/75_3.jpg,,pressure,pressure,1
azh_00002026,AZH,test,cls,data/AZH/test/pressure/79_0.jpg,,pressure,pressure,1
azh_00002027,AZH,test,cls,data/AZH/test/pressure/81_0.jpg,,pressure,pressure,1
azh_00002028,AZH,test,cls,data/AZH/test/pressure/81_1.jpg,,pressure,pressure,1
azh_00002029,AZH,test,cls,data/AZH/test/pressure/81_2.jpg,,pressure,pressure,1
azh_00002030,AZH,test,cls,data/AZH/test/pressure/81_3.jpg,,pressure,pressure,1
azh_00002031,AZH,test,cls,data/AZH/test/pressure/82_0.jpg,,pressure,pressure,1
azh_00002032,AZH,test,cls,data/AZH/test/pressure/82_1.jpg,,pressure,pressure,1
azh_00002033,AZH,test,cls,data/AZH/test/pressure/82_2.jpg,,pressure,pressure,1
azh_00002034,AZH,test,cls,data/AZH/test/pressure/82_3.jpg,,pressure,pressure,1
azh_00002035,AZH,test,cls,data/AZH/test/pressure/90_0.jpg,,pressure,pressure,1
azh_00002036,AZH,test,cls,data/AZH/test/surgical/100_0.jpg,,surgical,surgical,1
azh_00002037,AZH,test,cls,data/AZH/test/surgical/104_0.jpg,,surgical,surgical,1
azh_00002038,AZH,test,cls,data/AZH/test/surgical/111_0.jpg,,surgical,surgical,1
azh_00002039,AZH,test,cls,data/AZH/test/surgical/111_1.jpg,,surgical,surgical,1
azh_00002040,AZH,test,cls,data/AZH/test/surgical/118_0.jpg,,surgical,surgical,1
azh_00002041,AZH,test,cls,data/AZH/test/surgical/121_0.jpg,,surgical,surgical,1
azh_00002042,AZH,test,cls,data/AZH/test/surgical/124_0.jpg,,surgical,surgical,1
azh_00002043,AZH,test,cls,data/AZH/test/surgical/128_0.jpg,,surgical,surgical,1
azh_00002044,AZH,test,cls,data/AZH/test/surgical/14_0.jpg,,surgical,surgical,1
azh_00002045,AZH,test,cls,data/AZH/test/surgical/16_0.jpg,,surgical,surgical,1
azh_00002046,AZH,test,cls,data/AZH/test/surgical/16_1.jpg,,surgical,surgical,1
azh_00002047,AZH,test,cls,data/AZH/test/surgical/19_0.jpg,,surgical,surgical,1
azh_00002048,AZH,test,cls,data/AZH/test/surgical/19_1.jpg,,surgical,surgical,1
azh_00002049,AZH,test,cls,data/AZH/test/surgical/24_0.jpg,,surgical,surgical,1
azh_00002050,AZH,test,cls,data/AZH/test/surgical/24_1.jpg,,surgical,surgical,1
azh_00002051,AZH,test,cls,data/AZH/test/surgical/26_0.jpg,,surgical,surgical,1
azh_00002052,AZH,test,cls,data/AZH/test/surgical/26_1.jpg,,surgical,surgical,1
azh_00002053,AZH,test,cls,data/AZH/test/surgical/29_0.jpg,,surgical,surgical,1
azh_00002054,AZH,test,cls,data/AZH/test/surgical/29_1.jpg,,surgical,surgical,1
azh_00002055,AZH,test,cls,data/AZH/test/surgical/47_0.jpg,,surgical,surgical,1
azh_00002056,AZH,test,cls,data/AZH/test/surgical/49_0.jpg,,surgical,surgical,1
azh_00002057,AZH,test,cls,data/AZH/test/surgical/49_1.jpg,,surgical,surgical,1
azh_00002058,AZH,test,cls,data/AZH/test/surgical/4_0.jpg,,surgical,surgical,1
azh_00002059,AZH,test,cls,data/AZH/test/surgical/51_0.jpg,,surgical,surgical,1
azh_00002060,AZH,test,cls,data/AZH/test/surgical/51_1.jpg,,surgical,surgical,1
azh_00002061,AZH,test,cls,data/AZH/test/surgical/57_0.jpg,,surgical,surgical,1
azh_00002062,AZH,test,cls,data/AZH/test/surgical/66_0.jpg,,surgical,surgical,1
azh_00002063,AZH,test,cls,data/AZH/test/surgical/68_0.jpg,,surgical,surgical,1
azh_00002064,AZH,test,cls,data/AZH/test/surgical/68_1.jpg,,surgical,surgical,1
azh_00002065,AZH,test,cls,data/AZH/test/surgical/74_0.jpg,,surgical,surgical,1
azh_00002066,AZH,test,cls,data/AZH/test/surgical/76_0.jpg,,surgical,surgical,1
azh_00002067,AZH,test,cls,data/AZH/test/surgical/76_1.jpg,,surgical,surgical,1
azh_00002068,AZH,test,cls,data/AZH/test/surgical/76_2.jpg,,surgical,surgical,1
azh_00002069,AZH,test,cls,data/AZH/test/surgical/76_3.jpg,,surgical,surgical,1
azh_00002070,AZH,test,cls,data/AZH/test/surgical/76_4.jpg,,surgical,surgical,1
azh_00002071,AZH,test,cls,data/AZH/test/surgical/76_5.jpg,,surgical,surgical,1
azh_00002072,AZH,test,cls,data/AZH/test/surgical/76_6.jpg,,surgical,surgical,1
azh_00002073,AZH,test,cls,data/AZH/test/surgical/7_0.jpg,,surgical,surgical,1
azh_00002074,AZH,test,cls,data/AZH/test/surgical/83_0.jpg,,surgical,surgical,1
azh_00002075,AZH,test,cls,data/AZH/test/surgical/92_0.jpg,,surgical,surgical,1
azh_00002076,AZH,test,cls,data/AZH/test/surgical/99_0.jpg,,surgical,surgical,1
azh_00002077,AZH,test,cls,data/AZH/test/surgical/9_0.jpg,,surgical,surgical,1
azh_00002078,AZH,test,cls,data/AZH/test/venous/104_0.jpg,,venous,venous,1
azh_00002079,AZH,test,cls,data/AZH/test/venous/108_0.jpg,,venous,venous,1
azh_00002080,AZH,test,cls,data/AZH/test/venous/108_1.jpg,,venous,venous,1
azh_00002081,AZH,test,cls,data/AZH/test/venous/10_0.jpg,,venous,venous,1
azh_00002082,AZH,test,cls,data/AZH/test/venous/11_0.jpg,,venous,venous,1
azh_00002083,AZH,test,cls,data/AZH/test/venous/11_1.jpg,,venous,venous,1
azh_00002084,AZH,test,cls,data/AZH/test/venous/11_2.jpg,,venous,venous,1
azh_00002085,AZH,test,cls,data/AZH/test/venous/11_3.jpg,,venous,venous,1
azh_00002086,AZH,test,cls,data/AZH/test/venous/11_4.jpg,,venous,venous,1
azh_00002087,AZH,test,cls,data/AZH/test/venous/11_5.jpg,,venous,venous,1
azh_00002088,AZH,test,cls,data/AZH/test/venous/121_0.jpg,,venous,venous,1
azh_00002089,AZH,test,cls,data/AZH/test/venous/134_0.jpg,,venous,venous,1
azh_00002090,AZH,test,cls,data/AZH/test/venous/134_1.jpg,,venous,venous,1
azh_00002091,AZH,test,cls,data/AZH/test/venous/138_0.jpg,,venous,venous,1
azh_00002092,AZH,test,cls,data/AZH/test/venous/138_1.jpg,,venous,venous,1
azh_00002093,AZH,test,cls,data/AZH/test/venous/142_0.jpg,,venous,venous,1
azh_00002094,AZH,test,cls,data/AZH/test/venous/145_0.jpg,,venous,venous,1
azh_00002095,AZH,test,cls,data/AZH/test/venous/148_0.jpg,,venous,venous,1
azh_00002096,AZH,test,cls,data/AZH/test/venous/151_0.jpg,,venous,venous,1
azh_00002097,AZH,test,cls,data/AZH/test/venous/151_1.jpg,,venous,venous,1
azh_00002098,AZH,test,cls,data/AZH/test/venous/156_0.jpg,,venous,venous,1
azh_00002099,AZH,test,cls,data/AZH/test/venous/156_1.jpg,,venous,venous,1
azh_00002100,AZH,test,cls,data/AZH/test/venous/17_0.jpg,,venous,venous,1
azh_00002101,AZH,test,cls,data/AZH/test/venous/17_1.jpg,,venous,venous,1
azh_00002102,AZH,test,cls,data/AZH/test/venous/25_0.jpg,,venous,venous,1
azh_00002103,AZH,test,cls,data/AZH/test/venous/25_1.jpg,,venous,venous,1
azh_00002104,AZH,test,cls,data/AZH/test/venous/25_2.jpg,,venous,venous,1
azh_00002105,AZH,test,cls,data/AZH/test/venous/25_3.jpg,,venous,venous,1
azh_00002106,AZH,test,cls,data/AZH/test/venous/2_0.jpg,,venous,venous,1
azh_00002107,AZH,test,cls,data/AZH/test/venous/37_0.jpg,,venous,venous,1
azh_00002108,AZH,test,cls,data/AZH/test/venous/37_1.jpg,,venous,venous,1
azh_00002109,AZH,test,cls,data/AZH/test/venous/37_2.jpg,,venous,venous,1
azh_00002110,AZH,test,cls,data/AZH/test/venous/37_3.jpg,,venous,venous,1
azh_00002111,AZH,test,cls,data/AZH/test/venous/42_0.jpg,,venous,venous,1
azh_00002112,AZH,test,cls,data/AZH/test/venous/42_1.jpg,,venous,venous,1
azh_00002113,AZH,test,cls,data/AZH/test/venous/42_2.jpg,,venous,venous,1
azh_00002114,AZH,test,cls,data/AZH/test/venous/42_3.jpg,,venous,venous,1
azh_00002115,AZH,test,cls,data/AZH/test/venous/47_0.jpg,,venous,venous,1
azh_00002116,AZH,test,cls,data/AZH/test/venous/47_1.jpg,,venous,venous,1
azh_00002117,AZH,test,cls,data/AZH/test/venous/47_2.jpg,,venous,venous,1
azh_00002118,AZH,test,cls,data/AZH/test/venous/51_0.jpg,,venous,venous,1
azh_00002119,AZH,test,cls,data/AZH/test/venous/51_1.jpg,,venous,venous,1
azh_00002120,AZH,test,cls,data/AZH/test/venous/53_0.jpg,,venous,venous,1
azh_00002121,AZH,test,cls,data/AZH/test/venous/53_1.jpg,,venous,venous,1
azh_00002122,AZH,test,cls,data/AZH/test/venous/53_2.jpg,,venous,venous,1
azh_00002123,AZH,test,cls,data/AZH/test/venous/53_3.jpg,,venous,venous,1
azh_00002124,AZH,test,cls,data/AZH/test/venous/53_4.jpg,,venous,venous,1
azh_00002125,AZH,test,cls,data/AZH/test/venous/56_0.jpg,,venous,venous,1
azh_00002126,AZH,test,cls,data/AZH/test/venous/56_1.jpg,,venous,venous,1
azh_00002127,AZH,test,cls,data/AZH/test/venous/61_0.jpg,,venous,venous,1
azh_00002128,AZH,test,cls,data/AZH/test/venous/67_0.jpg,,venous,venous,1
azh_00002129,AZH,test,cls,data/AZH/test/venous/67_1.jpg,,venous,venous,1
azh_00002130,AZH,test,cls,data/AZH/test/venous/75_0.jpg,,venous,venous,1
azh_00002131,AZH,test,cls,data/AZH/test/venous/75_1.jpg,,venous,venous,1
azh_00002132,AZH,test,cls,data/AZH/test/venous/78_0.jpg,,venous,venous,1
azh_00002133,AZH,test,cls,data/AZH/test/venous/78_1.jpg,,venous,venous,1
azh_00002134,AZH,test,cls,data/AZH/test/venous/78_2.jpg,,venous,venous,1
azh_00002135,AZH,test,cls,data/AZH/test/venous/78_3.jpg,,venous,venous,1
azh_00002136,AZH,test,cls,data/AZH/test/venous/7_0.jpg,,venous,venous,1
azh_00002137,AZH,test,cls,data/AZH/test/venous/81_0.jpg,,venous,venous,1
azh_00002138,AZH,test,cls,data/AZH/test/venous/81_1.jpg,,venous,venous,1
azh_00002139,AZH,test,cls,data/AZH/test/venous/88_0.jpg,,venous,venous,1
med_00002140,Medetec,train,cls,data/Medetec/diabetic/foot-ulcer-0030.jpg,,diabetic,diabetic,1
med_00002141,Medetec,train,cls,data/Medetec/diabetic/foot-ulcer-0024.jpg,,diabetic,diabetic,1
med_00002142,Medetec,train,cls,data/Medetec/diabetic/foot-ulcer-0025.jpg,,diabetic,diabetic,1
med_00002143,Medetec,train,cls,data/Medetec/diabetic/foot-ulcer-0011.jpg,,diabetic,diabetic,1
med_00002144,Medetec,train,cls,data/Medetec/diabetic/foot-ulcer-0022.jpg,,diabetic,diabetic,1
med_00002145,Medetec,train,cls,data/Medetec/diabetic/foot-ulcer-0010.jpg,,diabetic,diabetic,1
med_00002146,Medetec,train,cls,data/Medetec/diabetic/foot-ulcer-0031.jpg,,diabetic,diabetic,1
med_00002147,Medetec,train,cls,data/Medetec/diabetic/foot-ulcer-3-5.jpg,,diabetic,diabetic,1
med_00002148,Medetec,train,cls,data/Medetec/diabetic/foot-ulcer-0013.jpg,,diabetic,diabetic,1
med_00002149,Medetec,train,cls,data/Medetec/diabetic/foot-ulcer-0003.jpg,,diabetic,diabetic,1
med_00002150,Medetec,train,cls,data/Medetec/diabetic/foot-ulcer-2-4.jpg,,diabetic,diabetic,1
med_00002151,Medetec,train,cls,data/Medetec/diabetic/foot-ulcer-0004.jpg,,diabetic,diabetic,1
med_00002152,Medetec,train,cls,data/Medetec/diabetic/foot-ulcer1-3.jpg,,diabetic,diabetic,1
med_00002153,Medetec,train,cls,data/Medetec/diabetic/foot-ulcer-0027.jpg,,diabetic,diabetic,1
med_00002154,Medetec,train,cls,data/Medetec/diabetic/foot-ulcer-0012.jpg,,diabetic,diabetic,1
med_00002155,Medetec,train,cls,data/Medetec/diabetic/foot-ulcer-2-2.jpg,,diabetic,diabetic,1
med_00002156,Medetec,train,cls,data/Medetec/diabetic/foot-ulcer-0029.jpg,,diabetic,diabetic,1
med_00002157,Medetec,train,cls,data/Medetec/diabetic/foot-ulcer1-1.jpg,,diabetic,diabetic,1
med_00002158,Medetec,train,cls,data/Medetec/diabetic/foot-ulcer-0019.jpg,,diabetic,diabetic,1
med_00002159,Medetec,train,cls,data/Medetec/diabetic/foot-ulcer-0032.jpg,,diabetic,diabetic,1
med_00002160,Medetec,train,cls,data/Medetec/diabetic/foot-ulcer1-6.jpg,,diabetic,diabetic,1
med_00002161,Medetec,train,cls,data/Medetec/diabetic/foot-ulcer-2-1.jpg,,diabetic,diabetic,1
med_00002162,Medetec,train,cls,data/Medetec/diabetic/foot-ulcer-3-2.jpg,,diabetic,diabetic,1
med_00002163,Medetec,train,cls,data/Medetec/diabetic/foot-ulcer-0026.jpg,,diabetic,diabetic,1
med_00002164,Medetec,train,cls,data/Medetec/diabetic/foot-ulcer-0021.jpg,,diabetic,diabetic,1
med_00002165,Medetec,train,cls,data/Medetec/diabetic/foot-ulcer-0023.jpg,,diabetic,diabetic,1
med_00002166,Medetec,train,cls,data/Medetec/diabetic/foot-ulcer1-8.jpg,,diabetic,diabetic,1
med_00002167,Medetec,train,cls,data/Medetec/diabetic/foot-ulcer1-4.jpg,,diabetic,diabetic,1
med_00002168,Medetec,train,cls,data/Medetec/diabetic/foot-ulcer-0008.jpg,,diabetic,diabetic,1
med_00002169,Medetec,train,cls,data/Medetec/diabetic/foot-ulcer-0020.jpg,,diabetic,diabetic,1
med_00002170,Medetec,train,cls,data/Medetec/diabetic/foot-ulcer-0017.jpg,,diabetic,diabetic,1
med_00002171,Medetec,train,cls,data/Medetec/diabetic/foot-ulcer1-2.jpg,,diabetic,diabetic,1
med_00002172,Medetec,train,cls,data/Medetec/diabetic/foot-ulcer-0014.jpg,,diabetic,diabetic,1
med_00002173,Medetec,val,cls,data/Medetec/diabetic/foot-ulcer-3-4.jpg,,diabetic,diabetic,1
med_00002174,Medetec,val,cls,data/Medetec/diabetic/foot-ulcer1-5.jpg,,diabetic,diabetic,1
med_00002175,Medetec,val,cls,data/Medetec/diabetic/foot-ulcer-0002.jpg,,diabetic,diabetic,1
med_00002176,Medetec,val,cls,data/Medetec/diabetic/foot-ulcer-0028.jpg,,diabetic,diabetic,1
med_00002177,Medetec,val,cls,data/Medetec/diabetic/foot-ulcer-3-3.jpg,,diabetic,diabetic,1
med_00002178,Medetec,val,cls,data/Medetec/diabetic/foot-ulcer-0005.jpg,,diabetic,diabetic,1
med_00002179,Medetec,val,cls,data/Medetec/diabetic/foot-ulcer-2-3.jpg,,diabetic,diabetic,1
med_00002180,Medetec,test,cls,data/Medetec/diabetic/foot-ulcer-0006.jpg,,diabetic,diabetic,1
med_00002181,Medetec,test,cls,data/Medetec/diabetic/foot-ulcer-0009.jpg,,diabetic,diabetic,1
med_00002182,Medetec,test,cls,data/Medetec/diabetic/foot-ulcer-0015.jpg,,diabetic,diabetic,1
med_00002183,Medetec,test,cls,data/Medetec/diabetic/foot-ulcer-0016.jpg,,diabetic,diabetic,1
med_00002184,Medetec,test,cls,data/Medetec/diabetic/foot-ulcer-0018.jpg,,diabetic,diabetic,1
med_00002185,Medetec,test,cls,data/Medetec/diabetic/foot-ulcer-0001.jpg,,diabetic,diabetic,1
med_00002186,Medetec,test,cls,data/Medetec/diabetic/foot-ulcer-0007.jpg,,diabetic,diabetic,1
med_00002187,Medetec,test,cls,data/Medetec/diabetic/foot-ulcer-3-6.jpg,,diabetic,diabetic,1
med_00002188,Medetec,train,cls,data/Medetec/pressure/undermining0010.jpg,,pressure,pressure,1
med_00002189,Medetec,train,cls,data/Medetec/pressure/necrotic-pressure-ulcer-0010.jpg,,pressure,pressure,1
med_00002190,Medetec,train,cls,data/Medetec/pressure/healing-presure-ulcer-0026.jpg,,pressure,pressure,1
med_00002191,Medetec,train,cls,data/Medetec/pressure/healing-pressure-ulcer-0004.jpg,,pressure,pressure,1
med_00002192,Medetec,train,cls,data/Medetec/pressure/necrotic-pressure-ulcer-0022.jpg,,pressure,pressure,1
med_00002193,Medetec,train,cls,data/Medetec/pressure/sloughy-pressure-ulcer-0025.jpg,,pressure,pressure,1
med_00002194,Medetec,train,cls,data/Medetec/pressure/undermining0016.jpg,,pressure,pressure,1
med_00002195,Medetec,train,cls,data/Medetec/pressure/superficial-pressure-ulcer0024.jpg,,pressure,pressure,1
med_00002196,Medetec,train,cls,data/Medetec/pressure/pressure-ulcer-on-foot-0016.jpg,,pressure,pressure,1
med_00002197,Medetec,train,cls,data/Medetec/pressure/treating--pressure-ulcers013.jpg,,pressure,pressure,1
med_00002198,Medetec,train,cls,data/Medetec/pressure/sloughy-pressure-ulcer-0006.jpg,,pressure,pressure,1
med_00002199,Medetec,train,cls,data/Medetec/pressure/treating--pressure-ulcers0014.jpg,,pressure,pressure,1
med_00002200,Medetec,train,cls,data/Medetec/pressure/sloughy-pressure-ulcer-0030.jpg,,pressure,pressure,1
med_00002201,Medetec,train,cls,data/Medetec/pressure/sloughy-pressure-ulcer-0037.jpg,,pressure,pressure,1
med_00002202,Medetec,train,cls,data/Medetec/pressure/superficial-pressure-ulcer0004.jpg,,pressure,pressure,1
med_00002203,Medetec,train,cls,data/Medetec/pressure/sloughy-pressure-ulcer-0017.jpg,,pressure,pressure,1
med_00002204,Medetec,train,cls,data/Medetec/pressure/necrotic-pressure-ulcer-0015.jpg,,pressure,pressure,1
med_00002205,Medetec,train,cls,data/Medetec/pressure/pressure-ulcer-on-foot-0024.jpg,,pressure,pressure,1
med_00002206,Medetec,train,cls,data/Medetec/pressure/healing-pressure-ulcer-0018.jpg,,pressure,pressure,1
med_00002207,Medetec,train,cls,data/Medetec/pressure/necrotic-pressure-ulcer-0021.jpg,,pressure,pressure,1
med_00002208,Medetec,train,cls,data/Medetec/pressure/healing-pressure-ulcer-0022.jpg,,pressure,pressure,1
med_00002209,Medetec,train,cls,data/Medetec/pressure/sloughy-pressure-ulcer-0001.jpg,,pressure,pressure,1
med_00002210,Medetec,train,cls,data/Medetec/pressure/superficial-pressure-ulcer0019.jpg,,pressure,pressure,1
med_00002211,Medetec,train,cls,data/Medetec/pressure/necrotic-pressure-ulcer-0001.jpg,,pressure,pressure,1
med_00002212,Medetec,train,cls,data/Medetec/pressure/necrotic-pressure-ulcer-0009.jpg,,pressure,pressure,1
med_00002213,Medetec,train,cls,data/Medetec/pressure/healing-pressure-ulcer-0029.jpg,,pressure,pressure,1
med_00002214,Medetec,train,cls,data/Medetec/pressure/superficial-pressure-ulcer0005.jpg,,pressure,pressure,1
med_00002215,Medetec,train,cls,data/Medetec/pressure/sloughy-pressure-ulcer-0004.jpg,,pressure,pressure,1
med_00002216,Medetec,train,cls,data/Medetec/pressure/necrotic-pressure-ulcer-0002.jpg,,pressure,pressure,1
med_00002217,Medetec,train,cls,data/Medetec/pressure/sloughy-pressure-ulcer-0022.jpg,,pressure,pressure,1
med_00002218,Medetec,train,cls,data/Medetec/pressure/healing-presure-ulcer-0008.jpg,,pressure,pressure,1
med_00002219,Medetec,train,cls,data/Medetec/pressure/healing-pressure-ulcer-0006.jpg,,pressure,pressure,1
med_00002220,Medetec,train,cls,data/Medetec/pressure/necrotic-pressure-ulcer-0019.jpg,,pressure,pressure,1
med_00002221,Medetec,train,cls,data/Medetec/pressure/pressure-ulcer-on-foot-0006.jpg,,pressure,pressure,1
med_00002222,Medetec,train,cls,data/Medetec/pressure/healing-pressure-ulcer-0007.jpg,,pressure,pressure,1
med_00002223,Medetec,train,cls,data/Medetec/pressure/pressure-ulcer-on-foot-0051.jpg,,pressure,pressure,1
med_00002224,Medetec,train,cls,data/Medetec/pressure/healing-pressure-ulcer-0005.jpg,,pressure,pressure,1
med_00002225,Medetec,train,cls,data/Medetec/pressure/healing-pressure-ulcer-0021.jpg,,pressure,pressure,1
med_00002226,Medetec,train,cls,data/Medetec/pressure/pressure-ulcer-on-foot-0021.jpg,,pressure,pressure,1
med_00002227,Medetec,train,cls,data/Medetec/pressure/sloughy-pressure-ulcer-0033.jpg,,pressure,pressure,1
med_00002228,Medetec,train,cls,data/Medetec/pressure/healing-pressure-ulcer-0011.jpg,,pressure,pressure,1
med_00002229,Medetec,train,cls,data/Medetec/pressure/pressure-ulcer-on-neck-001.jpg,,pressure,pressure,1
med_00002230,Medetec,train,cls,data/Medetec/pressure/sloughy-pressure-ulcer-0027.jpg,,pressure,pressure,1
med_00002231,Medetec,train,cls,data/Medetec/pressure/sloughy-pressure-ulcer-0018.jpg,,pressure,pressure,1
med_00002232,Medetec,train,cls,data/Medetec/pressure/superficial-pressure-ulcer0017.jpg,,pressure,pressure,1
med_00002233,Medetec,train,cls,data/Medetec/pressure/pressure-ulcer-on-foot-0031.jpg,,pressure,pressure,1
med_00002234,Medetec,train,cls,data/Medetec/pressure/treating--pressure-ulcers0009.jpg,,pressure,pressure,1
med_00002235,Medetec,train,cls,data/Medetec/pressure/pressure-ulcer-on-foot-0045.jpg,,pressure,pressure,1
med_00002236,Medetec,train,cls,data/Medetec/pressure/healing-pressure-ulcer-0015.jpg,,pressure,pressure,1
med_00002237,Medetec,train,cls,data/Medetec/pressure/superficial-pressure-ulcer0002.jpg,,pressure,pressure,1
med_00002238,Medetec,train,cls,data/Medetec/pressure/healing-pressure-ulcer-0031.jpg,,pressure,pressure,1
med_00002239,Medetec,train,cls,data/Medetec/pressure/healing-pressure-ulcer-0014.jpg,,pressure,pressure,1
med_00002240,Medetec,train,cls,data/Medetec/pressure/healing-pressure-ulcer-0017.jpg,,pressure,pressure,1
med_00002241,Medetec,train,cls,data/Medetec/pressure/necrotic-pressure-ulcer-0012.jpg,,pressure,pressure,1
med_00002242,Medetec,train,cls,data/Medetec/pressure/undermining0018.jpg,,pressure,pressure,1
med_00002243,Medetec,train,cls,data/Medetec/pressure/pressure-ulcer-on-foot-0025.jpg,,pressure,pressure,1
med_00002244,Medetec,train,cls,data/Medetec/pressure/treating--pressure-ulcers0006.jpg,,pressure,pressure,1
med_00002245,Medetec,train,cls,data/Medetec/pressure/sloughy-pressure-ulcer-0008.jpg,,pressure,pressure,1
med_00002246,Medetec,train,cls,data/Medetec/pressure/undermining0019.jpg,,pressure,pressure,1
med_00002247,Medetec,train,cls,data/Medetec/pressure/superficial-pressure-ulcer0018.jpg,,pressure,pressure,1
med_00002248,Medetec,train,cls,data/Medetec/pressure/superficial-pressure-ulcer0020.jpg,,pressure,pressure,1
med_00002249,Medetec,train,cls,data/Medetec/pressure/pressure-ulcer-on-head-006.jpg,,pressure,pressure,1
med_00002250,Medetec,train,cls,data/Medetec/pressure/pressure-ulcer-on-foot-0052.jpg,,pressure,pressure,1
med_00002251,Medetec,train,cls,data/Medetec/pressure/healing-pressure-ulcer-0030.jpg,,pressure,pressure,1
med_00002252,Medetec,train,cls,data/Medetec/pressure/pressure-ulcer-on-foot-0028.jpg,,pressure,pressure,1
med_00002253,Medetec,train,cls,data/Medetec/pressure/sloughy-pressure-ulcer-0023.jpg,,pressure,pressure,1
med_00002254,Medetec,train,cls,data/Medetec/pressure/healing-pressure-ulcer-0001.jpg,,pressure,pressure,1
med_00002255,Medetec,train,cls,data/Medetec/pressure/sloughy-pressure-ulcer-0031.jpg,,pressure,pressure,1
med_00002256,Medetec,train,cls,data/Medetec/pressure/sloughy-pressure-ulcer-0005.jpg,,pressure,pressure,1
med_00002257,Medetec,train,cls,data/Medetec/pressure/pressure-ulcer-on-foot-0019.jpg,,pressure,pressure,1
med_00002258,Medetec,train,cls,data/Medetec/pressure/necrotic-pressure-ulcer-0011.jpg,,pressure,pressure,1
med_00002259,Medetec,train,cls,data/Medetec/pressure/undermining0013.jpg,,pressure,pressure,1
med_00002260,Medetec,train,cls,data/Medetec/pressure/treating--pressure-ulcers0001.jpg,,pressure,pressure,1
med_00002261,Medetec,train,cls,data/Medetec/pressure/superficial-pressure-ulcer0008.jpg,,pressure,pressure,1
med_00002262,Medetec,train,cls,data/Medetec/pressure/sloughy-pressure-ulcer-0024.jpg,,pressure,pressure,1
med_00002263,Medetec,train,cls,data/Medetec/pressure/treating--pressure-ulcers0007.jpg,,pressure,pressure,1
med_00002264,Medetec,train,cls,data/Medetec/pressure/healing-pressure-ulcer-0002.jpg,,pressure,pressure,1
med_00002265,Medetec,train,cls,data/Medetec/pressure/pressure-ulcer-on-foot-0042.jpg,,pressure,pressure,1
med_00002266,Medetec,train,cls,data/Medetec/pressure/necrotic-pressure-ulcer-0006.jpg,,pressure,pressure,1
med_00002267,Medetec,train,cls,data/Medetec/pressure/pressure-ulcer-on-foot-0032.jpg,,pressure,pressure,1
med_00002268,Medetec,train,cls,data/Medetec/pressure/undermining0001.jpg,,pressure,pressure,1
med_00002269,Medetec,train,cls,data/Medetec/pressure/sloughy-pressure-ulcer-0002.jpg,,pressure,pressure,1
med_00002270,Medetec,train,cls,data/Medetec/pressure/pressure-ulcer-on-foot-0008.jpg,,pressure,pressure,1
med_00002271,Medetec,train,cls,data/Medetec/pressure/undermining0007.jpg,,pressure,pressure,1
med_00002272,Medetec,train,cls,data/Medetec/pressure/superficial-pressure-ulcer0007.jpg,,pressure,pressure,1
med_00002273,Medetec,train,cls,data/Medetec/pressure/pressure-ulcer-on-foot-0050.jpg,,pressure,pressure,1
med_00002274,Medetec,train,cls,data/Medetec/pressure/sloughy-pressure-ulcer-0019.jpg,,pressure,pressure,1
med_00002275,Medetec,train,cls,data/Medetec/pressure/undermining0002.jpg,,pressure,pressure,1
med_00002276,Medetec,train,cls,data/Medetec/pressure/superficial-pressure-ulcer0010.jpg,,pressure,pressure,1
med_00002277,Medetec,train,cls,data/Medetec/pressure/healing-pressure-ulcer-0027.jpg,,pressure,pressure,1
med_00002278,Medetec,train,cls,data/Medetec/pressure/superficial-pressure-ulcer0013.jpg,,pressure,pressure,1
med_00002279,Medetec,train,cls,data/Medetec/pressure/healing-pressure-ulcer-0009.jpg,,pressure,pressure,1
med_00002280,Medetec,train,cls,data/Medetec/pressure/undermining0005.jpg,,pressure,pressure,1
med_00002281,Medetec,train,cls,data/Medetec/pressure/sloughy-pressure-ulcer-0035.jpg,,pressure,pressure,1
med_00002282,Medetec,train,cls,data/Medetec/pressure/pressure-ulcer-on-foot-0029.jpg,,pressure,pressure,1
med_00002283,Medetec,train,cls,data/Medetec/pressure/sloughy-pressure-ulcer-0028.jpg,,pressure,pressure,1
med_00002284,Medetec,train,cls,data/Medetec/pressure/healing0038.jpg,,pressure,pressure,1
med_00002285,Medetec,train,cls,data/Medetec/pressure/pressure-ulcer-on-foot-0003.jpg,,pressure,pressure,1
med_00002286,Medetec,train,cls,data/Medetec/pressure/superficial-pressure-ulcer0009.jpg,,pressure,pressure,1
med_00002287,Medetec,train,cls,data/Medetec/pressure/sloughy-pressure-ulcer-0021.jpg,,pressure,pressure,1
med_00002288,Medetec,train,cls,data/Medetec/pressure/pressure-ulcer-on-foot-0018.jpg,,pressure,pressure,1
med_00002289,Medetec,train,cls,data/Medetec/pressure/undermining0003.jpg,,pressure,pressure,1
med_00002290,Medetec,train,cls,data/Medetec/pressure/sloughy-pressure-ulcer-0026.jpg,,pressure,pressure,1
med_00002291,Medetec,train,cls,data/Medetec/pressure/sloughy-pressure-ulcer-0029.jpg,,pressure,pressure,1
med_00002292,Medetec,train,cls,data/Medetec/pressure/undermining0014.jpg,,pressure,pressure,1
med_00002293,Medetec,train,cls,data/Medetec/pressure/treating--pressure-ulcers011.jpg,,pressure,pressure,1
med_00002294,Medetec,train,cls,data/Medetec/pressure/sloughy-pressure-ulcer-0014.jpg,,pressure,pressure,1
med_00002295,Medetec,train,cls,data/Medetec/pressure/undermining0017.jpg,,pressure,pressure,1
med_00002296,Medetec,train,cls,data/Medetec/pressure/undermining0006.jpg,,pressure,pressure,1
med_00002297,Medetec,train,cls,data/Medetec/pressure/necrotic-pressure-ulcer-0007.jpg,,pressure,pressure,1
med_00002298,Medetec,train,cls,data/Medetec/pressure/treating--pressure-ulcers0002.jpg,,pressure,pressure,1
med_00002299,Medetec,train,cls,data/Medetec/pressure/superficial-pressure-ulcer0012.jpg,,pressure,pressure,1
med_00002300,Medetec,train,cls,data/Medetec/pressure/pressure-ulcer-on-neck-003.jpg,,pressure,pressure,1
med_00002301,Medetec,train,cls,data/Medetec/pressure/pressure-ulcer-on-foot-0011.jpg,,pressure,pressure,1
med_00002302,Medetec,train,cls,data/Medetec/pressure/pressure-ulcer-on-foot-0027.jpg,,pressure,pressure,1
med_00002303,Medetec,train,cls,data/Medetec/pressure/superficial-pressure-ulcer0015.jpg,,pressure,pressure,1
med_00002304,Medetec,train,cls,data/Medetec/pressure/superficial-pressure-ulcer0006.jpg,,pressure,pressure,1
med_00002305,Medetec,train,cls,data/Medetec/pressure/necrotic-pressure-ulcer-0016.jpg,,pressure,pressure,1
med_00002306,Medetec,val,cls,data/Medetec/pressure/sloughy-pressure-ulcer-0010.jpg,,pressure,pressure,1
med_00002307,Medetec,val,cls,data/Medetec/pressure/sloughy-pressure-ulcer-0032.jpg,,pressure,pressure,1
med_00002308,Medetec,val,cls,data/Medetec/pressure/pressure-ulcer-on-foot-0044.jpg,,pressure,pressure,1
med_00002309,Medetec,val,cls,data/Medetec/pressure/superficial-pressure-ulcer0003.jpg,,pressure,pressure,1
med_00002310,Medetec,val,cls,data/Medetec/pressure/undermining0012.jpg,,pressure,pressure,1
med_00002311,Medetec,val,cls,data/Medetec/pressure/healing0037.jpg,,pressure,pressure,1
med_00002312,Medetec,val,cls,data/Medetec/pressure/superficial-pressure-ulcer0011.jpg,,pressure,pressure,1
med_00002313,Medetec,val,cls,data/Medetec/pressure/necrotic-pressure-ulcer-0008.jpg,,pressure,pressure,1
med_00002314,Medetec,val,cls,data/Medetec/pressure/pressure-ulcer-on-foot-0013.jpg,,pressure,pressure,1
med_00002315,Medetec,val,cls,data/Medetec/pressure/pressure-ulcer-on-neck-0002.jpg,,pressure,pressure,1
med_00002316,Medetec,val,cls,data/Medetec/pressure/healing-pressure-ulcer-0013.jpg,,pressure,pressure,1
med_00002317,Medetec,val,cls,data/Medetec/pressure/undermining0004.jpg,,pressure,pressure,1
med_00002318,Medetec,val,cls,data/Medetec/pressure/healing-pressure-ulcer-0019.jpg,,pressure,pressure,1
med_00002319,Medetec,val,cls,data/Medetec/pressure/pressure-ulcer-on-neck-004.jpg,,pressure,pressure,1
med_00002320,Medetec,val,cls,data/Medetec/pressure/pressure-ulcer-on-foot-0020.jpg,,pressure,pressure,1
med_00002321,Medetec,val,cls,data/Medetec/pressure/pressure-ulcer-on-foot-0041.jpg,,pressure,pressure,1
med_00002322,Medetec,val,cls,data/Medetec/pressure/treating--pressure-ulcers012.jpg,,pressure,pressure,1
med_00002323,Medetec,val,cls,data/Medetec/pressure/sloughy-presure-ulcer-0036.jpg,,pressure,pressure,1
med_00002324,Medetec,val,cls,data/Medetec/pressure/treating--pressure-ulcers0010.jpg,,pressure,pressure,1
med_00002325,Medetec,val,cls,data/Medetec/pressure/pressure-ulcer-on-foot-0026.jpg,,pressure,pressure,1
med_00002326,Medetec,val,cls,data/Medetec/pressure/superficial-pressure-ulcer0021.jpg,,pressure,pressure,1
med_00002327,Medetec,val,cls,data/Medetec/pressure/necrotic-pressure-ulcer-0020.jpg,,pressure,pressure,1
med_00002328,Medetec,val,cls,data/Medetec/pressure/healing-pressure-ulcer-0025.jpg,,pressure,pressure,1
med_00002329,Medetec,val,cls,data/Medetec/pressure/pressure-ulcer-on-foot-0039.jpg,,pressure,pressure,1
med_00002330,Medetec,val,cls,data/Medetec/pressure/pressure-ulcer-on-foot-0017.jpg,,pressure,pressure,1
med_00002331,Medetec,test,cls,data/Medetec/pressure/sloughy-pressure-ulcer-0009.jpg,,pressure,pressure,1
med_00002332,Medetec,test,cls,data/Medetec/pressure/sloughy-pressure-ulcer-0013.jpg,,pressure,pressure,1
med_00002333,Medetec,test,cls,data/Medetec/pressure/necrotic-pressure-ulcer-0018.jpg,,pressure,pressure,1
med_00002334,Medetec,test,cls,data/Medetec/pressure/sloughy-pressure-ulcer-0012.jpg,,pressure,pressure,1
med_00002335,Medetec,test,cls,data/Medetec/pressure/sloughy-pressure-ulcer-0038.jpg,,pressure,pressure,1
med_00002336,Medetec,test,cls,data/Medetec/pressure/pressure-ulcer-on-foot-0043.jpg,,pressure,pressure,1
med_00002337,Medetec,test,cls,data/Medetec/pressure/sloughy-pressure-ulcer-0016.jpg,,pressure,pressure,1
med_00002338,Medetec,test,cls,data/Medetec/pressure/healing-presure-ulcer-0012.jpg,,pressure,pressure,1
med_00002339,Medetec,test,cls,data/Medetec/pressure/pressure-ulcer-on-foot-0023.jpg,,pressure,pressure,1
med_00002340,Medetec,test,cls,data/Medetec/pressure/undermining0015.jpg,,pressure,pressure,1
med_00002341,Medetec,test,cls,data/Medetec/pressure/pressure-ulcer-on-foot-0046.jpg,,pressure,pressure,1
med_00002342,Medetec,test,cls,data/Medetec/pressure/pressure-ulcer-on-foot-0022.jpg,,pressure,pressure,1
med_00002343,Medetec,test,cls,data/Medetec/pressure/undermining0020.jpg,,pressure,pressure,1
med_00002344,Medetec,test,cls,data/Medetec/pressure/healing-pressure-ulcer-0023.jpg,,pressure,pressure,1
med_00002345,Medetec,test,cls,data/Medetec/pressure/pressure-ulcer-on-foot-0009.jpg,,pressure,pressure,1
med_00002346,Medetec,test,cls,data/Medetec/pressure/treating--pressure-ulcers008.jpg,,pressure,pressure,1
med_00002347,Medetec,test,cls,data/Medetec/pressure/sloughy-pressure-ulcer-0011.jpg,,pressure,pressure,1
med_00002348,Medetec,test,cls,data/Medetec/pressure/undermining0009.jpg,,pressure,pressure,1
med_00002349,Medetec,test,cls,data/Medetec/pressure/undermining0011.jpg,,pressure,pressure,1
med_00002350,Medetec,test,cls,data/Medetec/pressure/pressure-ulcer-on-foot-0049.jpg,,pressure,pressure,1
med_00002351,Medetec,test,cls,data/Medetec/pressure/treating--pressure-ulcers0005.jpg,,pressure,pressure,1
med_00002352,Medetec,test,cls,data/Medetec/pressure/healing-pressure-ulcer-0028.jpg,,pressure,pressure,1
med_00002353,Medetec,test,cls,data/Medetec/pressure/sloughy-pressure-ulcer-0015.jpg,,pressure,pressure,1
med_00002354,Medetec,test,cls,data/Medetec/pressure/necrotic-pressure-ulcer-0005.jpg,,pressure,pressure,1
med_00002355,Medetec,test,cls,data/Medetec/pressure/superficial-pressure-ulcer0023.jpg,,pressure,pressure,1
med_00002356,Medetec,test,cls,data/Medetec/pressure/sloughy-presure-ulcer-0020.jpg,,pressure,pressure,1
med_00002357,Medetec,test,cls,data/Medetec/pressure/healing-pressure-ulcer-0016.jpg,,pressure,pressure,1
med_00002358,Medetec,train,cls,data/Medetec/toes/toes-0039.jpg,,toes,toes,1
med_00002359,Medetec,train,cls,data/Medetec/toes/toes-0042.jpg,,toes,toes,1
med_00002360,Medetec,train,cls,data/Medetec/toes/toes-0015.jpg,,toes,toes,1
med_00002361,Medetec,train,cls,data/Medetec/toes/toes-0040.jpg,,toes,toes,1
med_00002362,Medetec,train,cls,data/Medetec/toes/toes-0006.jpg,,toes,toes,1
med_00002363,Medetec,train,cls,data/Medetec/toes/toes-0030.jpg,,toes,toes,1
med_00002364,Medetec,train,cls,data/Medetec/toes/toes-0029.jpg,,toes,toes,1
med_00002365,Medetec,train,cls,data/Medetec/toes/toes-0013.jpg,,toes,toes,1
med_00002366,Medetec,train,cls,data/Medetec/toes/toes-0010.jpg,,toes,toes,1
med_00002367,Medetec,train,cls,data/Medetec/toes/toes-0031.jpg,,toes,toes,1
med_00002368,Medetec,train,cls,data/Medetec/toes/toes-00431.jpg,,toes,toes,1
med_00002369,Medetec,train,cls,data/Medetec/toes/toes-0021.jpg,,toes,toes,1
med_00002370,Medetec,train,cls,data/Medetec/toes/toes-0024.jpg,,toes,toes,1
med_00002371,Medetec,train,cls,data/Medetec/toes/toes-0014.jpg,,toes,toes,1
med_00002372,Medetec,train,cls,data/Medetec/toes/toes-0004.jpg,,toes,toes,1
med_00002373,Medetec,train,cls,data/Medetec/toes/toes-0022.jpg,,toes,toes,1
med_00002374,Medetec,train,cls,data/Medetec/toes/toes-0041.jpg,,toes,toes,1
med_00002375,Medetec,train,cls,data/Medetec/toes/toes-0020.jpg,,toes,toes,1
med_00002376,Medetec,train,cls,data/Medetec/toes/toes-0007.jpg,,toes,toes,1
med_00002377,Medetec,train,cls,data/Medetec/toes/toes-0018.jpg,,toes,toes,1
med_00002378,Medetec,train,cls,data/Medetec/toes/toes-0009.jpg,,toes,toes,1
med_00002379,Medetec,train,cls,data/Medetec/toes/toes-0035.jpg,,toes,toes,1
med_00002380,Medetec,train,cls,data/Medetec/toes/toes-0019.jpg,,toes,toes,1
med_00002381,Medetec,val,cls,data/Medetec/toes/toes-0032.jpg,,toes,toes,1
med_00002382,Medetec,val,cls,data/Medetec/toes/toes-0011.jpg,,toes,toes,1
med_00002383,Medetec,val,cls,data/Medetec/toes/toes-0036.jpg,,toes,toes,1
med_00002384,Medetec,val,cls,data/Medetec/toes/toes-0003.jpg,,toes,toes,1
med_00002385,Medetec,val,cls,data/Medetec/toes/toes-0008.jpg,,toes,toes,1
med_00002386,Medetec,test,cls,data/Medetec/toes/toes-0002.jpg,,toes,toes,1
med_00002387,Medetec,test,cls,data/Medetec/toes/toes-0023.jpg,,toes,toes,1
med_00002388,Medetec,test,cls,data/Medetec/toes/toes-0025.jpg,,toes,toes,1
med_00002389,Medetec,test,cls,data/Medetec/toes/toes-0005.jpg,,toes,toes,1
med_00002390,Medetec,test,cls,data/Medetec/toes/toes-0001.jpg,,toes,toes,1
med_00002391,Medetec,test,cls,data/Medetec/toes/toes-0016.jpg,,toes,toes,1
med_00002392,Medetec,train,cls,data/Medetec/venous/leg-ulcers-0073.jpg,,venous,venous,1
med_00002393,Medetec,train,cls,data/Medetec/venous/leg-ulcer-case-3-11.jpg,,venous,venous,1
med_00002394,Medetec,train,cls,data/Medetec/venous/leg-ulcers-0015.jpg,,venous,venous,1
med_00002395,Medetec,train,cls,data/Medetec/venous/leg-ulcer-case-3-7.jpg,,venous,venous,1
med_00002396,Medetec,train,cls,data/Medetec/venous/leg-ulcers-0076.jpg,,venous,venous,1
med_00002397,Medetec,train,cls,data/Medetec/venous/leg-ulcers-0029.jpg,,venous,venous,1
med_00002398,Medetec,train,cls,data/Medetec/venous/leg-ulcers-0049.jpg,,venous,venous,1
med_00002399,Medetec,train,cls,data/Medetec/venous/leg-ulcers-0088.jpg,,venous,venous,1
med_00002400,Medetec,train,cls,data/Medetec/venous/leg-ulcer-case-3-5.jpg,,venous,venous,1
med_00002401,Medetec,train,cls,data/Medetec/venous/leg-ulcers-0041.jpg,,venous,venous,1
med_00002402,Medetec,train,cls,data/Medetec/venous/leg-ulcers-0059.jpg,,venous,venous,1
med_00002403,Medetec,train,cls,data/Medetec/venous/leg-ulcer-case-2-7.jpg,,venous,venous,1
med_00002404,Medetec,train,cls,data/Medetec/venous/leg-ulcers-0089.jpg,,venous,venous,1
med_00002405,Medetec,train,cls,data/Medetec/venous/leg-ulcers-0083.jpg,,venous,venous,1
med_00002406,Medetec,train,cls,data/Medetec/venous/leg-ulcers-0062.jpg,,venous,venous,1
med_00002407,Medetec,train,cls,data/Medetec/venous/leg-ulcer-case-2-13.jpg,,venous,venous,1
med_00002408,Medetec,train,cls,data/Medetec/venous/leg-ulcers-0012.jpg,,venous,venous,1
med_00002409,Medetec,train,cls,data/Medetec/venous/leg-ulcers-0087.jpg,,venous,venous,1
med_00002410,Medetec,train,cls,data/Medetec/venous/leg-ulcers-0063.jpg,,venous,venous,1
med_00002411,Medetec,train,cls,data/Medetec/venous/leg-ulcers-0057.jpg,,venous,venous,1
med_00002412,Medetec,train,cls,data/Medetec/venous/leg-ulcers-0047.jpg,,venous,venous,1
med_00002413,Medetec,train,cls,data/Medetec/venous/leg-ulcers-0075.jpg,,venous,venous,1
med_00002414,Medetec,train,cls,data/Medetec/venous/leg-ulcers-0006.jpg,,venous,venous,1
med_00002415,Medetec,train,cls,data/Medetec/venous/leg-ulcers-0009.jpg,,venous,venous,1
med_00002416,Medetec,train,cls,data/Medetec/venous/leg-ulcers-0084.jpg,,venous,venous,1
med_00002417,Medetec,train,cls,data/Medetec/venous/leg-ulcers-0039.jpg,,venous,venous,1
med_00002418,Medetec,train,cls,data/Medetec/venous/leg-ulcers-0097.jpg,,venous,venous,1
med_00002419,Medetec,train,cls,data/Medetec/venous/leg-ulcers-0071.jpg,,venous,venous,1
med_00002420,Medetec,train,cls,data/Medetec/venous/case-1-5-oedema-starting-to-reduce-1-oedema-starting-to-reduce.jpg,,venous,venous,1
med_00002421,Medetec,train,cls,data/Medetec/venous/leg-ulcer-case-2-3.jpg,,venous,venous,1
med_00002422,Medetec,train,cls,data/Medetec/venous/leg-ulcers-0007.jpg,,venous,venous,1
med_00002423,Medetec,train,cls,data/Medetec/venous/leg-ulcers-0091.jpg,,venous,venous,1
med_00002424,Medetec,train,cls,data/Medetec/venous/leg-ulcers-0060.jpg,,venous,venous,1
med_00002425,Medetec,train,cls,data/Medetec/venous/case-1-skin-reaction-to-soframycin-tulle-.jpg,,venous,venous,1
med_00002426,Medetec,train,cls,data/Medetec/venous/leg-ulcers-0002.jpg,,venous,venous,1
med_00002427,Medetec,train,cls,data/Medetec/venous/leg-ulcer-case-3-2.jpg,,venous,venous,1
med_00002428,Medetec,train,cls,data/Medetec/venous/leg-ulcers-0078.jpg,,venous,venous,1
med_00002429,Medetec,train,cls,data/Medetec/venous/leg-ulcers-0116.jpg,,venous,venous,1
med_00002430,Medetec,train,cls,data/Medetec/venous/leg-ulcers-0090.jpg,,venous,venous,1
med_00002431,Medetec,train,cls,data/Medetec/venous/leg-ulcers-0052.jpg,,venous,venous,1
med_00002432,Medetec,train,cls,data/Medetec/venous/leg-ulcers-0038.jpg,,venous,venous,1
med_00002433,Medetec,train,cls,data/Medetec/venous/leg-ulcers-0005.jpg,,venous,venous,1
med_00002434,Medetec,train,cls,data/Medetec/venous/leg-ulcer-case-2-12.jpg,,venous,venous,1
med_00002435,Medetec,train,cls,data/Medetec/venous/leg-ulcer-case-2-15.jpg,,venous,venous,1
med_00002436,Medetec,train,cls,data/Medetec/venous/leg-ulcers-0043.jpg,,venous,venous,1
med_00002437,Medetec,train,cls,data/Medetec/venous/leg-ulcers-0058.jpg,,venous,venous,1
med_00002438,Medetec,train,cls,data/Medetec/venous/leg-ulcers-0110.jpg,,venous,venous,1
med_00002439,Medetec,train,cls,data/Medetec/venous/leg-ulcers-0055.jpg,,venous,venous,1
med_00002440,Medetec,train,cls,data/Medetec/venous/leg-ulcers-0003.jpg,,venous,venous,1
med_00002441,Medetec,train,cls,data/Medetec/venous/leg-ulcer-case-3-1.jpg,,venous,venous,1
med_00002442,Medetec,train,cls,data/Medetec/venous/gravitational-ulcers.jpg,,venous,venous,1
med_00002443,Medetec,train,cls,data/Medetec/venous/leg-ulcer-with-skin-reaction-to-topical-therapy.jpg,,venous,venous,1
med_00002444,Medetec,train,cls,data/Medetec/venous/case-1-4-dressed-with-compression-bandage.jpg,,venous,venous,1
med_00002445,Medetec,train,cls,data/Medetec/venous/leg-ulcer-healing-well-0107.jpg,,venous,venous,1
med_00002446,Medetec,train,cls,data/Medetec/venous/leg-ulcers-0048.jpg,,venous,venous,1
med_00002447,Medetec,train,cls,data/Medetec/venous/leg-ulcers-0023.jpg,,venous,venous,1
med_00002448,Medetec,train,cls,data/Medetec/venous/leg-ulcers-0056.jpg,,venous,venous,1
med_00002449,Medetec,train,cls,data/Medetec/venous/leg-ulcers-0086.jpg,,venous,venous,1
med_00002450,Medetec,train,cls,data/Medetec/venous/leg-ulcers-0111.jpg,,venous,venous,1
med_00002451,Medetec,train,cls,data/Medetec/venous/sloughy-leg-ulcer-0109.jpg,,venous,venous,1
med_00002452,Medetec,train,cls,data/Medetec/venous/sloughy-leg-ulcer-0101.jpg,,venous,venous,1
med_00002453,Medetec,train,cls,data/Medetec/venous/leg-ulcers-0018.jpg,,venous,venous,1
med_00002454,Medetec,train,cls,data/Medetec/venous/leg-ulcers-0004.jpg,,venous,venous,1
med_00002455,Medetec,train,cls,data/Medetec/venous/leg-ulcers-with-punched-out-apperance.jpg,,venous,venous,1
med_00002456,Medetec,train,cls,data/Medetec/venous/ischaemic-leg-ulcer-with-tendon-visible-1.jpg,,venous,venous,1
med_00002457,Medetec,train,cls,data/Medetec/venous/leg-ulcers-0092.jpg,,venous,venous,1
med_00002458,Medetec,train,cls,data/Medetec/venous/leg-ulcer-case-2-1.jpg,,venous,venous,1
med_00002459,Medetec,train,cls,data/Medetec/venous/leg-ulcers-0028.jpg,,venous,venous,1
med_00002460,Medetec,train,cls,data/Medetec/venous/leg-ulcers-0044.jpg,,venous,venous,1
med_00002461,Medetec,train,cls,data/Medetec/venous/leg-ulcer-case-2-5.jpg,,venous,venous,1
med_00002462,Medetec,train,cls,data/Medetec/venous/leg-ulcers-0032.jpg,,venous,venous,1
med_00002463,Medetec,train,cls,data/Medetec/venous/leg-ulcers-0027.jpg,,venous,venous,1
med_00002464,Medetec,train,cls,data/Medetec/venous/leg-ulcers-0068.jpg,,venous,venous,1
med_00002465,Medetec,train,cls,data/Medetec/venous/leg-ulcers-0079.jpg,,venous,venous,1
med_00002466,Medetec,train,cls,data/Medetec/venous/leg-ulcers-0042.jpg,,venous,venous,1
med_00002467,Medetec,train,cls,data/Medetec/venous/leg-ulcers-0001.jpg,,venous,venous,1
med_00002468,Medetec,train,cls,data/Medetec/venous/leg-ulcers-0046.jpg,,venous,venous,1
med_00002469,Medetec,train,cls,data/Medetec/venous/leg-ulcers-0077.jpg,,venous,venous,1
med_00002470,Medetec,train,cls,data/Medetec/venous/leg-ulcers-0040.jpg,,venous,venous,1
med_00002471,Medetec,train,cls,data/Medetec/venous/leg-ulcers-0064.jpg,,venous,venous,1
med_00002472,Medetec,train,cls,data/Medetec/venous/leg-ulcers-0066.jpg,,venous,venous,1
med_00002473,Medetec,train,cls,data/Medetec/venous/leg-ulcer-case-3.jpg,,venous,venous,1
med_00002474,Medetec,train,cls,data/Medetec/venous/leg-ulcers-0112.jpg,,venous,venous,1
med_00002475,Medetec,train,cls,data/Medetec/venous/leg-ulcer-case-2-4.jpg,,venous,venous,1
med_00002476,Medetec,train,cls,data/Medetec/venous/leg-ulcers-0069.jpg,,venous,venous,1
med_00002477,Medetec,train,cls,data/Medetec/venous/leg-ulcers-0051.jpg,,venous,venous,1
med_00002478,Medetec,train,cls,data/Medetec/venous/leg-ulcers-0036.jpg,,venous,venous,1
med_00002479,Medetec,train,cls,data/Medetec/venous/leg-ulcers-0094.jpg,,venous,venous,1
med_00002480,Medetec,train,cls,data/Medetec/venous/leg-ulcer-case-3-9.jpg,,venous,venous,1
med_00002481,Medetec,train,cls,data/Medetec/venous/leg-ulcers-0021.jpg,,venous,venous,1
med_00002482,Medetec,train,cls,data/Medetec/venous/leg-ulcer-case-3-6.jpg,,venous,venous,1
med_00002483,Medetec,train,cls,data/Medetec/venous/leg-ulcers-0011.jpg,,venous,venous,1
med_00002484,Medetec,train,cls,data/Medetec/venous/case-1-2-showing-extent-of-oedema-2.jpg,,venous,venous,1
med_00002485,Medetec,val,cls,data/Medetec/venous/leg-ulcers-0010.jpg,,venous,venous,1
med_00002486,Medetec,val,cls,data/Medetec/venous/leg-ulcers-0072.jpg,,venous,venous,1
med_00002487,Medetec,val,cls,data/Medetec/venous/healingn-leg-ulcers-0114.jpg,,venous,venous,1
med_00002488,Medetec,val,cls,data/Medetec/venous/leg-ulcers-0013.jpg,,venous,venous,1
med_00002489,Medetec,val,cls,data/Medetec/venous/leg-ulcers-with-punched-out-apperance-1.jpg,,venous,venous,1
med_00002490,Medetec,val,cls,data/Medetec/venous/leg-ulcers-0024.jpg,,venous,venous,1
med_00002491,Medetec,val,cls,data/Medetec/venous/leg-ulcers-0025.jpg,,venous,venous,1
med_00002492,Medetec,val,cls,data/Medetec/venous/leg-ulcers-0014.jpg,,venous,venous,1
med_00002493,Medetec,val,cls,data/Medetec/venous/leg-ulcer-case-2-6.jpg,,venous,venous,1
med_00002494,Medetec,val,cls,data/Medetec/venous/leg-ulcer-case-3-3.jpg,,venous,venous,1
med_00002495,Medetec,val,cls,data/Medetec/venous/leg-ulcers-0065.jpg,,venous,venous,1
med_00002496,Medetec,val,cls,data/Medetec/venous/leg-ulcer-case-2-10.jpg,,venous,venous,1
med_00002497,Medetec,val,cls,data/Medetec/venous/case-1-3-inadequately-bandaged.jpg,,venous,venous,1
med_00002498,Medetec,val,cls,data/Medetec/venous/leg-ulcers-0034.jpg,,venous,venous,1
med_00002499,Medetec,val,cls,data/Medetec/venous/leg-ulcers-0050.jpg,,venous,venous,1
med_00002500,Medetec,val,cls,data/Medetec/venous/healing-venous-leg-ulcers-with-skin-staining.jpg,,venous,venous,1
med_00002501,Medetec,val,cls,data/Medetec/venous/leg-ulcer-case-2-11.jpg,,venous,venous,1
med_00002502,Medetec,val,cls,data/Medetec/venous/leg-ulcers-0035.jpg,,venous,venous,1
med_00002503,Medetec,val,cls,data/Medetec/venous/leg-ulcers-0080.jpg,,venous,venous,1
med_00002504,Medetec,test,cls,data/Medetec/venous/leg-ulcers-0081.jpg,,venous,venous,1
med_00002505,Medetec,test,cls,data/Medetec/venous/sloughy-leg-ulcer-0101-1.jpg,,venous,venous,1
med_00002506,Medetec,test,cls,data/Medetec/venous/leg-ulcers-0019.jpg,,venous,venous,1
med_00002507,Medetec,test,cls,data/Medetec/venous/ischaemic-leg-ulcer-with-tendon-visible.jpg,,venous,venous,1
med_00002508,Medetec,test,cls,data/Medetec/venous/leg-ulcers-0082.jpg,,venous,venous,1
med_00002509,Medetec,test,cls,data/Medetec/venous/leg-ulcer-case-3-4.jpg,,venous,venous,1
med_00002510,Medetec,test,cls,data/Medetec/venous/leg-ulcers-0022.jpg,,venous,venous,1
med_00002511,Medetec,test,cls,data/Medetec/venous/leg-ulcer-case-3-8.jpg,,venous,venous,1
med_00002512,Medetec,test,cls,data/Medetec/venous/leg-ulcer-case-2-8.jpg,,venous,venous,1
med_00002513,Medetec,test,cls,data/Medetec/venous/leg-ulcers-0017.jpg,,venous,venous,1
med_00002514,Medetec,test,cls,data/Medetec/venous/leg-ulcer-case-2-2.jpg,,venous,venous,1
med_00002515,Medetec,test,cls,data/Medetec/venous/leg-ulcers-0020.jpg,,venous,venous,1
med_00002516,Medetec,test,cls,data/Medetec/venous/leg-ulcers-0033.jpg,,venous,venous,1
med_00002517,Medetec,test,cls,data/Medetec/venous/leg-ulcers-0113.jpg,,venous,venous,1
med_00002518,Medetec,test,cls,data/Medetec/venous/leg-ulcer-case-2-9.jpg,,venous,venous,1
med_00002519,Medetec,test,cls,data/Medetec/venous/leg-ulcers-0026.jpg,,venous,venous,1
med_00002520,Medetec,test,cls,data/Medetec/venous/leg-ulcer-case-3-10.jpg,,venous,venous,1
med_00002521,Medetec,test,cls,data/Medetec/venous/leg-ulcers-0053.jpg,,venous,venous,1
med_00002522,Medetec,test,cls,data/Medetec/venous/leg-ulcers-0074.jpg,,venous,venous,1
med_00002523,Medetec,test,cls,data/Medetec/venous/leg-ulcer-case-2-14.jpg,,venous,venous,1
med_00002524,Medetec,test,cls,data/Medetec/venous/leg-ulcer-case-2.jpg,,venous,venous,1
