sample_id,split,image_path,mask_path,has_obj,x1,y1,x2,y2
fus_00000000,train,data/FUSeg/train/images/0012.png,data/FUSeg/train/labels/0012.png,1,120,221,244,297
fus_00000001,train,data/FUSeg/train/images/0013.png,data/FUSeg/train/labels/0013.png,1,129,268,198,354
fus_00000002,train,data/FUSeg/train/images/0015.png,data/FUSeg/train/labels/0015.png,1,285,271,309,298
fus_00000003,train,data/FUSeg/train/images/0016.png,data/FUSeg/train/labels/0016.png,1,96,76,382,315
fus_00000004,train,data/FUSeg/train/images/0018.png,data/FUSeg/train/labels/0018.png,1,52,202,287,309
fus_00000005,train,data/FUSeg/train/images/0019.png,data/FUSeg/train/labels/0019.png,1,125,319,174,380
fus_00000006,train,data/FUSeg/train/images/0020.png,data/FUSeg/train/labels/0020.png,1,135,227,191,288
fus_00000007,train,data/FUSeg/train/images/0021.png,data/FUSeg/train/labels/0021.png,1,150,208,297,298
fus_00000008,train,data/FUSeg/train/images/0023.png,data/FUSeg/train/labels/0023.png,1,155,208,240,271
fus_00000009,train,data/FUSeg/train/images/0024.png,data/FUSeg/train/labels/0024.png,1,155,117,184,152
fus_00000010,train,data/FUSeg/train/images/0026.png,data/FUSeg/train/labels/0026.png,1,87,113,188,326
fus_00000011,train,data/FUSeg/train/images/0027.png,data/FUSeg/train/labels/0027.png,1,186,249,205,273
fus_00000012,train,data/FUSeg/train/images/0028.png,data/FUSeg/train/labels/0028.png,1,192,269,207,278
fus_00000013,train,data/FUSeg/train/images/0029.png,data/FUSeg/train/labels/0029.png,1,129,179,253,272
fus_00000014,train,data/FUSeg/train/images/0031.png,data/FUSeg/train/labels/0031.png,1,181,258,196,268
fus_00000015,train,data/FUSeg/train/images/0034.png,data/FUSeg/train/labels/0034.png,1,186,149,280,363
fus_00000016,train,data/FUSeg/train/images/0035.png,data/FUSeg/train/labels/0035.png,1,125,228,288,305
fus_00000017,train,data/FUSeg/train/images/0036.png,data/FUSeg/train/labels/0036.png,1,137,184,249,382
fus_00000018,train,data/FUSeg/train/images/0037.png,data/FUSeg/train/labels/0037.png,1,123,155,196,253
fus_00000019,train,data/FUSeg/train/images/0038.png,data/FUSeg/train/labels/0038.png,1,165,150,267,296
fus_00000020,train,data/FUSeg/train/images/0040.png,data/FUSeg/train/labels/0040.png,1,57,171,241,273
fus_00000021,train,data/FUSeg/train/images/0042.png,data/FUSeg/train/labels/0042.png,1,156,245,174,257
fus_00000022,train,data/FUSeg/train/images/0043.png,data/FUSeg/train/labels/0043.png,1,153,162,176,199
fus_00000023,train,data/FUSeg/train/images/0045.png,data/FUSeg/train/labels/0045.png,1,153,198,234,327
fus_00000024,train,data/FUSeg/train/images/0049.png,data/FUSeg/train/labels/0049.png,1,233,84,314,190
fus_00000025,train,data/FUSeg/train/images/0050.png,data/FUSeg/train/labels/0050.png,1,118,247,175,303
fus_00000026,train,data/FUSeg/train/images/0051.png,data/FUSeg/train/labels/0051.png,1,166,213,236,258
fus_00000027,train,data/FUSeg/train/images/0052.png,data/FUSeg/train/labels/0052.png,1,190,237,224,267
fus_00000028,train,data/FUSeg/train/images/0053.png,data/FUSeg/train/labels/0053.png,1,167,234,192,259
fus_00000029,train,data/FUSeg/train/images/0054.png,data/FUSeg/train/labels/0054.png,1,191,294,204,316
fus_00000030,train,data/FUSeg/train/images/0055.png,data/FUSeg/train/labels/0055.png,1,96,235,228,326
fus_00000031,train,data/FUSeg/train/images/0056.png,data/FUSeg/train/labels/0056.png,1,152,132,280,230
fus_00000032,train,data/FUSeg/train/images/0059.png,data/FUSeg/train/labels/0059.png,1,149,244,192,297
fus_00000033,train,data/FUSeg/train/images/0060.png,data/FUSeg/train/labels/0060.png,1,178,257,200,283
fus_00000034,train,data/FUSeg/train/images/0061.png,data/FUSeg/train/labels/0061.png,1,152,246,205,346
fus_00000035,train,data/FUSeg/train/images/0064.png,data/FUSeg/train/labels/0064.png,1,66,235,108,303
fus_00000036,train,data/FUSeg/train/images/0066.png,data/FUSeg/train/labels/0066.png,1,285,121,354,205
fus_00000037,train,data/FUSeg/train/images/0069.png,data/FUSeg/train/labels/0069.png,1,129,235,158,280
fus_00000038,train,data/FUSeg/train/images/0070.png,data/FUSeg/train/labels/0070.png,1,120,107,229,331
fus_00000039,train,data/FUSeg/train/images/0071.png,data/FUSeg/train/labels/0071.png,1,190,231,198,236
fus_00000040,train,data/FUSeg/train/images/0072.png,data/FUSeg/train/labels/0072.png,1,185,239,256,284
fus_00000041,train,data/FUSeg/train/images/0073.png,data/FUSeg/train/labels/0073.png,1,135,209,274,266
fus_00000042,train,data/FUSeg/train/images/0074.png,data/FUSeg/train/labels/0074.png,1,138,208,214,298
fus_00000043,train,data/FUSeg/train/images/0075.png,data/FUSeg/train/labels/0075.png,1,125,123,133,133
fus_00000044,train,data/FUSeg/train/images/0076.png,data/FUSeg/train/labels/0076.png,1,171,199,243,253
fus_00000045,train,data/FUSeg/train/images/0080.png,data/FUSeg/train/labels/0080.png,1,263,0,347,82
fus_00000046,train,data/FUSeg/train/images/0083.png,data/FUSeg/train/labels/0083.png,1,107,178,136,208
fus_00000047,train,data/FUSeg/train/images/0084.png,data/FUSeg/train/labels/0084.png,1,144,208,215,280
fus_00000048,train,data/FUSeg/train/images/0086.png,data/FUSeg/train/labels/0086.png,1,277,54,370,295
fus_00000049,train,data/FUSeg/train/images/0087.png,data/FUSeg/train/labels/0087.png,1,186,250,238,347
fus_00000050,train,data/FUSeg/train/images/0088.png,data/FUSeg/train/labels/0088.png,1,62,213,332,334
fus_00000051,train,data/FUSeg/train/images/0091.png,data/FUSeg/train/labels/0091.png,1,207,135,253,189
fus_00000052,train,data/FUSeg/train/images/0093.png,data/FUSeg/train/labels/0093.png,1,149,216,162,228
fus_00000053,train,data/FUSeg/train/images/0094.png,data/FUSeg/train/labels/0094.png,1,184,239,216,268
fus_00000054,train,data/FUSeg/train/images/0098.png,data/FUSeg/train/labels/0098.png,1,75,112,126,260
fus_00000055,train,data/FUSeg/train/images/0100.png,data/FUSeg/train/labels/0100.png,1,163,251,175,263
fus_00000056,train,data/FUSeg/train/images/0101.png,data/FUSeg/train/labels/0101.png,1,196,267,235,296
fus_00000057,train,data/FUSeg/train/images/0102.png,data/FUSeg/train/labels/0102.png,1,128,239,163,291
fus_00000058,train,data/FUSeg/train/images/0103.png,data/FUSeg/train/labels/0103.png,1,162,203,175,214
fus_00000059,train,data/FUSeg/train/images/0104.png,data/FUSeg/train/labels/0104.png,1,130,176,241,261
fus_00000060,train,data/FUSeg/train/images/0105.png,data/FUSeg/train/labels/0105.png,1,155,298,177,337
fus_00000061,train,data/FUSeg/train/images/0110.png,data/FUSeg/train/labels/0110.png,1,125,298,145,315
fus_00000062,train,data/FUSeg/train/images/0111.png,data/FUSeg/train/labels/0111.png,1,180,234,217,268
fus_00000063,train,data/FUSeg/train/images/0112.png,data/FUSeg/train/labels/0112.png,1,165,203,205,247
fus_00000064,train,data/FUSeg/train/images/0113.png,data/FUSeg/train/labels/0113.png,1,142,153,243,303
fus_00000065,train,data/FUSeg/train/images/0114.png,data/FUSeg/train/labels/0114.png,1,162,239,224,278
fus_00000066,train,data/FUSeg/train/images/0116.png,data/FUSeg/train/labels/0116.png,1,143,204,210,244
fus_00000067,train,data/FUSeg/train/images/0118.png,data/FUSeg/train/labels/0118.png,1,114,282,193,324
fus_00000068,train,data/FUSeg/train/images/0119.png,data/FUSeg/train/labels/0119.png,1,174,327,222,371
fus_00000069,train,data/FUSeg/train/images/0120.png,data/FUSeg/train/labels/0120.png,1,152,214,241,284
fus_00000070,train,data/FUSeg/train/images/0127.png,data/FUSeg/train/labels/0127.png,1,93,143,123,183
fus_00000071,train,data/FUSeg/train/images/0129.png,data/FUSeg/train/labels/0129.png,1,138,251,169,267
fus_00000072,train,data/FUSeg/train/images/0130.png,data/FUSeg/train/labels/0130.png,1,190,243,204,256
fus_00000073,train,data/FUSeg/train/images/0132.png,data/FUSeg/train/labels/0132.png,1,45,191,322,327
fus_00000074,train,data/FUSeg/train/images/0135.png,data/FUSeg/train/labels/0135.png,1,132,101,213,297
fus_00000075,train,data/FUSeg/train/images/0137.png,data/FUSeg/train/labels/0137.png,1,169,245,205,277
fus_00000076,train,data/FUSeg/train/images/0140.png,data/FUSeg/train/labels/0140.png,1,36,316,193,425
fus_00000077,train,data/FUSeg/train/images/0141.png,data/FUSeg/train/labels/0141.png,1,138,221,171,258
fus_00000078,train,data/FUSeg/train/images/0142.png,data/FUSeg/train/labels/0142.png,1,159,199,194,244
fus_00000079,train,data/FUSeg/train/images/0145.png,data/FUSeg/train/labels/0145.png,1,84,227,122,262
fus_00000080,train,data/FUSeg/train/images/0147.png,data/FUSeg/train/labels/0147.png,1,130,240,164,284
fus_00000081,train,data/FUSeg/train/images/0148.png,data/FUSeg/train/labels/0148.png,1,183,216,213,246
fus_00000082,train,data/FUSeg/train/images/0150.png,data/FUSeg/train/labels/0150.png,1,172,227,214,297
fus_00000083,train,data/FUSeg/train/images/0152.png,data/FUSeg/train/labels/0152.png,1,165,199,238,249
fus_00000084,train,data/FUSeg/train/images/0153.png,data/FUSeg/train/labels/0153.png,1,136,162,160,184
fus_00000085,train,data/FUSeg/train/images/0155.png,data/FUSeg/train/labels/0155.png,1,64,153,249,253
fus_00000086,train,data/FUSeg/train/images/0156.png,data/FUSeg/train/labels/0156.png,1,179,190,284,315
fus_00000087,train,data/FUSeg/train/images/0157.png,data/FUSeg/train/labels/0157.png,1,135,269,196,300
fus_00000088,train,data/FUSeg/train/images/0158.png,data/FUSeg/train/labels/0158.png,1,172,194,213,235
fus_00000089,train,data/FUSeg/train/images/0159.png,data/FUSeg/train/labels/0159.png,1,156,144,234,278
fus_00000090,train,data/FUSeg/train/images/0160.png,data/FUSeg/train/labels/0160.png,1,165,305,198,352
fus_00000091,train,data/FUSeg/train/images/0161.png,data/FUSeg/train/labels/0161.png,1,171,243,244,278
fus_00000092,train,data/FUSeg/train/images/0162.png,data/FUSeg/train/labels/0162.png,1,135,209,158,243
fus_00000093,train,data/FUSeg/train/images/0163.png,data/FUSeg/train/labels/0163.png,1,171,239,242,280
fus_00000094,train,data/FUSeg/train/images/0167.png,data/FUSeg/train/labels/0167.png,1,29,172,284,304
fus_00000095,train,data/FUSeg/train/images/0168.png,data/FUSeg/train/labels/0168.png,1,132,379,154,394
fus_00000096,train,data/FUSeg/train/images/0170.png,data/FUSeg/train/labels/0170.png,1,167,223,208,243
fus_00000097,train,data/FUSeg/train/images/0171.png,data/FUSeg/train/labels/0171.png,1,167,233,214,306
fus_00000098,train,data/FUSeg/train/images/0172.png,data/FUSeg/train/labels/0172.png,1,117,204,255,310
fus_00000099,train,data/FUSeg/train/images/0173.png,data/FUSeg/train/labels/0173.png,1,171,220,250,273
fus_00000100,train,data/FUSeg/train/images/0174.png,data/FUSeg/train/labels/0174.png,1,162,252,199,302
fus_00000101,train,data/FUSeg/train/images/0175.png,data/FUSeg/train/labels/0175.png,1,130,239,274,306
fus_00000102,train,data/FUSeg/train/images/0176.png,data/FUSeg/train/labels/0176.png,1,154,155,260,338
fus_00000103,train,data/FUSeg/train/images/0178.png,data/FUSeg/train/labels/0178.png,1,52,174,285,273
fus_00000104,train,data/FUSeg/train/images/0179.png,data/FUSeg/train/labels/0179.png,1,120,163,261,357
fus_00000105,train,data/FUSeg/train/images/0183.png,data/FUSeg/train/labels/0183.png,1,130,316,180,367
fus_00000106,train,data/FUSeg/train/images/0184.png,data/FUSeg/train/labels/0184.png,1,125,363,188,409
fus_00000107,train,data/FUSeg/train/images/0185.png,data/FUSeg/train/labels/0185.png,1,135,161,172,195
fus_00000108,train,data/FUSeg/train/images/0187.png,data/FUSeg/train/labels/0187.png,1,120,109,193,332
fus_00000109,train,data/FUSeg/train/images/0188.png,data/FUSeg/train/labels/0188.png,1,251,214,289,250
fus_00000110,train,data/FUSeg/train/images/0189.png,data/FUSeg/train/labels/0189.png,1,159,206,207,304
fus_00000111,train,data/FUSeg/train/images/0191.png,data/FUSeg/train/labels/0191.png,1,205,137,283,255
fus_00000112,train,data/FUSeg/train/images/0193.png,data/FUSeg/train/labels/0193.png,1,131,235,189,361
fus_00000113,train,data/FUSeg/train/images/0194.png,data/FUSeg/train/labels/0194.png,1,179,177,231,231
fus_00000114,train,data/FUSeg/train/images/0195.png,data/FUSeg/train/labels/0195.png,1,192,262,234,307
fus_00000115,train,data/FUSeg/train/images/0196.png,data/FUSeg/train/labels/0196.png,1,196,79,312,170
fus_00000116,train,data/FUSeg/train/images/0197.png,data/FUSeg/train/labels/0197.png,1,159,174,249,358
fus_00000117,train,data/FUSeg/train/images/0199.png,data/FUSeg/train/labels/0199.png,1,154,243,232,291
fus_00000118,train,data/FUSeg/train/images/0200.png,data/FUSeg/train/labels/0200.png,1,171,244,220,272
fus_00000119,train,data/FUSeg/train/images/0204.png,data/FUSeg/train/labels/0204.png,1,135,211,246,279
fus_00000120,train,data/FUSeg/train/images/0206.png,data/FUSeg/train/labels/0206.png,1,166,201,217,259
fus_00000121,train,data/FUSeg/train/images/0209.png,data/FUSeg/train/labels/0209.png,1,165,198,255,256
fus_00000122,train,data/FUSeg/train/images/0215.png,data/FUSeg/train/labels/0215.png,1,191,235,197,246
fus_00000123,train,data/FUSeg/train/images/0216.png,data/FUSeg/train/labels/0216.png,1,87,122,243,236
fus_00000124,train,data/FUSeg/train/images/0218.png,data/FUSeg/train/labels/0218.png,1,135,234,184,355
fus_00000125,train,data/FUSeg/train/images/0219.png,data/FUSeg/train/labels/0219.png,1,126,144,157,184
fus_00000126,train,data/FUSeg/train/images/0220.png,data/FUSeg/train/labels/0220.png,1,82,210,267,256
fus_00000127,train,data/FUSeg/train/images/0221.png,data/FUSeg/train/labels/0221.png,1,183,241,190,264
fus_00000128,train,data/FUSeg/train/images/0222.png,data/FUSeg/train/labels/0222.png,1,160,239,213,302
fus_00000129,train,data/FUSeg/train/images/0224.png,data/FUSeg/train/labels/0224.png,1,198,167,208,184
fus_00000130,train,data/FUSeg/train/images/0225.png,data/FUSeg/train/labels/0225.png,1,225,148,265,195
fus_00000131,train,data/FUSeg/train/images/0226.png,data/FUSeg/train/labels/0226.png,1,180,216,240,250
fus_00000132,train,data/FUSeg/train/images/0227.png,data/FUSeg/train/labels/0227.png,1,185,226,207,252
fus_00000133,train,data/FUSeg/train/images/0228.png,data/FUSeg/train/labels/0228.png,1,93,165,246,300
fus_00000134,train,data/FUSeg/train/images/0229.png,data/FUSeg/train/labels/0229.png,1,172,303,214,365
fus_00000135,train,data/FUSeg/train/images/0231.png,data/FUSeg/train/labels/0231.png,1,197,137,214,166
fus_00000136,train,data/FUSeg/train/images/0232.png,data/FUSeg/train/labels/0232.png,1,166,221,188,244
fus_00000137,train,data/FUSeg/train/images/0234.png,data/FUSeg/train/labels/0234.png,1,200,226,214,253
fus_00000138,train,data/FUSeg/train/images/0236.png,data/FUSeg/train/labels/0236.png,1,202,248,264,284
fus_00000139,train,data/FUSeg/train/images/0237.png,data/FUSeg/train/labels/0237.png,1,118,222,272,286
fus_00000140,train,data/FUSeg/train/images/0238.png,data/FUSeg/train/labels/0238.png,1,171,235,182,254
fus_00000141,train,data/FUSeg/train/images/0239.png,data/FUSeg/train/labels/0239.png,1,101,165,281,286
fus_00000142,train,data/FUSeg/train/images/0240.png,data/FUSeg/train/labels/0240.png,1,174,149,242,199
fus_00000143,train,data/FUSeg/train/images/0241.png,data/FUSeg/train/labels/0241.png,1,163,189,230,333
fus_00000144,train,data/FUSeg/train/images/0242.png,data/FUSeg/train/labels/0242.png,1,156,179,238,300
fus_00000145,train,data/FUSeg/train/images/0243.png,data/FUSeg/train/labels/0243.png,1,144,165,170,186
fus_00000146,train,data/FUSeg/train/images/0244.png,data/FUSeg/train/labels/0244.png,1,123,214,172,268
fus_00000147,train,data/FUSeg/train/images/0246.png,data/FUSeg/train/labels/0246.png,1,174,299,216,365
fus_00000148,train,data/FUSeg/train/images/0248.png,data/FUSeg/train/labels/0248.png,1,46,160,271,296
fus_00000149,train,data/FUSeg/train/images/0249.png,data/FUSeg/train/labels/0249.png,1,180,231,210,259
fus_00000150,train,data/FUSeg/train/images/0250.png,data/FUSeg/train/labels/0250.png,1,192,288,262,376
fus_00000151,train,data/FUSeg/train/images/0252.png,data/FUSeg/train/labels/0252.png,1,169,239,187,262
fus_00000152,train,data/FUSeg/train/images/0253.png,data/FUSeg/train/labels/0253.png,1,92,143,177,259
fus_00000153,train,data/FUSeg/train/images/0254.png,data/FUSeg/train/labels/0254.png,1,76,98,310,330
fus_00000154,train,data/FUSeg/train/images/0257.png,data/FUSeg/train/labels/0257.png,1,99,148,202,298
fus_00000155,train,data/FUSeg/train/images/0258.png,data/FUSeg/train/labels/0258.png,1,214,220,249,252
fus_00000156,train,data/FUSeg/train/images/0260.png,data/FUSeg/train/labels/0260.png,1,155,222,220,271
fus_00000157,train,data/FUSeg/train/images/0261.png,data/FUSeg/train/labels/0261.png,1,178,237,249,467
fus_00000158,train,data/FUSeg/train/images/0263.png,data/FUSeg/train/labels/0263.png,1,129,235,201,279
fus_00000159,train,data/FUSeg/train/images/0264.png,data/FUSeg/train/labels/0264.png,1,177,247,196,277
fus_00000160,train,data/FUSeg/train/images/0265.png,data/FUSeg/train/labels/0265.png,1,134,227,202,278
fus_00000161,train,data/FUSeg/train/images/0266.png,data/FUSeg/train/labels/0266.png,1,182,295,218,322
fus_00000162,train,data/FUSeg/train/images/0267.png,data/FUSeg/train/labels/0267.png,1,216,142,259,181
fus_00000163,train,data/FUSeg/train/images/0268.png,data/FUSeg/train/labels/0268.png,1,178,193,228,318
fus_00000164,train,data/FUSeg/train/images/0270.png,data/FUSeg/train/labels/0270.png,1,206,211,228,237
fus_00000165,train,data/FUSeg/train/images/0273.png,data/FUSeg/train/labels/0273.png,1,198,262,242,297
fus_00000166,train,data/FUSeg/train/images/0274.png,data/FUSeg/train/labels/0274.png,1,140,180,264,356
fus_00000167,train,data/FUSeg/train/images/0277.png,data/FUSeg/train/labels/0277.png,1,99,145,140,283
fus_00000168,train,data/FUSeg/train/images/0279.png,data/FUSeg/train/labels/0279.png,1,158,152,252,310
fus_00000169,train,data/FUSeg/train/images/0283.png,data/FUSeg/train/labels/0283.png,1,173,217,201,255
fus_00000170,train,data/FUSeg/train/images/0285.png,data/FUSeg/train/labels/0285.png,1,101,137,229,218
fus_00000171,train,data/FUSeg/train/images/0287.png,data/FUSeg/train/labels/0287.png,1,144,298,173,344
fus_00000172,train,data/FUSeg/train/images/0288.png,data/FUSeg/train/labels/0288.png,1,199,184,216,213
fus_00000173,train,data/FUSeg/train/images/0290.png,data/FUSeg/train/labels/0290.png,1,161,234,212,276
fus_00000174,train,data/FUSeg/train/images/0292.png,data/FUSeg/train/labels/0292.png,1,77,2,382,309
fus_00000175,train,data/FUSeg/train/images/0295.png,data/FUSeg/train/labels/0295.png,1,86,302,186,373
fus_00000176,train,data/FUSeg/train/images/0296.png,data/FUSeg/train/labels/0296.png,1,58,219,246,290
fus_00000177,train,data/FUSeg/train/images/0297.png,data/FUSeg/train/labels/0297.png,1,192,298,224,326
fus_00000178,train,data/FUSeg/train/images/0299.png,data/FUSeg/train/labels/0299.png,1,165,310,211,359
fus_00000179,train,data/FUSeg/train/images/0302.png,data/FUSeg/train/labels/0302.png,1,199,73,386,261
fus_00000180,train,data/FUSeg/train/images/0304.png,data/FUSeg/train/labels/0304.png,1,189,299,219,331
fus_00000181,train,data/FUSeg/train/images/0305.png,data/FUSeg/train/labels/0305.png,1,173,201,217,241
fus_00000182,train,data/FUSeg/train/images/0306.png,data/FUSeg/train/labels/0306.png,1,120,119,160,140
fus_00000183,train,data/FUSeg/train/images/0307.png,data/FUSeg/train/labels/0307.png,1,96,124,262,307
fus_00000184,train,data/FUSeg/train/images/0310.png,data/FUSeg/train/labels/0310.png,1,155,246,218,351
fus_00000185,train,data/FUSeg/train/images/0311.png,data/FUSeg/train/labels/0311.png,1,154,234,231,277
fus_00000186,train,data/FUSeg/train/images/0312.png,data/FUSeg/train/labels/0312.png,1,137,144,156,172
fus_00000187,train,data/FUSeg/train/images/0314.png,data/FUSeg/train/labels/0314.png,1,174,204,219,296
fus_00000188,train,data/FUSeg/train/images/0316.png,data/FUSeg/train/labels/0316.png,1,136,217,177,259
fus_00000189,train,data/FUSeg/train/images/0317.png,data/FUSeg/train/labels/0317.png,1,167,146,231,241
fus_00000190,train,data/FUSeg/train/images/0318.png,data/FUSeg/train/labels/0318.png,1,174,211,198,271
fus_00000191,train,data/FUSeg/train/images/0319.png,data/FUSeg/train/labels/0319.png,1,172,312,267,383
fus_00000192,train,data/FUSeg/train/images/0321.png,data/FUSeg/train/labels/0321.png,1,263,216,279,228
fus_00000193,train,data/FUSeg/train/images/0323.png,data/FUSeg/train/labels/0323.png,1,153,361,170,410
fus_00000194,train,data/FUSeg/train/images/0324.png,data/FUSeg/train/labels/0324.png,1,144,172,240,301
fus_00000195,train,data/FUSeg/train/images/0325.png,data/FUSeg/train/labels/0325.png,1,187,265,202,291
fus_00000196,train,data/FUSeg/train/images/0327.png,data/FUSeg/train/labels/0327.png,1,180,238,268,302
fus_00000197,train,data/FUSeg/train/images/0328.png,data/FUSeg/train/labels/0328.png,1,205,280,274,381
fus_00000198,train,data/FUSeg/train/images/0329.png,data/FUSeg/train/labels/0329.png,1,191,229,231,310
fus_00000199,train,data/FUSeg/train/images/0330.png,data/FUSeg/train/labels/0330.png,1,152,235,210,271
fus_00000200,train,data/FUSeg/train/images/0331.png,data/FUSeg/train/labels/0331.png,1,163,214,229,255
fus_00000201,train,data/FUSeg/train/images/0332.png,data/FUSeg/train/labels/0332.png,1,144,162,225,297
fus_00000202,train,data/FUSeg/train/images/0333.png,data/FUSeg/train/labels/0333.png,1,151,239,201,308
fus_00000203,train,data/FUSeg/train/images/0340.png,data/FUSeg/train/labels/0340.png,1,178,9,360,382
fus_00000204,train,data/FUSeg/train/images/0344.png,data/FUSeg/train/labels/0344.png,1,153,150,308,289
fus_00000205,train,data/FUSeg/train/images/0346.png,data/FUSeg/train/labels/0346.png,1,204,292,266,378
fus_00000206,train,data/FUSeg/train/images/0347.png,data/FUSeg/train/labels/0347.png,1,59,131,169,282
fus_00000207,train,data/FUSeg/train/images/0348.png,data/FUSeg/train/labels/0348.png,1,128,232,231,401
fus_00000208,train,data/FUSeg/train/images/0350.png,data/FUSeg/train/labels/0350.png,1,158,249,229,282
fus_00000209,train,data/FUSeg/train/images/0352.png,data/FUSeg/train/labels/0352.png,1,183,229,196,243
fus_00000210,train,data/FUSeg/train/images/0353.png,data/FUSeg/train/labels/0353.png,1,170,103,334,298
fus_00000211,train,data/FUSeg/train/images/0357.png,data/FUSeg/train/labels/0357.png,1,168,228,216,294
fus_00000212,train,data/FUSeg/train/images/0358.png,data/FUSeg/train/labels/0358.png,1,226,180,298,248
fus_00000213,train,data/FUSeg/train/images/0359.png,data/FUSeg/train/labels/0359.png,1,150,219,228,335
fus_00000214,train,data/FUSeg/train/images/0360.png,data/FUSeg/train/labels/0360.png,1,170,237,214,302
fus_00000215,train,data/FUSeg/train/images/0361.png,data/FUSeg/train/labels/0361.png,0,0,0,0,0
fus_00000216,train,data/FUSeg/train/images/0362.png,data/FUSeg/train/labels/0362.png,1,144,160,202,273
fus_00000217,train,data/FUSeg/train/images/0364.png,data/FUSeg/train/labels/0364.png,1,101,134,326,349
fus_00000218,train,data/FUSeg/train/images/0366.png,data/FUSeg/train/labels/0366.png,1,181,244,202,262
fus_00000219,train,data/FUSeg/train/images/0367.png,data/FUSeg/train/labels/0367.png,1,263,130,322,203
fus_00000220,train,data/FUSeg/train/images/0368.png,data/FUSeg/train/labels/0368.png,1,150,317,195,370
fus_00000221,train,data/FUSeg/train/images/0370.png,data/FUSeg/train/labels/0370.png,1,156,138,292,267
fus_00000222,train,data/FUSeg/train/images/0372.png,data/FUSeg/train/labels/0372.png,1,164,233,267,296
fus_00000223,train,data/FUSeg/train/images/0373.png,data/FUSeg/train/labels/0373.png,1,204,217,237,248
fus_00000224,train,data/FUSeg/train/images/0374.png,data/FUSeg/train/labels/0374.png,1,167,159,248,227
fus_00000225,train,data/FUSeg/train/images/0378.png,data/FUSeg/train/labels/0378.png,1,80,137,141,260
fus_00000226,train,data/FUSeg/train/images/0379.png,data/FUSeg/train/labels/0379.png,1,177,190,225,241
fus_00000227,train,data/FUSeg/train/images/0380.png,data/FUSeg/train/labels/0380.png,1,123,258,172,312
fus_00000228,train,data/FUSeg/train/images/0381.png,data/FUSeg/train/labels/0381.png,1,147,220,216,276
fus_00000229,train,data/FUSeg/train/images/0384.png,data/FUSeg/train/labels/0384.png,1,157,200,213,243
fus_00000230,train,data/FUSeg/train/images/0385.png,data/FUSeg/train/labels/0385.png,1,189,180,241,344
fus_00000231,train,data/FUSeg/train/images/0386.png,data/FUSeg/train/labels/0386.png,1,138,196,217,268
fus_00000232,train,data/FUSeg/train/images/0387.png,data/FUSeg/train/labels/0387.png,1,162,222,181,244
fus_00000233,train,data/FUSeg/train/images/0388.png,data/FUSeg/train/labels/0388.png,1,161,259,200,302
fus_00000234,train,data/FUSeg/train/images/0389.png,data/FUSeg/train/labels/0389.png,1,129,250,177,294
fus_00000235,train,data/FUSeg/train/images/0391.png,data/FUSeg/train/labels/0391.png,1,237,20,370,298
fus_00000236,train,data/FUSeg/train/images/0392.png,data/FUSeg/train/labels/0392.png,1,147,184,220,297
fus_00000237,train,data/FUSeg/train/images/0394.png,data/FUSeg/train/labels/0394.png,1,194,64,336,314
fus_00000238,train,data/FUSeg/train/images/0395.png,data/FUSeg/train/labels/0395.png,1,183,216,276,311
fus_00000239,train,data/FUSeg/train/images/0396.png,data/FUSeg/train/labels/0396.png,1,152,96,335,388
fus_00000240,train,data/FUSeg/train/images/0397.png,data/FUSeg/train/labels/0397.png,1,183,178,306,267
fus_00000241,train,data/FUSeg/train/images/0399.png,data/FUSeg/train/labels/0399.png,1,87,152,183,277
fus_00000242,train,data/FUSeg/train/images/0400.png,data/FUSeg/train/labels/0400.png,1,180,246,202,268
fus_00000243,train,data/FUSeg/train/images/0401.png,data/FUSeg/train/labels/0401.png,1,137,76,266,251
fus_00000244,train,data/FUSeg/train/images/0404.png,data/FUSeg/train/labels/0404.png,1,174,220,240,262
fus_00000245,train,data/FUSeg/train/images/0406.png,data/FUSeg/train/labels/0406.png,1,120,291,153,319
fus_00000246,train,data/FUSeg/train/images/0408.png,data/FUSeg/train/labels/0408.png,1,149,137,448,286
fus_00000247,train,data/FUSeg/train/images/0409.png,data/FUSeg/train/labels/0409.png,1,157,197,192,237
fus_00000248,train,data/FUSeg/train/images/0410.png,data/FUSeg/train/labels/0410.png,1,160,214,192,250
fus_00000249,train,data/FUSeg/train/images/0411.png,data/FUSeg/train/labels/0411.png,1,159,208,190,241
fus_00000250,train,data/FUSeg/train/images/0413.png,data/FUSeg/train/labels/0413.png,1,135,209,160,237
fus_00000251,train,data/FUSeg/train/images/0418.png,data/FUSeg/train/labels/0418.png,1,58,101,226,259
fus_00000252,train,data/FUSeg/train/images/0419.png,data/FUSeg/train/labels/0419.png,1,215,221,241,246
fus_00000253,train,data/FUSeg/train/images/0420.png,data/FUSeg/train/labels/0420.png,1,149,201,327,289
fus_00000254,train,data/FUSeg/train/images/0421.png,data/FUSeg/train/labels/0421.png,1,137,238,207,332
fus_00000255,train,data/FUSeg/train/images/0422.png,data/FUSeg/train/labels/0422.png,1,134,249,183,362
fus_00000256,train,data/FUSeg/train/images/0423.png,data/FUSeg/train/labels/0423.png,1,116,214,277,253
fus_00000257,train,data/FUSeg/train/images/0424.png,data/FUSeg/train/labels/0424.png,1,148,0,202,355
fus_00000258,train,data/FUSeg/train/images/0425.png,data/FUSeg/train/labels/0425.png,1,346,81,488,368
fus_00000259,train,data/FUSeg/train/images/0426.png,data/FUSeg/train/labels/0426.png,1,128,152,278,362
fus_00000260,train,data/FUSeg/train/images/0427.png,data/FUSeg/train/labels/0427.png,1,208,198,251,256
fus_00000261,train,data/FUSeg/train/images/0428.png,data/FUSeg/train/labels/0428.png,1,212,97,405,303
fus_00000262,train,data/FUSeg/train/images/0431.png,data/FUSeg/train/labels/0431.png,1,150,180,196,211
fus_00000263,train,data/FUSeg/train/images/0432.png,data/FUSeg/train/labels/0432.png,1,141,171,282,273
fus_00000264,train,data/FUSeg/train/images/0433.png,data/FUSeg/train/labels/0433.png,1,173,238,204,264
fus_00000265,train,data/FUSeg/train/images/0435.png,data/FUSeg/train/labels/0435.png,1,204,79,298,142
fus_00000266,train,data/FUSeg/train/images/0436.png,data/FUSeg/train/labels/0436.png,1,135,205,218,299
fus_00000267,train,data/FUSeg/train/images/0440.png,data/FUSeg/train/labels/0440.png,1,203,226,225,266
fus_00000268,train,data/FUSeg/train/images/0442.png,data/FUSeg/train/labels/0442.png,1,125,147,200,276
fus_00000269,train,data/FUSeg/train/images/0443.png,data/FUSeg/train/labels/0443.png,1,181,193,229,236
fus_00000270,train,data/FUSeg/train/images/0444.png,data/FUSeg/train/labels/0444.png,1,208,211,236,240
fus_00000271,train,data/FUSeg/train/images/0445.png,data/FUSeg/train/labels/0445.png,1,223,165,253,190
fus_00000272,train,data/FUSeg/train/images/0446.png,data/FUSeg/train/labels/0446.png,1,175,299,212,363
fus_00000273,train,data/FUSeg/train/images/0448.png,data/FUSeg/train/labels/0448.png,1,117,0,243,287
fus_00000274,train,data/FUSeg/train/images/0449.png,data/FUSeg/train/labels/0449.png,1,190,276,216,321
fus_00000275,train,data/FUSeg/train/images/0452.png,data/FUSeg/train/labels/0452.png,1,252,234,279,258
fus_00000276,train,data/FUSeg/train/images/0453.png,data/FUSeg/train/labels/0453.png,1,253,116,328,149
fus_00000277,train,data/FUSeg/train/images/0454.png,data/FUSeg/train/labels/0454.png,1,113,240,184,375
fus_00000278,train,data/FUSeg/train/images/0457.png,data/FUSeg/train/labels/0457.png,0,0,0,0,0
fus_00000279,train,data/FUSeg/train/images/0458.png,data/FUSeg/train/labels/0458.png,1,173,252,217,277
fus_00000280,train,data/FUSeg/train/images/0459.png,data/FUSeg/train/labels/0459.png,1,48,195,245,279
fus_00000281,train,data/FUSeg/train/images/0461.png,data/FUSeg/train/labels/0461.png,1,129,227,168,278
fus_00000282,train,data/FUSeg/train/images/0462.png,data/FUSeg/train/labels/0462.png,1,156,234,201,267
fus_00000283,train,data/FUSeg/train/images/0465.png,data/FUSeg/train/labels/0465.png,1,165,196,219,325
fus_00000284,train,data/FUSeg/train/images/0468.png,data/FUSeg/train/labels/0468.png,1,142,189,164,210
fus_00000285,train,data/FUSeg/train/images/0469.png,data/FUSeg/train/labels/0469.png,1,268,177,309,213
fus_00000286,train,data/FUSeg/train/images/0471.png,data/FUSeg/train/labels/0471.png,1,118,135,150,182
fus_00000287,train,data/FUSeg/train/images/0472.png,data/FUSeg/train/labels/0472.png,1,146,228,261,298
fus_00000288,train,data/FUSeg/train/images/0473.png,data/FUSeg/train/labels/0473.png,1,171,102,187,120
fus_00000289,train,data/FUSeg/train/images/0476.png,data/FUSeg/train/labels/0476.png,1,183,274,259,338
fus_00000290,train,data/FUSeg/train/images/0477.png,data/FUSeg/train/labels/0477.png,1,253,239,278,267
fus_00000291,train,data/FUSeg/train/images/0479.png,data/FUSeg/train/labels/0479.png,1,135,238,163,267
fus_00000292,train,data/FUSeg/train/images/0480.png,data/FUSeg/train/labels/0480.png,1,136,269,162,297
fus_00000293,train,data/FUSeg/train/images/0481.png,data/FUSeg/train/labels/0481.png,1,160,297,192,350
fus_00000294,train,data/FUSeg/train/images/0482.png,data/FUSeg/train/labels/0482.png,1,200,222,227,261
fus_00000295,train,data/FUSeg/train/images/0489.png,data/FUSeg/train/labels/0489.png,1,252,98,408,295
fus_00000296,train,data/FUSeg/train/images/0490.png,data/FUSeg/train/labels/0490.png,1,317,165,374,218
fus_00000297,train,data/FUSeg/train/images/0491.png,data/FUSeg/train/labels/0491.png,1,214,130,255,178
fus_00000298,train,data/FUSeg/train/images/0493.png,data/FUSeg/train/labels/0493.png,1,89,120,254,333
fus_00000299,train,data/FUSeg/train/images/0495.png,data/FUSeg/train/labels/0495.png,1,154,73,301,267
fus_00000300,train,data/FUSeg/train/images/0497.png,data/FUSeg/train/labels/0497.png,1,177,262,204,307
fus_00000301,train,data/FUSeg/train/images/0498.png,data/FUSeg/train/labels/0498.png,1,172,216,242,258
fus_00000302,train,data/FUSeg/train/images/0499.png,data/FUSeg/train/labels/0499.png,1,179,221,208,246
fus_00000303,train,data/FUSeg/train/images/0500.png,data/FUSeg/train/labels/0500.png,1,79,240,317,336
fus_00000304,train,data/FUSeg/train/images/0501.png,data/FUSeg/train/labels/0501.png,1,94,267,280,316
fus_00000305,train,data/FUSeg/train/images/0502.png,data/FUSeg/train/labels/0502.png,0,0,0,0,0
fus_00000306,train,data/FUSeg/train/images/0505.png,data/FUSeg/train/labels/0505.png,1,43,325,184,430
fus_00000307,train,data/FUSeg/train/images/0506.png,data/FUSeg/train/labels/0506.png,1,60,196,298,354
fus_00000308,train,data/FUSeg/train/images/0508.png,data/FUSeg/train/labels/0508.png,1,162,221,216,277
fus_00000309,train,data/FUSeg/train/images/0509.png,data/FUSeg/train/labels/0509.png,1,142,218,229,248
fus_00000310,train,data/FUSeg/train/images/0512.png,data/FUSeg/train/labels/0512.png,1,48,175,284,303
fus_00000311,train,data/FUSeg/train/images/0514.png,data/FUSeg/train/labels/0514.png,1,141,198,184,229
fus_00000312,train,data/FUSeg/train/images/0515.png,data/FUSeg/train/labels/0515.png,1,135,219,153,240
fus_00000313,train,data/FUSeg/train/images/0518.png,data/FUSeg/train/labels/0518.png,1,116,108,382,329
fus_00000314,train,data/FUSeg/train/images/0519.png,data/FUSeg/train/labels/0519.png,1,177,209,210,250
fus_00000315,train,data/FUSeg/train/images/0520.png,data/FUSeg/train/labels/0520.png,1,143,165,244,305
fus_00000316,train,data/FUSeg/train/images/0521.png,data/FUSeg/train/labels/0521.png,1,150,100,182,395
fus_00000317,train,data/FUSeg/train/images/0522.png,data/FUSeg/train/labels/0522.png,1,169,237,212,280
fus_00000318,train,data/FUSeg/train/images/0523.png,data/FUSeg/train/labels/0523.png,1,0,373,148,461
fus_00000319,train,data/FUSeg/train/images/0524.png,data/FUSeg/train/labels/0524.png,1,170,262,206,290
fus_00000320,train,data/FUSeg/train/images/0526.png,data/FUSeg/train/labels/0526.png,1,163,235,196,260
fus_00000321,train,data/FUSeg/train/images/0527.png,data/FUSeg/train/labels/0527.png,1,174,213,205,238
fus_00000322,train,data/FUSeg/train/images/0529.png,data/FUSeg/train/labels/0529.png,1,190,147,236,200
fus_00000323,train,data/FUSeg/train/images/0530.png,data/FUSeg/train/labels/0530.png,1,108,172,216,290
fus_00000324,train,data/FUSeg/train/images/0531.png,data/FUSeg/train/labels/0531.png,1,183,227,219,260
fus_00000325,train,data/FUSeg/train/images/0532.png,data/FUSeg/train/labels/0532.png,1,279,17,398,294
fus_00000326,train,data/FUSeg/train/images/0534.png,data/FUSeg/train/labels/0534.png,1,129,232,196,368
fus_00000327,train,data/FUSeg/train/images/0535.png,data/FUSeg/train/labels/0535.png,1,144,299,230,357
fus_00000328,train,data/FUSeg/train/images/0536.png,data/FUSeg/train/labels/0536.png,1,135,161,244,296
fus_00000329,train,data/FUSeg/train/images/0538.png,data/FUSeg/train/labels/0538.png,1,92,87,327,313
fus_00000330,train,data/FUSeg/train/images/0539.png,data/FUSeg/train/labels/0539.png,1,180,231,290,328
fus_00000331,train,data/FUSeg/train/images/0542.png,data/FUSeg/train/labels/0542.png,1,144,197,268,254
fus_00000332,train,data/FUSeg/train/images/0544.png,data/FUSeg/train/labels/0544.png,1,359,207,402,237
fus_00000333,train,data/FUSeg/train/images/0546.png,data/FUSeg/train/labels/0546.png,1,116,173,150,209
fus_00000334,train,data/FUSeg/train/images/0547.png,data/FUSeg/train/labels/0547.png,1,161,239,205,273
fus_00000335,train,data/FUSeg/train/images/0550.png,data/FUSeg/train/labels/0550.png,1,191,259,236,304
fus_00000336,train,data/FUSeg/train/images/0552.png,data/FUSeg/train/labels/0552.png,1,135,231,177,287
fus_00000337,train,data/FUSeg/train/images/0553.png,data/FUSeg/train/labels/0553.png,1,183,279,206,302
fus_00000338,train,data/FUSeg/train/images/0554.png,data/FUSeg/train/labels/0554.png,1,136,170,224,297
fus_00000339,train,data/FUSeg/train/images/0555.png,data/FUSeg/train/labels/0555.png,1,129,90,267,229
fus_00000340,train,data/FUSeg/train/images/0556.png,data/FUSeg/train/labels/0556.png,1,126,162,164,197
fus_00000341,train,data/FUSeg/train/images/0558.png,data/FUSeg/train/labels/0558.png,1,134,240,170,288
fus_00000342,train,data/FUSeg/train/images/0561.png,data/FUSeg/train/labels/0561.png,1,202,307,260,394
fus_00000343,train,data/FUSeg/train/images/0562.png,data/FUSeg/train/labels/0562.png,1,185,240,250,278
fus_00000344,train,data/FUSeg/train/images/0563.png,data/FUSeg/train/labels/0563.png,1,256,207,282,229
fus_00000345,train,data/FUSeg/train/images/0564.png,data/FUSeg/train/labels/0564.png,0,0,0,0,0
fus_00000346,train,data/FUSeg/train/images/0567.png,data/FUSeg/train/labels/0567.png,1,169,221,223,278
fus_00000347,train,data/FUSeg/train/images/0568.png,data/FUSeg/train/labels/0568.png,1,174,240,225,306
fus_00000348,train,data/FUSeg/train/images/0569.png,data/FUSeg/train/labels/0569.png,1,68,166,289,272
fus_00000349,train,data/FUSeg/train/images/0570.png,data/FUSeg/train/labels/0570.png,1,113,0,382,340
fus_00000350,train,data/FUSeg/train/images/0572.png,data/FUSeg/train/labels/0572.png,1,155,68,259,271
fus_00000351,train,data/FUSeg/train/images/0573.png,data/FUSeg/train/labels/0573.png,1,201,252,466,309
fus_00000352,train,data/FUSeg/train/images/0574.png,data/FUSeg/train/labels/0574.png,1,126,144,282,304
fus_00000353,train,data/FUSeg/train/images/0575.png,data/FUSeg/train/labels/0575.png,1,99,276,177,318
fus_00000354,train,data/FUSeg/train/images/0576.png,data/FUSeg/train/labels/0576.png,1,100,249,181,285
fus_00000355,train,data/FUSeg/train/images/0579.png,data/FUSeg/train/labels/0579.png,1,191,185,234,219
fus_00000356,train,data/FUSeg/train/images/0581.png,data/FUSeg/train/labels/0581.png,1,168,184,229,268
fus_00000357,train,data/FUSeg/train/images/0583.png,data/FUSeg/train/labels/0583.png,1,169,209,225,242
fus_00000358,train,data/FUSeg/train/images/0584.png,data/FUSeg/train/labels/0584.png,1,162,189,250,344
fus_00000359,train,data/FUSeg/train/images/0586.png,data/FUSeg/train/labels/0586.png,1,171,200,242,270
fus_00000360,train,data/FUSeg/train/images/0587.png,data/FUSeg/train/labels/0587.png,1,276,130,414,339
fus_00000361,train,data/FUSeg/train/images/0589.png,data/FUSeg/train/labels/0589.png,1,90,156,202,306
fus_00000362,train,data/FUSeg/train/images/0590.png,data/FUSeg/train/labels/0590.png,1,217,210,264,250
fus_00000363,train,data/FUSeg/train/images/0594.png,data/FUSeg/train/labels/0594.png,1,149,203,242,294
fus_00000364,train,data/FUSeg/train/images/0595.png,data/FUSeg/train/labels/0595.png,1,132,65,218,152
fus_00000365,train,data/FUSeg/train/images/0597.png,data/FUSeg/train/labels/0597.png,1,160,183,198,208
fus_00000366,train,data/FUSeg/train/images/0598.png,data/FUSeg/train/labels/0598.png,1,101,279,162,318
fus_00000367,train,data/FUSeg/train/images/0599.png,data/FUSeg/train/labels/0599.png,1,158,262,198,307
fus_00000368,train,data/FUSeg/train/images/0600.png,data/FUSeg/train/labels/0600.png,0,0,0,0,0
fus_00000369,train,data/FUSeg/train/images/0601.png,data/FUSeg/train/labels/0601.png,1,117,147,207,196
fus_00000370,train,data/FUSeg/train/images/0605.png,data/FUSeg/train/labels/0605.png,1,111,160,190,260
fus_00000371,train,data/FUSeg/train/images/0606.png,data/FUSeg/train/labels/0606.png,1,210,122,261,177
fus_00000372,train,data/FUSeg/train/images/0608.png,data/FUSeg/train/labels/0608.png,1,126,155,214,249
fus_00000373,train,data/FUSeg/train/images/0609.png,data/FUSeg/train/labels/0609.png,1,173,252,193,274
fus_00000374,train,data/FUSeg/train/images/0610.png,data/FUSeg/train/labels/0610.png,1,191,110,259,188
fus_00000375,train,data/FUSeg/train/images/0611.png,data/FUSeg/train/labels/0611.png,1,153,202,262,285
fus_00000376,train,data/FUSeg/train/images/0614.png,data/FUSeg/train/labels/0614.png,1,332,25,496,336
fus_00000377,train,data/FUSeg/train/images/0617.png,data/FUSeg/train/labels/0617.png,1,163,197,256,258
fus_00000378,train,data/FUSeg/train/images/0618.png,data/FUSeg/train/labels/0618.png,1,144,235,250,313
fus_00000379,train,data/FUSeg/train/images/0619.png,data/FUSeg/train/labels/0619.png,1,130,158,148,186
fus_00000380,train,data/FUSeg/train/images/0620.png,data/FUSeg/train/labels/0620.png,1,211,179,230,195
fus_00000381,train,data/FUSeg/train/images/0621.png,data/FUSeg/train/labels/0621.png,1,192,227,206,245
fus_00000382,train,data/FUSeg/train/images/0622.png,data/FUSeg/train/labels/0622.png,1,212,268,257,291
fus_00000383,train,data/FUSeg/train/images/0623.png,data/FUSeg/train/labels/0623.png,1,199,205,242,250
fus_00000384,train,data/FUSeg/train/images/0624.png,data/FUSeg/train/labels/0624.png,1,126,219,176,271
fus_00000385,train,data/FUSeg/train/images/0625.png,data/FUSeg/train/labels/0625.png,1,319,209,365,282
fus_00000386,train,data/FUSeg/train/images/0628.png,data/FUSeg/train/labels/0628.png,1,154,253,167,262
fus_00000387,train,data/FUSeg/train/images/0629.png,data/FUSeg/train/labels/0629.png,1,140,158,248,304
fus_00000388,train,data/FUSeg/train/images/0631.png,data/FUSeg/train/labels/0631.png,1,128,167,180,255
fus_00000389,train,data/FUSeg/train/images/0632.png,data/FUSeg/train/labels/0632.png,1,162,257,217,282
fus_00000390,train,data/FUSeg/train/images/0633.png,data/FUSeg/train/labels/0633.png,1,152,261,244,328
fus_00000391,train,data/FUSeg/train/images/0634.png,data/FUSeg/train/labels/0634.png,1,156,221,193,252
fus_00000392,train,data/FUSeg/train/images/0636.png,data/FUSeg/train/labels/0636.png,1,137,237,247,314
fus_00000393,train,data/FUSeg/train/images/0637.png,data/FUSeg/train/labels/0637.png,1,196,190,243,253
fus_00000394,train,data/FUSeg/train/images/0639.png,data/FUSeg/train/labels/0639.png,1,149,244,210,274
fus_00000395,train,data/FUSeg/train/images/0640.png,data/FUSeg/train/labels/0640.png,1,192,152,210,180
fus_00000396,train,data/FUSeg/train/images/0641.png,data/FUSeg/train/labels/0641.png,1,148,229,178,265
fus_00000397,train,data/FUSeg/train/images/0646.png,data/FUSeg/train/labels/0646.png,1,124,216,261,298
fus_00000398,train,data/FUSeg/train/images/0648.png,data/FUSeg/train/labels/0648.png,1,253,164,325,190
fus_00000399,train,data/FUSeg/train/images/0649.png,data/FUSeg/train/labels/0649.png,1,172,209,212,248
fus_00000400,train,data/FUSeg/train/images/0650.png,data/FUSeg/train/labels/0650.png,1,219,312,257,368
fus_00000401,train,data/FUSeg/train/images/0654.png,data/FUSeg/train/labels/0654.png,1,226,219,272,261
fus_00000402,train,data/FUSeg/train/images/0656.png,data/FUSeg/train/labels/0656.png,1,165,164,238,214
fus_00000403,train,data/FUSeg/train/images/0659.png,data/FUSeg/train/labels/0659.png,1,151,234,211,284
fus_00000404,train,data/FUSeg/train/images/0660.png,data/FUSeg/train/labels/0660.png,1,137,208,172,242
fus_00000405,train,data/FUSeg/train/images/0661.png,data/FUSeg/train/labels/0661.png,1,148,161,247,333
fus_00000406,train,data/FUSeg/train/images/0662.png,data/FUSeg/train/labels/0662.png,1,148,168,182,217
fus_00000407,train,data/FUSeg/train/images/0663.png,data/FUSeg/train/labels/0663.png,1,196,153,344,261
fus_00000408,train,data/FUSeg/train/images/0664.png,data/FUSeg/train/labels/0664.png,1,84,210,267,258
fus_00000409,train,data/FUSeg/train/images/0665.png,data/FUSeg/train/labels/0665.png,1,160,241,210,306
fus_00000410,train,data/FUSeg/train/images/0666.png,data/FUSeg/train/labels/0666.png,1,98,153,145,270
fus_00000411,train,data/FUSeg/train/images/0667.png,data/FUSeg/train/labels/0667.png,1,209,242,229,264
fus_00000412,train,data/FUSeg/train/images/0668.png,data/FUSeg/train/labels/0668.png,1,199,184,243,229
fus_00000413,train,data/FUSeg/train/images/0669.png,data/FUSeg/train/labels/0669.png,1,143,159,307,237
fus_00000414,train,data/FUSeg/train/images/0670.png,data/FUSeg/train/labels/0670.png,1,106,215,245,278
fus_00000415,train,data/FUSeg/train/images/0671.png,data/FUSeg/train/labels/0671.png,1,160,232,225,346
fus_00000416,train,data/FUSeg/train/images/0672.png,data/FUSeg/train/labels/0672.png,1,164,202,210,373
fus_00000417,train,data/FUSeg/train/images/0673.png,data/FUSeg/train/labels/0673.png,1,181,45,301,254
fus_00000418,train,data/FUSeg/train/images/0675.png,data/FUSeg/train/labels/0675.png,1,89,106,244,224
fus_00000419,train,data/FUSeg/train/images/0676.png,data/FUSeg/train/labels/0676.png,1,186,204,277,240
fus_00000420,train,data/FUSeg/train/images/0677.png,data/FUSeg/train/labels/0677.png,1,152,198,173,229
fus_00000421,train,data/FUSeg/train/images/0678.png,data/FUSeg/train/labels/0678.png,1,135,213,235,302
fus_00000422,train,data/FUSeg/train/images/0681.png,data/FUSeg/train/labels/0681.png,1,88,154,237,234
fus_00000423,train,data/FUSeg/train/images/0684.png,data/FUSeg/train/labels/0684.png,1,169,246,178,259
fus_00000424,train,data/FUSeg/train/images/0687.png,data/FUSeg/train/labels/0687.png,1,123,138,359,293
fus_00000425,train,data/FUSeg/train/images/0688.png,data/FUSeg/train/labels/0688.png,1,141,221,230,282
fus_00000426,train,data/FUSeg/train/images/0690.png,data/FUSeg/train/labels/0690.png,1,156,319,260,388
fus_00000427,train,data/FUSeg/train/images/0693.png,data/FUSeg/train/labels/0693.png,1,172,234,201,260
fus_00000428,train,data/FUSeg/train/images/0694.png,data/FUSeg/train/labels/0694.png,1,276,77,374,213
fus_00000429,train,data/FUSeg/train/images/0695.png,data/FUSeg/train/labels/0695.png,1,153,223,195,256
fus_00000430,train,data/FUSeg/train/images/0696.png,data/FUSeg/train/labels/0696.png,1,146,238,172,262
fus_00000431,train,data/FUSeg/train/images/0697.png,data/FUSeg/train/labels/0697.png,1,114,305,153,325
fus_00000432,train,data/FUSeg/train/images/0699.png,data/FUSeg/train/labels/0699.png,1,129,207,172,253
fus_00000433,train,data/FUSeg/train/images/0700.png,data/FUSeg/train/labels/0700.png,1,211,215,237,241
fus_00000434,train,data/FUSeg/train/images/0701.png,data/FUSeg/train/labels/0701.png,0,0,0,0,0
fus_00000435,train,data/FUSeg/train/images/0703.png,data/FUSeg/train/labels/0703.png,1,155,239,171,255
fus_00000436,train,data/FUSeg/train/images/0704.png,data/FUSeg/train/labels/0704.png,1,144,149,332,338
fus_00000437,train,data/FUSeg/train/images/0708.png,data/FUSeg/train/labels/0708.png,1,215,243,238,268
fus_00000438,train,data/FUSeg/train/images/0709.png,data/FUSeg/train/labels/0709.png,1,180,253,199,277
fus_00000439,train,data/FUSeg/train/images/0710.png,data/FUSeg/train/labels/0710.png,1,82,158,295,278
fus_00000440,train,data/FUSeg/train/images/0713.png,data/FUSeg/train/labels/0713.png,1,175,226,212,261
fus_00000441,train,data/FUSeg/train/images/0714.png,data/FUSeg/train/labels/0714.png,1,183,216,276,267
fus_00000442,train,data/FUSeg/train/images/0716.png,data/FUSeg/train/labels/0716.png,1,71,197,261,286
fus_00000443,train,data/FUSeg/train/images/0719.png,data/FUSeg/train/labels/0719.png,1,190,363,242,406
fus_00000444,train,data/FUSeg/train/images/0720.png,data/FUSeg/train/labels/0720.png,1,159,187,244,241
fus_00000445,train,data/FUSeg/train/images/0722.png,data/FUSeg/train/labels/0722.png,1,99,76,310,306
fus_00000446,train,data/FUSeg/train/images/0723.png,data/FUSeg/train/labels/0723.png,1,169,234,207,265
fus_00000447,train,data/FUSeg/train/images/0724.png,data/FUSeg/train/labels/0724.png,1,143,210,182,258
fus_00000448,train,data/FUSeg/train/images/0726.png,data/FUSeg/train/labels/0726.png,1,140,180,198,290
fus_00000449,train,data/FUSeg/train/images/0727.png,data/FUSeg/train/labels/0727.png,1,70,171,255,262
fus_00000450,train,data/FUSeg/train/images/0731.png,data/FUSeg/train/labels/0731.png,1,263,16,400,301
fus_00000451,train,data/FUSeg/train/images/0732.png,data/FUSeg/train/labels/0732.png,1,167,223,242,266
fus_00000452,train,data/FUSeg/train/images/0733.png,data/FUSeg/train/labels/0733.png,1,204,288,256,361
fus_00000453,train,data/FUSeg/train/images/0734.png,data/FUSeg/train/labels/0734.png,1,205,82,315,328
fus_00000454,train,data/FUSeg/train/images/0735.png,data/FUSeg/train/labels/0735.png,1,180,134,195,152
fus_00000455,train,data/FUSeg/train/images/0736.png,data/FUSeg/train/labels/0736.png,0,0,0,0,0
fus_00000456,train,data/FUSeg/train/images/0737.png,data/FUSeg/train/labels/0737.png,1,153,243,212,326
fus_00000457,train,data/FUSeg/train/images/0739.png,data/FUSeg/train/labels/0739.png,1,159,214,282,258
fus_00000458,train,data/FUSeg/train/images/0741.png,data/FUSeg/train/labels/0741.png,1,174,253,218,284
fus_00000459,train,data/FUSeg/train/images/0742.png,data/FUSeg/train/labels/0742.png,1,131,245,162,267
fus_00000460,train,data/FUSeg/train/images/0743.png,data/FUSeg/train/labels/0743.png,1,184,161,274,224
fus_00000461,train,data/FUSeg/train/images/0744.png,data/FUSeg/train/labels/0744.png,1,157,209,221,238
fus_00000462,train,data/FUSeg/train/images/0746.png,data/FUSeg/train/labels/0746.png,1,161,114,234,260
fus_00000463,train,data/FUSeg/train/images/0749.png,data/FUSeg/train/labels/0749.png,1,72,219,344,339
fus_00000464,train,data/FUSeg/train/images/0750.png,data/FUSeg/train/labels/0750.png,1,76,202,123,275
fus_00000465,train,data/FUSeg/train/images/0751.png,data/FUSeg/train/labels/0751.png,1,128,165,228,400
fus_00000466,train,data/FUSeg/train/images/0752.png,data/FUSeg/train/labels/0752.png,1,208,282,274,374
fus_00000467,train,data/FUSeg/train/images/0755.png,data/FUSeg/train/labels/0755.png,1,164,231,210,262
fus_00000468,train,data/FUSeg/train/images/0756.png,data/FUSeg/train/labels/0756.png,1,208,229,219,242
fus_00000469,train,data/FUSeg/train/images/0758.png,data/FUSeg/train/labels/0758.png,1,293,220,333,265
fus_00000470,train,data/FUSeg/train/images/0759.png,data/FUSeg/train/labels/0759.png,1,73,165,222,277
fus_00000471,train,data/FUSeg/train/images/0760.png,data/FUSeg/train/labels/0760.png,1,181,143,231,218
fus_00000472,train,data/FUSeg/train/images/0762.png,data/FUSeg/train/labels/0762.png,1,107,178,301,282
fus_00000473,train,data/FUSeg/train/images/0764.png,data/FUSeg/train/labels/0764.png,1,147,221,223,279
fus_00000474,train,data/FUSeg/train/images/0766.png,data/FUSeg/train/labels/0766.png,1,171,240,213,301
fus_00000475,train,data/FUSeg/train/images/0767.png,data/FUSeg/train/labels/0767.png,1,162,186,226,326
fus_00000476,train,data/FUSeg/train/images/0769.png,data/FUSeg/train/labels/0769.png,1,162,298,189,349
fus_00000477,train,data/FUSeg/train/images/0771.png,data/FUSeg/train/labels/0771.png,1,72,201,240,298
fus_00000478,train,data/FUSeg/train/images/0772.png,data/FUSeg/train/labels/0772.png,1,193,204,298,331
fus_00000479,train,data/FUSeg/train/images/0773.png,data/FUSeg/train/labels/0773.png,1,149,167,238,305
fus_00000480,train,data/FUSeg/train/images/0774.png,data/FUSeg/train/labels/0774.png,1,120,124,318,332
fus_00000481,train,data/FUSeg/train/images/0776.png,data/FUSeg/train/labels/0776.png,1,162,219,229,270
fus_00000482,train,data/FUSeg/train/images/0777.png,data/FUSeg/train/labels/0777.png,1,86,136,180,264
fus_00000483,train,data/FUSeg/train/images/0778.png,data/FUSeg/train/labels/0778.png,0,0,0,0,0
fus_00000484,train,data/FUSeg/train/images/0779.png,data/FUSeg/train/labels/0779.png,1,140,216,187,295
fus_00000485,train,data/FUSeg/train/images/0780.png,data/FUSeg/train/labels/0780.png,1,215,313,255,370
fus_00000486,train,data/FUSeg/train/images/0782.png,data/FUSeg/train/labels/0782.png,1,196,289,217,337
fus_00000487,train,data/FUSeg/train/images/0783.png,data/FUSeg/train/labels/0783.png,1,181,238,205,256
fus_00000488,train,data/FUSeg/train/images/0784.png,data/FUSeg/train/labels/0784.png,1,186,199,220,238
fus_00000489,train,data/FUSeg/train/images/0785.png,data/FUSeg/train/labels/0785.png,1,168,295,260,375
fus_00000490,train,data/FUSeg/train/images/0787.png,data/FUSeg/train/labels/0787.png,1,87,171,117,234
fus_00000491,train,data/FUSeg/train/images/0788.png,data/FUSeg/train/labels/0788.png,1,167,240,192,262
fus_00000492,train,data/FUSeg/train/images/0789.png,data/FUSeg/train/labels/0789.png,1,295,177,315,197
fus_00000493,train,data/FUSeg/train/images/0790.png,data/FUSeg/train/labels/0790.png,1,119,323,159,355
fus_00000494,train,data/FUSeg/train/images/0791.png,data/FUSeg/train/labels/0791.png,1,155,174,235,281
fus_00000495,train,data/FUSeg/train/images/0792.png,data/FUSeg/train/labels/0792.png,1,123,162,256,347
fus_00000496,train,data/FUSeg/train/images/0794.png,data/FUSeg/train/labels/0794.png,1,197,215,241,268
fus_00000497,train,data/FUSeg/train/images/0799.png,data/FUSeg/train/labels/0799.png,1,217,265,235,283
fus_00000498,train,data/FUSeg/train/images/0800.png,data/FUSeg/train/labels/0800.png,1,134,250,148,264
fus_00000499,train,data/FUSeg/train/images/0801.png,data/FUSeg/train/labels/0801.png,1,155,241,208,327
fus_00000500,train,data/FUSeg/train/images/0803.png,data/FUSeg/train/labels/0803.png,1,106,279,183,336
fus_00000501,train,data/FUSeg/train/images/0804.png,data/FUSeg/train/labels/0804.png,1,165,184,220,271
fus_00000502,train,data/FUSeg/train/images/0805.png,data/FUSeg/train/labels/0805.png,1,154,250,201,278
fus_00000503,train,data/FUSeg/train/images/0810.png,data/FUSeg/train/labels/0810.png,1,196,263,213,278
fus_00000504,train,data/FUSeg/train/images/0811.png,data/FUSeg/train/labels/0811.png,1,160,292,201,351
fus_00000505,train,data/FUSeg/train/images/0815.png,data/FUSeg/train/labels/0815.png,1,190,280,206,294
fus_00000506,train,data/FUSeg/train/images/0817.png,data/FUSeg/train/labels/0817.png,1,186,243,272,296
fus_00000507,train,data/FUSeg/train/images/0819.png,data/FUSeg/train/labels/0819.png,1,42,196,279,321
fus_00000508,train,data/FUSeg/train/images/0821.png,data/FUSeg/train/labels/0821.png,1,88,95,160,211
fus_00000509,train,data/FUSeg/train/images/0822.png,data/FUSeg/train/labels/0822.png,1,238,281,288,321
fus_00000510,train,data/FUSeg/train/images/0823.png,data/FUSeg/train/labels/0823.png,1,161,256,232,320
fus_00000511,train,data/FUSeg/train/images/0826.png,data/FUSeg/train/labels/0826.png,1,129,151,278,359
fus_00000512,train,data/FUSeg/train/images/0828.png,data/FUSeg/train/labels/0828.png,1,132,221,178,273
fus_00000513,train,data/FUSeg/train/images/0829.png,data/FUSeg/train/labels/0829.png,1,101,124,121,247
fus_00000514,train,data/FUSeg/train/images/0836.png,data/FUSeg/train/labels/0836.png,1,179,235,216,274
fus_00000515,train,data/FUSeg/train/images/0838.png,data/FUSeg/train/labels/0838.png,1,101,240,202,433
fus_00000516,train,data/FUSeg/train/images/0839.png,data/FUSeg/train/labels/0839.png,1,153,228,166,242
fus_00000517,train,data/FUSeg/train/images/0840.png,data/FUSeg/train/labels/0840.png,1,126,292,188,351
fus_00000518,train,data/FUSeg/train/images/0841.png,data/FUSeg/train/labels/0841.png,1,107,143,305,346
fus_00000519,train,data/FUSeg/train/images/0843.png,data/FUSeg/train/labels/0843.png,1,154,281,199,364
fus_00000520,train,data/FUSeg/train/images/0845.png,data/FUSeg/train/labels/0845.png,1,82,96,296,325
fus_00000521,train,data/FUSeg/train/images/0846.png,data/FUSeg/train/labels/0846.png,1,211,209,247,244
fus_00000522,train,data/FUSeg/train/images/0848.png,data/FUSeg/train/labels/0848.png,1,150,252,172,278
fus_00000523,train,data/FUSeg/train/images/0850.png,data/FUSeg/train/labels/0850.png,1,161,185,242,234
fus_00000524,train,data/FUSeg/train/images/0852.png,data/FUSeg/train/labels/0852.png,1,165,141,211,245
fus_00000525,train,data/FUSeg/train/images/0853.png,data/FUSeg/train/labels/0853.png,1,190,225,222,262
fus_00000526,train,data/FUSeg/train/images/0854.png,data/FUSeg/train/labels/0854.png,1,137,198,249,250
fus_00000527,train,data/FUSeg/train/images/0856.png,data/FUSeg/train/labels/0856.png,1,128,166,250,349
fus_00000528,train,data/FUSeg/train/images/0857.png,data/FUSeg/train/labels/0857.png,1,76,176,152,276
fus_00000529,train,data/FUSeg/train/images/0858.png,data/FUSeg/train/labels/0858.png,1,207,292,220,315
fus_00000530,train,data/FUSeg/train/images/0859.png,data/FUSeg/train/labels/0859.png,1,140,90,269,192
fus_00000531,train,data/FUSeg/train/images/0860.png,data/FUSeg/train/labels/0860.png,1,159,226,238,290
fus_00000532,train,data/FUSeg/train/images/0862.png,data/FUSeg/train/labels/0862.png,1,87,288,186,388
fus_00000533,train,data/FUSeg/train/images/0863.png,data/FUSeg/train/labels/0863.png,1,210,235,235,260
fus_00000534,train,data/FUSeg/train/images/0864.png,data/FUSeg/train/labels/0864.png,1,194,210,204,220
fus_00000535,train,data/FUSeg/train/images/0868.png,data/FUSeg/train/labels/0868.png,1,179,222,262,276
fus_00000536,train,data/FUSeg/train/images/0870.png,data/FUSeg/train/labels/0870.png,1,177,221,225,229
fus_00000537,train,data/FUSeg/train/images/0872.png,data/FUSeg/train/labels/0872.png,1,179,244,220,281
fus_00000538,train,data/FUSeg/train/images/0875.png,data/FUSeg/train/labels/0875.png,1,175,210,242,249
fus_00000539,train,data/FUSeg/train/images/0876.png,data/FUSeg/train/labels/0876.png,1,128,375,200,417
fus_00000540,train,data/FUSeg/train/images/0878.png,data/FUSeg/train/labels/0878.png,1,84,240,193,310
fus_00000541,train,data/FUSeg/train/images/0879.png,data/FUSeg/train/labels/0879.png,1,137,167,170,192
fus_00000542,train,data/FUSeg/train/images/0883.png,data/FUSeg/train/labels/0883.png,1,157,234,208,270
fus_00000543,train,data/FUSeg/train/images/0884.png,data/FUSeg/train/labels/0884.png,1,128,144,273,346
fus_00000544,train,data/FUSeg/train/images/0885.png,data/FUSeg/train/labels/0885.png,1,107,177,302,290
fus_00000545,train,data/FUSeg/train/images/0886.png,data/FUSeg/train/labels/0886.png,1,190,244,246,274
fus_00000546,train,data/FUSeg/train/images/0888.png,data/FUSeg/train/labels/0888.png,1,174,213,223,250
fus_00000547,train,data/FUSeg/train/images/0889.png,data/FUSeg/train/labels/0889.png,1,138,197,217,268
fus_00000548,train,data/FUSeg/train/images/0891.png,data/FUSeg/train/labels/0891.png,1,204,174,282,220
fus_00000549,train,data/FUSeg/train/images/0892.png,data/FUSeg/train/labels/0892.png,1,114,210,183,277
fus_00000550,train,data/FUSeg/train/images/0893.png,data/FUSeg/train/labels/0893.png,1,189,239,228,268
fus_00000551,train,data/FUSeg/train/images/0896.png,data/FUSeg/train/labels/0896.png,1,105,233,181,329
fus_00000552,train,data/FUSeg/train/images/0898.png,data/FUSeg/train/labels/0898.png,1,39,191,276,303
fus_00000553,train,data/FUSeg/train/images/0899.png,data/FUSeg/train/labels/0899.png,0,0,0,0,0
fus_00000554,train,data/FUSeg/train/images/0903.png,data/FUSeg/train/labels/0903.png,1,176,221,259,270
fus_00000555,train,data/FUSeg/train/images/0907.png,data/FUSeg/train/labels/0907.png,1,110,155,133,248
fus_00000556,train,data/FUSeg/train/images/0908.png,data/FUSeg/train/labels/0908.png,1,189,237,214,262
fus_00000557,train,data/FUSeg/train/images/0909.png,data/FUSeg/train/labels/0909.png,1,167,229,261,280
fus_00000558,train,data/FUSeg/train/images/0910.png,data/FUSeg/train/labels/0910.png,1,104,211,127,245
fus_00000559,train,data/FUSeg/train/images/0911.png,data/FUSeg/train/labels/0911.png,1,189,250,230,343
fus_00000560,train,data/FUSeg/train/images/0915.png,data/FUSeg/train/labels/0915.png,1,99,267,176,312
fus_00000561,train,data/FUSeg/train/images/0916.png,data/FUSeg/train/labels/0916.png,1,158,227,212,309
fus_00000562,train,data/FUSeg/train/images/0917.png,data/FUSeg/train/labels/0917.png,1,92,110,327,305
fus_00000563,train,data/FUSeg/train/images/0918.png,data/FUSeg/train/labels/0918.png,1,123,245,151,275
fus_00000564,train,data/FUSeg/train/images/0919.png,data/FUSeg/train/labels/0919.png,1,113,149,201,253
fus_00000565,train,data/FUSeg/train/images/0920.png,data/FUSeg/train/labels/0920.png,1,128,238,183,349
fus_00000566,train,data/FUSeg/train/images/0921.png,data/FUSeg/train/labels/0921.png,1,140,140,202,232
fus_00000567,train,data/FUSeg/train/images/0923.png,data/FUSeg/train/labels/0923.png,1,62,173,290,305
fus_00000568,train,data/FUSeg/train/images/0924.png,data/FUSeg/train/labels/0924.png,1,260,122,322,272
fus_00000569,train,data/FUSeg/train/images/0925.png,data/FUSeg/train/labels/0925.png,1,113,89,165,216
fus_00000570,train,data/FUSeg/train/images/0926.png,data/FUSeg/train/labels/0926.png,1,150,233,267,315
fus_00000571,train,data/FUSeg/train/images/0927.png,data/FUSeg/train/labels/0927.png,1,158,315,189,353
fus_00000572,train,data/FUSeg/train/images/0930.png,data/FUSeg/train/labels/0930.png,1,123,154,248,280
fus_00000573,train,data/FUSeg/train/images/0932.png,data/FUSeg/train/labels/0932.png,1,177,227,211,255
fus_00000574,train,data/FUSeg/train/images/0934.png,data/FUSeg/train/labels/0934.png,1,149,220,229,339
fus_00000575,train,data/FUSeg/train/images/0935.png,data/FUSeg/train/labels/0935.png,1,195,119,362,314
fus_00000576,train,data/FUSeg/train/images/0938.png,data/FUSeg/train/labels/0938.png,1,123,241,218,362
fus_00000577,train,data/FUSeg/train/images/0939.png,data/FUSeg/train/labels/0939.png,1,134,222,242,361
fus_00000578,train,data/FUSeg/train/images/0941.png,data/FUSeg/train/labels/0941.png,1,163,220,292,324
fus_00000579,train,data/FUSeg/train/images/0944.png,data/FUSeg/train/labels/0944.png,1,136,175,148,200
fus_00000580,train,data/FUSeg/train/images/0945.png,data/FUSeg/train/labels/0945.png,1,174,226,201,244
fus_00000581,train,data/FUSeg/train/images/0950.png,data/FUSeg/train/labels/0950.png,0,0,0,0,0
fus_00000582,train,data/FUSeg/train/images/0952.png,data/FUSeg/train/labels/0952.png,1,141,304,181,350
fus_00000583,train,data/FUSeg/train/images/0953.png,data/FUSeg/train/labels/0953.png,1,201,125,294,237
fus_00000584,train,data/FUSeg/train/images/0956.png,data/FUSeg/train/labels/0956.png,1,167,225,382,471
fus_00000585,train,data/FUSeg/train/images/0957.png,data/FUSeg/train/labels/0957.png,1,158,304,190,353
fus_00000586,train,data/FUSeg/train/images/0959.png,data/FUSeg/train/labels/0959.png,1,152,106,286,270
fus_00000587,train,data/FUSeg/train/images/0965.png,data/FUSeg/train/labels/0965.png,1,65,161,262,283
fus_00000588,train,data/FUSeg/train/images/0967.png,data/FUSeg/train/labels/0967.png,1,200,207,230,241
fus_00000589,train,data/FUSeg/train/images/0969.png,data/FUSeg/train/labels/0969.png,1,122,251,196,340
fus_00000590,train,data/FUSeg/train/images/0970.png,data/FUSeg/train/labels/0970.png,1,94,259,219,299
fus_00000591,train,data/FUSeg/train/images/0972.png,data/FUSeg/train/labels/0972.png,1,106,58,314,302
fus_00000592,train,data/FUSeg/train/images/0975.png,data/FUSeg/train/labels/0975.png,1,173,316,212,357
fus_00000593,train,data/FUSeg/train/images/0977.png,data/FUSeg/train/labels/0977.png,1,212,0,363,184
fus_00000594,train,data/FUSeg/train/images/0981.png,data/FUSeg/train/labels/0981.png,1,153,120,187,152
fus_00000595,train,data/FUSeg/train/images/0984.png,data/FUSeg/train/labels/0984.png,1,143,220,176,259
fus_00000596,train,data/FUSeg/train/images/0986.png,data/FUSeg/train/labels/0986.png,1,220,250,266,280
fus_00000597,train,data/FUSeg/train/images/0987.png,data/FUSeg/train/labels/0987.png,1,261,0,395,323
fus_00000598,train,data/FUSeg/train/images/0989.png,data/FUSeg/train/labels/0989.png,1,30,145,255,274
fus_00000599,train,data/FUSeg/train/images/0990.png,data/FUSeg/train/labels/0990.png,1,138,331,154,347
fus_00000600,train,data/FUSeg/train/images/0991.png,data/FUSeg/train/labels/0991.png,1,140,131,198,204
fus_00000601,train,data/FUSeg/train/images/0994.png,data/FUSeg/train/labels/0994.png,1,62,227,226,302
fus_00000602,train,data/FUSeg/train/images/0995.png,data/FUSeg/train/labels/0995.png,1,129,47,370,294
fus_00000603,train,data/FUSeg/train/images/0997.png,data/FUSeg/train/labels/0997.png,1,164,241,247,282
fus_00000604,train,data/FUSeg/train/images/0998.png,data/FUSeg/train/labels/0998.png,1,176,217,229,339
fus_00000605,train,data/FUSeg/train/images/1002.png,data/FUSeg/train/labels/1002.png,1,154,187,243,248
fus_00000606,train,data/FUSeg/train/images/1005.png,data/FUSeg/train/labels/1005.png,1,149,231,177,279
fus_00000607,train,data/FUSeg/train/images/1006.png,data/FUSeg/train/labels/1006.png,1,152,105,236,424
fus_00000608,train,data/FUSeg/train/images/1007.png,data/FUSeg/train/labels/1007.png,1,95,165,320,264
fus_00000609,train,data/FUSeg/train/images/1010.png,data/FUSeg/train/labels/1010.png,1,178,289,220,374
fus_00000610,val,data/FUSeg/val/images/0001.png,data/FUSeg/val/labels/0001.png,1,195,231,224,262
fus_00000611,val,data/FUSeg/val/images/0002.png,data/FUSeg/val/labels/0002.png,1,109,273,219,327
fus_00000612,val,data/FUSeg/val/images/0003.png,data/FUSeg/val/labels/0003.png,1,154,283,231,377
fus_00000613,val,data/FUSeg/val/images/0004.png,data/FUSeg/val/labels/0004.png,1,187,239,223,268
fus_00000614,val,data/FUSeg/val/images/0005.png,data/FUSeg/val/labels/0005.png,1,146,160,202,201
fus_00000615,val,data/FUSeg/val/images/0006.png,data/FUSeg/val/labels/0006.png,1,148,159,195,212
fus_00000616,val,data/FUSeg/val/images/0007.png,data/FUSeg/val/labels/0007.png,1,221,154,381,205
fus_00000617,val,data/FUSeg/val/images/0008.png,data/FUSeg/val/labels/0008.png,1,135,244,174,340
fus_00000618,val,data/FUSeg/val/images/0009.png,data/FUSeg/val/labels/0009.png,1,117,168,224,303
fus_00000619,val,data/FUSeg/val/images/0010.png,data/FUSeg/val/labels/0010.png,1,159,166,258,340
fus_00000620,val,data/FUSeg/val/images/0011.png,data/FUSeg/val/labels/0011.png,1,285,156,386,298
fus_00000621,val,data/FUSeg/val/images/0014.png,data/FUSeg/val/labels/0014.png,1,122,186,286,264
fus_00000622,val,data/FUSeg/val/images/0017.png,data/FUSeg/val/labels/0017.png,1,160,317,194,367
fus_00000623,val,data/FUSeg/val/images/0022.png,data/FUSeg/val/labels/0022.png,1,142,321,168,343
fus_00000624,val,data/FUSeg/val/images/0025.png,data/FUSeg/val/labels/0025.png,1,179,214,217,249
fus_00000625,val,data/FUSeg/val/images/0030.png,data/FUSeg/val/labels/0030.png,1,159,238,262,307
fus_00000626,val,data/FUSeg/val/images/0032.png,data/FUSeg/val/labels/0032.png,1,187,199,228,271
fus_00000627,val,data/FUSeg/val/images/0033.png,data/FUSeg/val/labels/0033.png,1,142,240,202,316
fus_00000628,val,data/FUSeg/val/images/0039.png,data/FUSeg/val/labels/0039.png,1,152,182,193,224
fus_00000629,val,data/FUSeg/val/images/0041.png,data/FUSeg/val/labels/0041.png,1,137,241,166,268
fus_00000630,val,data/FUSeg/val/images/0044.png,data/FUSeg/val/labels/0044.png,1,151,292,175,386
fus_00000631,val,data/FUSeg/val/images/0046.png,data/FUSeg/val/labels/0046.png,1,144,217,247,350
fus_00000632,val,data/FUSeg/val/images/0047.png,data/FUSeg/val/labels/0047.png,1,198,198,238,242
fus_00000633,val,data/FUSeg/val/images/0048.png,data/FUSeg/val/labels/0048.png,1,143,186,186,254
fus_00000634,val,data/FUSeg/val/images/0057.png,data/FUSeg/val/labels/0057.png,1,225,245,256,273
fus_00000635,val,data/FUSeg/val/images/0058.png,data/FUSeg/val/labels/0058.png,1,136,244,183,353
fus_00000636,val,data/FUSeg/val/images/0062.png,data/FUSeg/val/labels/0062.png,1,118,166,149,213
fus_00000637,val,data/FUSeg/val/images/0063.png,data/FUSeg/val/labels/0063.png,1,175,209,212,242
fus_00000638,val,data/FUSeg/val/images/0065.png,data/FUSeg/val/labels/0065.png,1,191,205,210,230
fus_00000639,val,data/FUSeg/val/images/0067.png,data/FUSeg/val/labels/0067.png,1,143,171,169,195
fus_00000640,val,data/FUSeg/val/images/0068.png,data/FUSeg/val/labels/0068.png,1,138,222,165,259
fus_00000641,val,data/FUSeg/val/images/0077.png,data/FUSeg/val/labels/0077.png,1,165,250,234,286
fus_00000642,val,data/FUSeg/val/images/0078.png,data/FUSeg/val/labels/0078.png,1,160,186,214,278
fus_00000643,val,data/FUSeg/val/images/0079.png,data/FUSeg/val/labels/0079.png,1,184,233,189,248
fus_00000644,val,data/FUSeg/val/images/0081.png,data/FUSeg/val/labels/0081.png,1,137,214,181,261
fus_00000645,val,data/FUSeg/val/images/0082.png,data/FUSeg/val/labels/0082.png,1,155,240,206,282
fus_00000646,val,data/FUSeg/val/images/0085.png,data/FUSeg/val/labels/0085.png,1,161,186,211,208
fus_00000647,val,data/FUSeg/val/images/0089.png,data/FUSeg/val/labels/0089.png,1,110,183,236,279
fus_00000648,val,data/FUSeg/val/images/0090.png,data/FUSeg/val/labels/0090.png,1,124,215,250,327
fus_00000649,val,data/FUSeg/val/images/0092.png,data/FUSeg/val/labels/0092.png,0,0,0,0,0
fus_00000650,val,data/FUSeg/val/images/0095.png,data/FUSeg/val/labels/0095.png,1,116,153,182,249
fus_00000651,val,data/FUSeg/val/images/0096.png,data/FUSeg/val/labels/0096.png,1,205,226,238,264
fus_00000652,val,data/FUSeg/val/images/0097.png,data/FUSeg/val/labels/0097.png,1,169,228,189,246
fus_00000653,val,data/FUSeg/val/images/0099.png,data/FUSeg/val/labels/0099.png,1,89,206,244,280
fus_00000654,val,data/FUSeg/val/images/0106.png,data/FUSeg/val/labels/0106.png,1,245,240,297,290
fus_00000655,val,data/FUSeg/val/images/0107.png,data/FUSeg/val/labels/0107.png,1,187,232,228,267
fus_00000656,val,data/FUSeg/val/images/0108.png,data/FUSeg/val/labels/0108.png,1,207,265,268,355
fus_00000657,val,data/FUSeg/val/images/0109.png,data/FUSeg/val/labels/0109.png,1,126,170,164,210
fus_00000658,val,data/FUSeg/val/images/0115.png,data/FUSeg/val/labels/0115.png,1,173,179,243,241
fus_00000659,val,data/FUSeg/val/images/0117.png,data/FUSeg/val/labels/0117.png,1,143,271,228,374
fus_00000660,val,data/FUSeg/val/images/0121.png,data/FUSeg/val/labels/0121.png,1,148,234,174,265
fus_00000661,val,data/FUSeg/val/images/0122.png,data/FUSeg/val/labels/0122.png,1,160,227,222,261
fus_00000662,val,data/FUSeg/val/images/0123.png,data/FUSeg/val/labels/0123.png,1,189,206,267,280
fus_00000663,val,data/FUSeg/val/images/0124.png,data/FUSeg/val/labels/0124.png,1,162,223,235,267
fus_00000664,val,data/FUSeg/val/images/0125.png,data/FUSeg/val/labels/0125.png,1,112,165,286,321
fus_00000665,val,data/FUSeg/val/images/0126.png,data/FUSeg/val/labels/0126.png,1,204,269,238,304
fus_00000666,val,data/FUSeg/val/images/0128.png,data/FUSeg/val/labels/0128.png,0,0,0,0,0
fus_00000667,val,data/FUSeg/val/images/0131.png,data/FUSeg/val/labels/0131.png,0,0,0,0,0
fus_00000668,val,data/FUSeg/val/images/0133.png,data/FUSeg/val/labels/0133.png,1,108,318,195,365
fus_00000669,val,data/FUSeg/val/images/0134.png,data/FUSeg/val/labels/0134.png,1,174,263,217,321
fus_00000670,val,data/FUSeg/val/images/0136.png,data/FUSeg/val/labels/0136.png,1,135,166,347,302
fus_00000671,val,data/FUSeg/val/images/0138.png,data/FUSeg/val/labels/0138.png,1,165,116,307,280
fus_00000672,val,data/FUSeg/val/images/0139.png,data/FUSeg/val/labels/0139.png,1,190,200,211,220
fus_00000673,val,data/FUSeg/val/images/0143.png,data/FUSeg/val/labels/0143.png,1,178,247,198,271
fus_00000674,val,data/FUSeg/val/images/0144.png,data/FUSeg/val/labels/0144.png,1,292,106,427,310
fus_00000675,val,data/FUSeg/val/images/0146.png,data/FUSeg/val/labels/0146.png,1,176,238,189,252
fus_00000676,val,data/FUSeg/val/images/0149.png,data/FUSeg/val/labels/0149.png,1,130,268,171,315
fus_00000677,val,data/FUSeg/val/images/0151.png,data/FUSeg/val/labels/0151.png,1,60,214,332,334
fus_00000678,val,data/FUSeg/val/images/0154.png,data/FUSeg/val/labels/0154.png,1,132,215,168,241
fus_00000679,val,data/FUSeg/val/images/0164.png,data/FUSeg/val/labels/0164.png,1,112,177,248,318
fus_00000680,val,data/FUSeg/val/images/0165.png,data/FUSeg/val/labels/0165.png,1,211,196,255,230
fus_00000681,val,data/FUSeg/val/images/0166.png,data/FUSeg/val/labels/0166.png,1,123,215,243,304
fus_00000682,val,data/FUSeg/val/images/0169.png,data/FUSeg/val/labels/0169.png,1,176,282,194,302
fus_00000683,val,data/FUSeg/val/images/0177.png,data/FUSeg/val/labels/0177.png,1,152,241,177,267
fus_00000684,val,data/FUSeg/val/images/0180.png,data/FUSeg/val/labels/0180.png,1,131,167,272,319
fus_00000685,val,data/FUSeg/val/images/0181.png,data/FUSeg/val/labels/0181.png,1,111,234,150,268
fus_00000686,val,data/FUSeg/val/images/0182.png,data/FUSeg/val/labels/0182.png,1,29,183,285,320
fus_00000687,val,data/FUSeg/val/images/0186.png,data/FUSeg/val/labels/0186.png,1,180,268,268,353
fus_00000688,val,data/FUSeg/val/images/0190.png,data/FUSeg/val/labels/0190.png,1,230,196,268,278
fus_00000689,val,data/FUSeg/val/images/0192.png,data/FUSeg/val/labels/0192.png,1,171,240,231,469
fus_00000690,val,data/FUSeg/val/images/0198.png,data/FUSeg/val/labels/0198.png,1,181,160,276,264
fus_00000691,val,data/FUSeg/val/images/0201.png,data/FUSeg/val/labels/0201.png,1,105,276,185,335
fus_00000692,val,data/FUSeg/val/images/0202.png,data/FUSeg/val/labels/0202.png,1,168,222,195,243
fus_00000693,val,data/FUSeg/val/images/0203.png,data/FUSeg/val/labels/0203.png,1,120,8,243,286
fus_00000694,val,data/FUSeg/val/images/0205.png,data/FUSeg/val/labels/0205.png,1,146,239,197,304
fus_00000695,val,data/FUSeg/val/images/0207.png,data/FUSeg/val/labels/0207.png,1,189,158,250,240
fus_00000696,val,data/FUSeg/val/images/0208.png,data/FUSeg/val/labels/0208.png,1,168,210,247,261
fus_00000697,val,data/FUSeg/val/images/0210.png,data/FUSeg/val/labels/0210.png,1,168,220,201,248
fus_00000698,val,data/FUSeg/val/images/0211.png,data/FUSeg/val/labels/0211.png,1,115,251,197,358
fus_00000699,val,data/FUSeg/val/images/0212.png,data/FUSeg/val/labels/0212.png,1,122,150,141,223
fus_00000700,val,data/FUSeg/val/images/0213.png,data/FUSeg/val/labels/0213.png,1,199,255,252,315
fus_00000701,val,data/FUSeg/val/images/0214.png,data/FUSeg/val/labels/0214.png,1,143,267,172,290
fus_00000702,val,data/FUSeg/val/images/0217.png,data/FUSeg/val/labels/0217.png,1,162,215,213,270
fus_00000703,val,data/FUSeg/val/images/0223.png,data/FUSeg/val/labels/0223.png,0,0,0,0,0
fus_00000704,val,data/FUSeg/val/images/0230.png,data/FUSeg/val/labels/0230.png,1,182,229,218,261
fus_00000705,val,data/FUSeg/val/images/0233.png,data/FUSeg/val/labels/0233.png,1,218,241,241,260
fus_00000706,val,data/FUSeg/val/images/0235.png,data/FUSeg/val/labels/0235.png,1,167,239,211,272
fus_00000707,val,data/FUSeg/val/images/0245.png,data/FUSeg/val/labels/0245.png,1,93,180,102,201
fus_00000708,val,data/FUSeg/val/images/0247.png,data/FUSeg/val/labels/0247.png,1,155,270,222,359
fus_00000709,val,data/FUSeg/val/images/0251.png,data/FUSeg/val/labels/0251.png,1,161,231,177,247
fus_00000710,val,data/FUSeg/val/images/0255.png,data/FUSeg/val/labels/0255.png,1,171,241,216,283
fus_00000711,val,data/FUSeg/val/images/0256.png,data/FUSeg/val/labels/0256.png,1,165,241,248,284
fus_00000712,val,data/FUSeg/val/images/0259.png,data/FUSeg/val/labels/0259.png,1,96,54,272,392
fus_00000713,val,data/FUSeg/val/images/0262.png,data/FUSeg/val/labels/0262.png,1,178,233,213,274
fus_00000714,val,data/FUSeg/val/images/0269.png,data/FUSeg/val/labels/0269.png,1,129,241,156,276
fus_00000715,val,data/FUSeg/val/images/0271.png,data/FUSeg/val/labels/0271.png,1,229,73,440,314
fus_00000716,val,data/FUSeg/val/images/0272.png,data/FUSeg/val/labels/0272.png,1,145,215,162,232
fus_00000717,val,data/FUSeg/val/images/0275.png,data/FUSeg/val/labels/0275.png,1,161,217,255,287
fus_00000718,val,data/FUSeg/val/images/0276.png,data/FUSeg/val/labels/0276.png,1,129,211,172,266
fus_00000719,val,data/FUSeg/val/images/0278.png,data/FUSeg/val/labels/0278.png,1,155,196,181,220
fus_00000720,val,data/FUSeg/val/images/0280.png,data/FUSeg/val/labels/0280.png,1,174,210,194,248
fus_00000721,val,data/FUSeg/val/images/0281.png,data/FUSeg/val/labels/0281.png,0,0,0,0,0
fus_00000722,val,data/FUSeg/val/images/0282.png,data/FUSeg/val/labels/0282.png,1,179,297,222,371
fus_00000723,val,data/FUSeg/val/images/0284.png,data/FUSeg/val/labels/0284.png,1,147,234,175,267
fus_00000724,val,data/FUSeg/val/images/0286.png,data/FUSeg/val/labels/0286.png,1,136,117,165,222
fus_00000725,val,data/FUSeg/val/images/0289.png,data/FUSeg/val/labels/0289.png,1,137,240,167,283
fus_00000726,val,data/FUSeg/val/images/0291.png,data/FUSeg/val/labels/0291.png,1,111,279,186,321
fus_00000727,val,data/FUSeg/val/images/0293.png,data/FUSeg/val/labels/0293.png,1,177,244,207,268
fus_00000728,val,data/FUSeg/val/images/0294.png,data/FUSeg/val/labels/0294.png,1,147,181,172,201
fus_00000729,val,data/FUSeg/val/images/0298.png,data/FUSeg/val/labels/0298.png,1,140,358,208,405
fus_00000730,val,data/FUSeg/val/images/0300.png,data/FUSeg/val/labels/0300.png,1,45,183,246,277
fus_00000731,val,data/FUSeg/val/images/0301.png,data/FUSeg/val/labels/0301.png,1,97,173,228,328
fus_00000732,val,data/FUSeg/val/images/0303.png,data/FUSeg/val/labels/0303.png,1,100,150,170,258
fus_00000733,val,data/FUSeg/val/images/0308.png,data/FUSeg/val/labels/0308.png,1,155,187,183,218
fus_00000734,val,data/FUSeg/val/images/0309.png,data/FUSeg/val/labels/0309.png,1,158,251,210,318
fus_00000735,val,data/FUSeg/val/images/0313.png,data/FUSeg/val/labels/0313.png,1,141,174,254,344
fus_00000736,val,data/FUSeg/val/images/0315.png,data/FUSeg/val/labels/0315.png,1,173,181,195,204
fus_00000737,val,data/FUSeg/val/images/0320.png,data/FUSeg/val/labels/0320.png,1,137,178,238,240
fus_00000738,val,data/FUSeg/val/images/0322.png,data/FUSeg/val/labels/0322.png,1,215,265,244,292
fus_00000739,val,data/FUSeg/val/images/0326.png,data/FUSeg/val/labels/0326.png,1,45,34,172,288
fus_00000740,val,data/FUSeg/val/images/0334.png,data/FUSeg/val/labels/0334.png,1,314,106,400,338
fus_00000741,val,data/FUSeg/val/images/0335.png,data/FUSeg/val/labels/0335.png,0,0,0,0,0
fus_00000742,val,data/FUSeg/val/images/0336.png,data/FUSeg/val/labels/0336.png,1,173,247,237,439
fus_00000743,val,data/FUSeg/val/images/0337.png,data/FUSeg/val/labels/0337.png,1,170,191,208,274
fus_00000744,val,data/FUSeg/val/images/0338.png,data/FUSeg/val/labels/0338.png,1,178,219,198,255
fus_00000745,val,data/FUSeg/val/images/0339.png,data/FUSeg/val/labels/0339.png,1,100,149,169,258
fus_00000746,val,data/FUSeg/val/images/0341.png,data/FUSeg/val/labels/0341.png,1,171,147,193,165
fus_00000747,val,data/FUSeg/val/images/0342.png,data/FUSeg/val/labels/0342.png,1,332,170,354,197
fus_00000748,val,data/FUSeg/val/images/0343.png,data/FUSeg/val/labels/0343.png,1,192,313,216,333
fus_00000749,val,data/FUSeg/val/images/0345.png,data/FUSeg/val/labels/0345.png,1,204,172,230,196
fus_00000750,val,data/FUSeg/val/images/0349.png,data/FUSeg/val/labels/0349.png,1,76,118,139,435
fus_00000751,val,data/FUSeg/val/images/0351.png,data/FUSeg/val/labels/0351.png,1,155,228,162,236
fus_00000752,val,data/FUSeg/val/images/0354.png,data/FUSeg/val/labels/0354.png,1,112,269,259,389
fus_00000753,val,data/FUSeg/val/images/0355.png,data/FUSeg/val/labels/0355.png,1,168,294,212,362
fus_00000754,val,data/FUSeg/val/images/0356.png,data/FUSeg/val/labels/0356.png,1,137,237,246,314
fus_00000755,val,data/FUSeg/val/images/0363.png,data/FUSeg/val/labels/0363.png,1,185,219,249,313
fus_00000756,val,data/FUSeg/val/images/0365.png,data/FUSeg/val/labels/0365.png,1,134,155,271,337
fus_00000757,val,data/FUSeg/val/images/0369.png,data/FUSeg/val/labels/0369.png,1,142,276,223,338
fus_00000758,val,data/FUSeg/val/images/0371.png,data/FUSeg/val/labels/0371.png,1,195,245,249,280
fus_00000759,val,data/FUSeg/val/images/0375.png,data/FUSeg/val/labels/0375.png,1,168,217,250,273
fus_00000760,val,data/FUSeg/val/images/0376.png,data/FUSeg/val/labels/0376.png,1,165,225,196,267
fus_00000761,val,data/FUSeg/val/images/0377.png,data/FUSeg/val/labels/0377.png,1,165,154,236,210
fus_00000762,val,data/FUSeg/val/images/0382.png,data/FUSeg/val/labels/0382.png,1,161,98,312,272
fus_00000763,val,data/FUSeg/val/images/0383.png,data/FUSeg/val/labels/0383.png,1,231,87,280,149
fus_00000764,val,data/FUSeg/val/images/0390.png,data/FUSeg/val/labels/0390.png,1,223,109,291,133
fus_00000765,val,data/FUSeg/val/images/0393.png,data/FUSeg/val/labels/0393.png,1,104,181,174,355
fus_00000766,val,data/FUSeg/val/images/0398.png,data/FUSeg/val/labels/0398.png,1,160,219,186,253
fus_00000767,val,data/FUSeg/val/images/0402.png,data/FUSeg/val/labels/0402.png,1,116,325,172,365
fus_00000768,val,data/FUSeg/val/images/0403.png,data/FUSeg/val/labels/0403.png,1,137,226,158,250
fus_00000769,val,data/FUSeg/val/images/0405.png,data/FUSeg/val/labels/0405.png,1,161,298,192,344
fus_00000770,val,data/FUSeg/val/images/0407.png,data/FUSeg/val/labels/0407.png,1,171,223,223,273
fus_00000771,val,data/FUSeg/val/images/0412.png,data/FUSeg/val/labels/0412.png,1,178,218,229,270
fus_00000772,val,data/FUSeg/val/images/0414.png,data/FUSeg/val/labels/0414.png,1,93,106,307,310
fus_00000773,val,data/FUSeg/val/images/0415.png,data/FUSeg/val/labels/0415.png,1,174,213,199,270
fus_00000774,val,data/FUSeg/val/images/0416.png,data/FUSeg/val/labels/0416.png,1,174,210,291,295
fus_00000775,val,data/FUSeg/val/images/0417.png,data/FUSeg/val/labels/0417.png,0,0,0,0,0
fus_00000776,val,data/FUSeg/val/images/0429.png,data/FUSeg/val/labels/0429.png,1,126,167,177,222
fus_00000777,val,data/FUSeg/val/images/0430.png,data/FUSeg/val/labels/0430.png,1,128,159,181,246
fus_00000778,val,data/FUSeg/val/images/0434.png,data/FUSeg/val/labels/0434.png,1,222,189,273,277
fus_00000779,val,data/FUSeg/val/images/0437.png,data/FUSeg/val/labels/0437.png,1,120,202,252,290
fus_00000780,val,data/FUSeg/val/images/0438.png,data/FUSeg/val/labels/0438.png,1,154,192,231,344
fus_00000781,val,data/FUSeg/val/images/0439.png,data/FUSeg/val/labels/0439.png,1,177,175,228,248
fus_00000782,val,data/FUSeg/val/images/0441.png,data/FUSeg/val/labels/0441.png,1,159,309,242,357
fus_00000783,val,data/FUSeg/val/images/0447.png,data/FUSeg/val/labels/0447.png,1,220,195,259,232
fus_00000784,val,data/FUSeg/val/images/0450.png,data/FUSeg/val/labels/0450.png,1,193,227,219,253
fus_00000785,val,data/FUSeg/val/images/0451.png,data/FUSeg/val/labels/0451.png,1,130,227,247,301
fus_00000786,val,data/FUSeg/val/images/0455.png,data/FUSeg/val/labels/0455.png,1,92,87,306,302
fus_00000787,val,data/FUSeg/val/images/0456.png,data/FUSeg/val/labels/0456.png,1,185,238,193,245
fus_00000788,val,data/FUSeg/val/images/0460.png,data/FUSeg/val/labels/0460.png,1,241,105,291,227
fus_00000789,val,data/FUSeg/val/images/0463.png,data/FUSeg/val/labels/0463.png,1,112,279,176,310
fus_00000790,val,data/FUSeg/val/images/0464.png,data/FUSeg/val/labels/0464.png,1,137,253,234,339
fus_00000791,val,data/FUSeg/val/images/0466.png,data/FUSeg/val/labels/0466.png,1,178,263,225,325
fus_00000792,val,data/FUSeg/val/images/0467.png,data/FUSeg/val/labels/0467.png,1,140,227,270,364
fus_00000793,val,data/FUSeg/val/images/0470.png,data/FUSeg/val/labels/0470.png,1,203,309,259,386
fus_00000794,val,data/FUSeg/val/images/0474.png,data/FUSeg/val/labels/0474.png,1,176,310,219,373
fus_00000795,val,data/FUSeg/val/images/0475.png,data/FUSeg/val/labels/0475.png,1,113,193,123,212
fus_00000796,val,data/FUSeg/val/images/0478.png,data/FUSeg/val/labels/0478.png,1,173,228,206,266
fus_00000797,val,data/FUSeg/val/images/0483.png,data/FUSeg/val/labels/0483.png,0,0,0,0,0
fus_00000798,val,data/FUSeg/val/images/0484.png,data/FUSeg/val/labels/0484.png,1,199,201,237,260
fus_00000799,val,data/FUSeg/val/images/0485.png,data/FUSeg/val/labels/0485.png,1,184,295,204,337
fus_00000800,val,data/FUSeg/val/images/0486.png,data/FUSeg/val/labels/0486.png,1,208,98,238,152
fus_00000801,val,data/FUSeg/val/images/0487.png,data/FUSeg/val/labels/0487.png,1,166,130,249,186
fus_00000802,val,data/FUSeg/val/images/0488.png,data/FUSeg/val/labels/0488.png,1,193,205,227,278
fus_00000803,val,data/FUSeg/val/images/0492.png,data/FUSeg/val/labels/0492.png,1,111,193,236,349
fus_00000804,val,data/FUSeg/val/images/0494.png,data/FUSeg/val/labels/0494.png,1,119,196,162,244
fus_00000805,val,data/FUSeg/val/images/0496.png,data/FUSeg/val/labels/0496.png,1,221,141,261,195
fus_00000806,val,data/FUSeg/val/images/0503.png,data/FUSeg/val/labels/0503.png,1,194,222,264,278
fus_00000807,val,data/FUSeg/val/images/0504.png,data/FUSeg/val/labels/0504.png,1,201,117,259,304
fus_00000808,val,data/FUSeg/val/images/0507.png,data/FUSeg/val/labels/0507.png,1,292,49,397,210
fus_00000809,val,data/FUSeg/val/images/0510.png,data/FUSeg/val/labels/0510.png,1,146,279,228,375
fus_00000810,val,data/FUSeg/val/images/0511.png,data/FUSeg/val/labels/0511.png,1,171,244,269,313
fus_00000811,val,data/FUSeg/val/images/0513.png,data/FUSeg/val/labels/0513.png,1,147,142,279,249
fus_00000812,val,data/FUSeg/val/images/0516.png,data/FUSeg/val/labels/0516.png,1,126,58,290,389
fus_00000813,val,data/FUSeg/val/images/0517.png,data/FUSeg/val/labels/0517.png,1,154,95,240,258
fus_00000814,val,data/FUSeg/val/images/0525.png,data/FUSeg/val/labels/0525.png,1,178,226,258,279
fus_00000815,val,data/FUSeg/val/images/0528.png,data/FUSeg/val/labels/0528.png,1,168,222,207,239
fus_00000816,val,data/FUSeg/val/images/0533.png,data/FUSeg/val/labels/0533.png,0,0,0,0,0
fus_00000817,val,data/FUSeg/val/images/0537.png,data/FUSeg/val/labels/0537.png,1,330,268,365,339
fus_00000818,val,data/FUSeg/val/images/0540.png,data/FUSeg/val/labels/0540.png,1,186,221,286,276
fus_00000819,val,data/FUSeg/val/images/0541.png,data/FUSeg/val/labels/0541.png,1,171,264,218,333
fus_00000820,val,data/FUSeg/val/images/0543.png,data/FUSeg/val/labels/0543.png,1,170,292,212,375
fus_00000821,val,data/FUSeg/val/images/0545.png,data/FUSeg/val/labels/0545.png,1,72,166,288,271
fus_00000822,val,data/FUSeg/val/images/0548.png,data/FUSeg/val/labels/0548.png,1,169,224,380,511
fus_00000823,val,data/FUSeg/val/images/0549.png,data/FUSeg/val/labels/0549.png,1,177,216,231,262
fus_00000824,val,data/FUSeg/val/images/0551.png,data/FUSeg/val/labels/0551.png,1,130,237,180,352
fus_00000825,val,data/FUSeg/val/images/0557.png,data/FUSeg/val/labels/0557.png,1,196,250,276,301
fus_00000826,val,data/FUSeg/val/images/0559.png,data/FUSeg/val/labels/0559.png,1,122,162,186,254
fus_00000827,val,data/FUSeg/val/images/0560.png,data/FUSeg/val/labels/0560.png,1,152,160,195,222
fus_00000828,val,data/FUSeg/val/images/0565.png,data/FUSeg/val/labels/0565.png,1,81,125,146,279
fus_00000829,val,data/FUSeg/val/images/0566.png,data/FUSeg/val/labels/0566.png,1,167,216,217,267
fus_00000830,val,data/FUSeg/val/images/0571.png,data/FUSeg/val/labels/0571.png,1,137,195,157,237
fus_00000831,val,data/FUSeg/val/images/0577.png,data/FUSeg/val/labels/0577.png,1,177,140,229,224
fus_00000832,val,data/FUSeg/val/images/0578.png,data/FUSeg/val/labels/0578.png,1,183,196,211,220
fus_00000833,val,data/FUSeg/val/images/0580.png,data/FUSeg/val/labels/0580.png,1,148,205,160,219
fus_00000834,val,data/FUSeg/val/images/0582.png,data/FUSeg/val/labels/0582.png,1,88,154,225,282
fus_00000835,val,data/FUSeg/val/images/0585.png,data/FUSeg/val/labels/0585.png,1,188,222,229,334
fus_00000836,val,data/FUSeg/val/images/0588.png,data/FUSeg/val/labels/0588.png,1,184,288,202,307
fus_00000837,val,data/FUSeg/val/images/0591.png,data/FUSeg/val/labels/0591.png,1,102,288,175,337
fus_00000838,val,data/FUSeg/val/images/0592.png,data/FUSeg/val/labels/0592.png,1,178,275,262,341
fus_00000839,val,data/FUSeg/val/images/0593.png,data/FUSeg/val/labels/0593.png,1,110,152,172,229
fus_00000840,val,data/FUSeg/val/images/0596.png,data/FUSeg/val/labels/0596.png,1,153,223,219,288
fus_00000841,val,data/FUSeg/val/images/0602.png,data/FUSeg/val/labels/0602.png,1,333,55,438,266
fus_00000842,val,data/FUSeg/val/images/0603.png,data/FUSeg/val/labels/0603.png,1,125,164,302,356
fus_00000843,val,data/FUSeg/val/images/0604.png,data/FUSeg/val/labels/0604.png,1,167,246,322,298
fus_00000844,val,data/FUSeg/val/images/0607.png,data/FUSeg/val/labels/0607.png,1,130,217,229,295
fus_00000845,val,data/FUSeg/val/images/0612.png,data/FUSeg/val/labels/0612.png,1,190,327,207,343
fus_00000846,val,data/FUSeg/val/images/0613.png,data/FUSeg/val/labels/0613.png,1,146,240,171,266
fus_00000847,val,data/FUSeg/val/images/0615.png,data/FUSeg/val/labels/0615.png,1,96,203,272,259
fus_00000848,val,data/FUSeg/val/images/0616.png,data/FUSeg/val/labels/0616.png,1,144,204,289,346
fus_00000849,val,data/FUSeg/val/images/0626.png,data/FUSeg/val/labels/0626.png,1,195,142,277,208
fus_00000850,val,data/FUSeg/val/images/0627.png,data/FUSeg/val/labels/0627.png,1,174,244,258,301
fus_00000851,val,data/FUSeg/val/images/0630.png,data/FUSeg/val/labels/0630.png,1,156,219,190,255
fus_00000852,val,data/FUSeg/val/images/0635.png,data/FUSeg/val/labels/0635.png,1,187,222,237,351
fus_00000853,val,data/FUSeg/val/images/0638.png,data/FUSeg/val/labels/0638.png,1,156,299,174,331
fus_00000854,val,data/FUSeg/val/images/0642.png,data/FUSeg/val/labels/0642.png,1,119,153,197,250
fus_00000855,val,data/FUSeg/val/images/0643.png,data/FUSeg/val/labels/0643.png,1,241,269,252,276
fus_00000856,val,data/FUSeg/val/images/0644.png,data/FUSeg/val/labels/0644.png,1,134,173,166,205
fus_00000857,val,data/FUSeg/val/images/0645.png,data/FUSeg/val/labels/0645.png,1,220,258,268,289
fus_00000858,val,data/FUSeg/val/images/0647.png,data/FUSeg/val/labels/0647.png,1,175,237,207,273
fus_00000859,val,data/FUSeg/val/images/0651.png,data/FUSeg/val/labels/0651.png,1,173,126,242,247
fus_00000860,val,data/FUSeg/val/images/0652.png,data/FUSeg/val/labels/0652.png,1,158,223,177,247
fus_00000861,val,data/FUSeg/val/images/0653.png,data/FUSeg/val/labels/0653.png,1,141,310,157,326
fus_00000862,val,data/FUSeg/val/images/0655.png,data/FUSeg/val/labels/0655.png,1,148,255,210,355
fus_00000863,val,data/FUSeg/val/images/0657.png,data/FUSeg/val/labels/0657.png,1,147,275,247,351
fus_00000864,val,data/FUSeg/val/images/0658.png,data/FUSeg/val/labels/0658.png,1,140,158,250,302
fus_00000865,val,data/FUSeg/val/images/0674.png,data/FUSeg/val/labels/0674.png,1,111,84,315,336
fus_00000866,val,data/FUSeg/val/images/0679.png,data/FUSeg/val/labels/0679.png,1,174,252,205,295
fus_00000867,val,data/FUSeg/val/images/0680.png,data/FUSeg/val/labels/0680.png,1,34,172,353,343
fus_00000868,val,data/FUSeg/val/images/0682.png,data/FUSeg/val/labels/0682.png,1,181,234,236,308
fus_00000869,val,data/FUSeg/val/images/0683.png,data/FUSeg/val/labels/0683.png,1,196,52,362,206
fus_00000870,val,data/FUSeg/val/images/0685.png,data/FUSeg/val/labels/0685.png,1,147,180,202,202
fus_00000871,val,data/FUSeg/val/images/0686.png,data/FUSeg/val/labels/0686.png,1,195,285,208,309
fus_00000872,val,data/FUSeg/val/images/0689.png,data/FUSeg/val/labels/0689.png,1,145,322,202,375
fus_00000873,val,data/FUSeg/val/images/0691.png,data/FUSeg/val/labels/0691.png,1,78,165,247,249
fus_00000874,val,data/FUSeg/val/images/0692.png,data/FUSeg/val/labels/0692.png,1,182,241,189,249
fus_00000875,val,data/FUSeg/val/images/0698.png,data/FUSeg/val/labels/0698.png,1,31,190,290,308
fus_00000876,val,data/FUSeg/val/images/0702.png,data/FUSeg/val/labels/0702.png,1,172,166,212,218
fus_00000877,val,data/FUSeg/val/images/0705.png,data/FUSeg/val/labels/0705.png,1,104,167,270,295
fus_00000878,val,data/FUSeg/val/images/0706.png,data/FUSeg/val/labels/0706.png,1,116,3,328,339
fus_00000879,val,data/FUSeg/val/images/0707.png,data/FUSeg/val/labels/0707.png,1,166,310,208,364
fus_00000880,val,data/FUSeg/val/images/0711.png,data/FUSeg/val/labels/0711.png,1,196,173,249,226
fus_00000881,val,data/FUSeg/val/images/0712.png,data/FUSeg/val/labels/0712.png,1,93,158,216,223
fus_00000882,val,data/FUSeg/val/images/0715.png,data/FUSeg/val/labels/0715.png,1,165,231,178,250
fus_00000883,val,data/FUSeg/val/images/0717.png,data/FUSeg/val/labels/0717.png,1,144,241,208,333
fus_00000884,val,data/FUSeg/val/images/0718.png,data/FUSeg/val/labels/0718.png,1,204,269,216,277
fus_00000885,val,data/FUSeg/val/images/0721.png,data/FUSeg/val/labels/0721.png,1,212,228,254,262
fus_00000886,val,data/FUSeg/val/images/0725.png,data/FUSeg/val/labels/0725.png,0,0,0,0,0
fus_00000887,val,data/FUSeg/val/images/0728.png,data/FUSeg/val/labels/0728.png,1,209,177,243,232
fus_00000888,val,data/FUSeg/val/images/0729.png,data/FUSeg/val/labels/0729.png,1,77,99,138,277
fus_00000889,val,data/FUSeg/val/images/0730.png,data/FUSeg/val/labels/0730.png,1,180,244,189,256
fus_00000890,val,data/FUSeg/val/images/0738.png,data/FUSeg/val/labels/0738.png,1,186,96,242,219
fus_00000891,val,data/FUSeg/val/images/0740.png,data/FUSeg/val/labels/0740.png,1,160,276,208,345
fus_00000892,val,data/FUSeg/val/images/0745.png,data/FUSeg/val/labels/0745.png,1,138,156,242,291
fus_00000893,val,data/FUSeg/val/images/0747.png,data/FUSeg/val/labels/0747.png,1,159,246,214,276
fus_00000894,val,data/FUSeg/val/images/0748.png,data/FUSeg/val/labels/0748.png,1,171,220,220,303
fus_00000895,val,data/FUSeg/val/images/0753.png,data/FUSeg/val/labels/0753.png,1,181,271,202,309
fus_00000896,val,data/FUSeg/val/images/0754.png,data/FUSeg/val/labels/0754.png,1,170,239,193,261
fus_00000897,val,data/FUSeg/val/images/0757.png,data/FUSeg/val/labels/0757.png,1,159,185,184,216
fus_00000898,val,data/FUSeg/val/images/0761.png,data/FUSeg/val/labels/0761.png,1,181,173,205,200
fus_00000899,val,data/FUSeg/val/images/0763.png,data/FUSeg/val/labels/0763.png,1,141,153,311,275
fus_00000900,val,data/FUSeg/val/images/0765.png,data/FUSeg/val/labels/0765.png,1,120,47,278,290
fus_00000901,val,data/FUSeg/val/images/0768.png,data/FUSeg/val/labels/0768.png,1,114,280,198,326
fus_00000902,val,data/FUSeg/val/images/0770.png,data/FUSeg/val/labels/0770.png,1,113,198,145,230
fus_00000903,val,data/FUSeg/val/images/0775.png,data/FUSeg/val/labels/0775.png,1,145,161,181,190
fus_00000904,val,data/FUSeg/val/images/0781.png,data/FUSeg/val/labels/0781.png,1,229,221,274,256
fus_00000905,val,data/FUSeg/val/images/0786.png,data/FUSeg/val/labels/0786.png,1,177,237,196,259
fus_00000906,val,data/FUSeg/val/images/0793.png,data/FUSeg/val/labels/0793.png,1,144,180,172,216
fus_00000907,val,data/FUSeg/val/images/0795.png,data/FUSeg/val/labels/0795.png,1,173,166,207,224
fus_00000908,val,data/FUSeg/val/images/0796.png,data/FUSeg/val/labels/0796.png,1,122,246,244,328
fus_00000909,val,data/FUSeg/val/images/0797.png,data/FUSeg/val/labels/0797.png,1,117,65,339,317
fus_00000910,val,data/FUSeg/val/images/0798.png,data/FUSeg/val/labels/0798.png,1,225,275,266,306
fus_00000911,val,data/FUSeg/val/images/0802.png,data/FUSeg/val/labels/0802.png,1,168,214,244,249
fus_00000912,val,data/FUSeg/val/images/0806.png,data/FUSeg/val/labels/0806.png,1,120,142,214,261
fus_00000913,val,data/FUSeg/val/images/0807.png,data/FUSeg/val/labels/0807.png,1,242,101,427,246
fus_00000914,val,data/FUSeg/val/images/0808.png,data/FUSeg/val/labels/0808.png,1,172,150,229,246
fus_00000915,val,data/FUSeg/val/images/0809.png,data/FUSeg/val/labels/0809.png,1,113,323,182,364
fus_00000916,val,data/FUSeg/val/images/0812.png,data/FUSeg/val/labels/0812.png,1,158,221,192,258
fus_00000917,val,data/FUSeg/val/images/0813.png,data/FUSeg/val/labels/0813.png,1,178,241,208,267
fus_00000918,val,data/FUSeg/val/images/0814.png,data/FUSeg/val/labels/0814.png,1,190,226,265,278
fus_00000919,val,data/FUSeg/val/images/0816.png,data/FUSeg/val/labels/0816.png,1,154,287,158,291
fus_00000920,val,data/FUSeg/val/images/0818.png,data/FUSeg/val/labels/0818.png,1,175,250,195,268
fus_00000921,val,data/FUSeg/val/images/0820.png,data/FUSeg/val/labels/0820.png,1,261,113,389,301
fus_00000922,val,data/FUSeg/val/images/0824.png,data/FUSeg/val/labels/0824.png,1,126,325,187,355
fus_00000923,val,data/FUSeg/val/images/0825.png,data/FUSeg/val/labels/0825.png,1,42,186,322,327
fus_00000924,val,data/FUSeg/val/images/0827.png,data/FUSeg/val/labels/0827.png,1,149,204,206,371
fus_00000925,val,data/FUSeg/val/images/0830.png,data/FUSeg/val/labels/0830.png,1,185,45,206,120
fus_00000926,val,data/FUSeg/val/images/0831.png,data/FUSeg/val/labels/0831.png,1,93,79,108,99
fus_00000927,val,data/FUSeg/val/images/0832.png,data/FUSeg/val/labels/0832.png,0,0,0,0,0
fus_00000928,val,data/FUSeg/val/images/0833.png,data/FUSeg/val/labels/0833.png,1,167,225,216,276
fus_00000929,val,data/FUSeg/val/images/0834.png,data/FUSeg/val/labels/0834.png,1,178,182,214,241
fus_00000930,val,data/FUSeg/val/images/0835.png,data/FUSeg/val/labels/0835.png,1,204,129,256,180
fus_00000931,val,data/FUSeg/val/images/0837.png,data/FUSeg/val/labels/0837.png,1,210,99,318,333
fus_00000932,val,data/FUSeg/val/images/0842.png,data/FUSeg/val/labels/0842.png,1,83,198,126,270
fus_00000933,val,data/FUSeg/val/images/0844.png,data/FUSeg/val/labels/0844.png,1,111,224,166,289
fus_00000934,val,data/FUSeg/val/images/0847.png,data/FUSeg/val/labels/0847.png,1,127,142,200,253
fus_00000935,val,data/FUSeg/val/images/0849.png,data/FUSeg/val/labels/0849.png,1,160,182,193,212
fus_00000936,val,data/FUSeg/val/images/0851.png,data/FUSeg/val/labels/0851.png,1,141,78,253,279
fus_00000937,val,data/FUSeg/val/images/0855.png,data/FUSeg/val/labels/0855.png,1,174,283,200,332
fus_00000938,val,data/FUSeg/val/images/0861.png,data/FUSeg/val/labels/0861.png,1,135,197,296,246
fus_00000939,val,data/FUSeg/val/images/0865.png,data/FUSeg/val/labels/0865.png,1,154,235,219,268
fus_00000940,val,data/FUSeg/val/images/0866.png,data/FUSeg/val/labels/0866.png,1,117,231,151,253
fus_00000941,val,data/FUSeg/val/images/0867.png,data/FUSeg/val/labels/0867.png,1,183,255,190,267
fus_00000942,val,data/FUSeg/val/images/0869.png,data/FUSeg/val/labels/0869.png,0,0,0,0,0
fus_00000943,val,data/FUSeg/val/images/0871.png,data/FUSeg/val/labels/0871.png,1,101,144,174,264
fus_00000944,val,data/FUSeg/val/images/0873.png,data/FUSeg/val/labels/0873.png,1,141,217,218,288
fus_00000945,val,data/FUSeg/val/images/0874.png,data/FUSeg/val/labels/0874.png,1,197,0,315,258
fus_00000946,val,data/FUSeg/val/images/0877.png,data/FUSeg/val/labels/0877.png,1,161,306,199,363
fus_00000947,val,data/FUSeg/val/images/0880.png,data/FUSeg/val/labels/0880.png,1,216,207,290,323
fus_00000948,val,data/FUSeg/val/images/0881.png,data/FUSeg/val/labels/0881.png,1,190,232,262,273
fus_00000949,val,data/FUSeg/val/images/0882.png,data/FUSeg/val/labels/0882.png,1,138,162,192,272
fus_00000950,val,data/FUSeg/val/images/0887.png,data/FUSeg/val/labels/0887.png,1,137,159,244,303
fus_00000951,val,data/FUSeg/val/images/0890.png,data/FUSeg/val/labels/0890.png,1,153,207,230,258
fus_00000952,val,data/FUSeg/val/images/0894.png,data/FUSeg/val/labels/0894.png,1,189,206,268,275
fus_00000953,val,data/FUSeg/val/images/0895.png,data/FUSeg/val/labels/0895.png,1,125,107,248,347
fus_00000954,val,data/FUSeg/val/images/0897.png,data/FUSeg/val/labels/0897.png,1,168,130,235,241
fus_00000955,val,data/FUSeg/val/images/0900.png,data/FUSeg/val/labels/0900.png,1,364,66,467,283
fus_00000956,val,data/FUSeg/val/images/0901.png,data/FUSeg/val/labels/0901.png,1,155,199,262,284
fus_00000957,val,data/FUSeg/val/images/0902.png,data/FUSeg/val/labels/0902.png,1,196,234,230,267
fus_00000958,val,data/FUSeg/val/images/0904.png,data/FUSeg/val/labels/0904.png,1,118,278,128,285
fus_00000959,val,data/FUSeg/val/images/0905.png,data/FUSeg/val/labels/0905.png,1,205,267,246,286
fus_00000960,val,data/FUSeg/val/images/0906.png,data/FUSeg/val/labels/0906.png,1,148,237,161,256
fus_00000961,val,data/FUSeg/val/images/0912.png,data/FUSeg/val/labels/0912.png,0,0,0,0,0
fus_00000962,val,data/FUSeg/val/images/0913.png,data/FUSeg/val/labels/0913.png,1,137,238,180,276
fus_00000963,val,data/FUSeg/val/images/0914.png,data/FUSeg/val/labels/0914.png,1,166,228,214,273
fus_00000964,val,data/FUSeg/val/images/0922.png,data/FUSeg/val/labels/0922.png,1,140,170,170,202
fus_00000965,val,data/FUSeg/val/images/0928.png,data/FUSeg/val/labels/0928.png,1,156,150,238,297
fus_00000966,val,data/FUSeg/val/images/0929.png,data/FUSeg/val/labels/0929.png,1,196,142,212,165
fus_00000967,val,data/FUSeg/val/images/0931.png,data/FUSeg/val/labels/0931.png,0,0,0,0,0
fus_00000968,val,data/FUSeg/val/images/0933.png,data/FUSeg/val/labels/0933.png,1,205,286,249,319
fus_00000969,val,data/FUSeg/val/images/0936.png,data/FUSeg/val/labels/0936.png,1,138,249,220,296
fus_00000970,val,data/FUSeg/val/images/0937.png,data/FUSeg/val/labels/0937.png,1,183,153,238,231
fus_00000971,val,data/FUSeg/val/images/0940.png,data/FUSeg/val/labels/0940.png,1,59,192,279,319
fus_00000972,val,data/FUSeg/val/images/0942.png,data/FUSeg/val/labels/0942.png,1,108,29,263,316
fus_00000973,val,data/FUSeg/val/images/0943.png,data/FUSeg/val/labels/0943.png,1,89,172,262,273
fus_00000974,val,data/FUSeg/val/images/0946.png,data/FUSeg/val/labels/0946.png,1,124,154,152,271
fus_00000975,val,data/FUSeg/val/images/0947.png,data/FUSeg/val/labels/0947.png,1,159,26,342,203
fus_00000976,val,data/FUSeg/val/images/0948.png,data/FUSeg/val/labels/0948.png,1,114,282,153,314
fus_00000977,val,data/FUSeg/val/images/0949.png,data/FUSeg/val/labels/0949.png,1,351,244,406,277
fus_00000978,val,data/FUSeg/val/images/0951.png,data/FUSeg/val/labels/0951.png,1,173,133,201,178
fus_00000979,val,data/FUSeg/val/images/0954.png,data/FUSeg/val/labels/0954.png,1,146,170,183,216
fus_00000980,val,data/FUSeg/val/images/0955.png,data/FUSeg/val/labels/0955.png,1,197,184,213,206
fus_00000981,val,data/FUSeg/val/images/0958.png,data/FUSeg/val/labels/0958.png,1,154,203,175,229
fus_00000982,val,data/FUSeg/val/images/0960.png,data/FUSeg/val/labels/0960.png,1,152,96,273,260
fus_00000983,val,data/FUSeg/val/images/0961.png,data/FUSeg/val/labels/0961.png,1,173,192,208,220
fus_00000984,val,data/FUSeg/val/images/0962.png,data/FUSeg/val/labels/0962.png,1,205,150,279,210
fus_00000985,val,data/FUSeg/val/images/0963.png,data/FUSeg/val/labels/0963.png,1,140,171,164,201
fus_00000986,val,data/FUSeg/val/images/0964.png,data/FUSeg/val/labels/0964.png,1,105,227,216,413
fus_00000987,val,data/FUSeg/val/images/0966.png,data/FUSeg/val/labels/0966.png,1,116,120,326,334
fus_00000988,val,data/FUSeg/val/images/0968.png,data/FUSeg/val/labels/0968.png,1,161,298,184,344
fus_00000989,val,data/FUSeg/val/images/0971.png,data/FUSeg/val/labels/0971.png,1,84,178,262,281
fus_00000990,val,data/FUSeg/val/images/0973.png,data/FUSeg/val/labels/0973.png,1,138,192,181,232
fus_00000991,val,data/FUSeg/val/images/0974.png,data/FUSeg/val/labels/0974.png,1,112,135,363,344
fus_00000992,val,data/FUSeg/val/images/0976.png,data/FUSeg/val/labels/0976.png,1,246,210,290,249
fus_00000993,val,data/FUSeg/val/images/0978.png,data/FUSeg/val/labels/0978.png,1,173,186,210,220
fus_00000994,val,data/FUSeg/val/images/0979.png,data/FUSeg/val/labels/0979.png,1,131,223,175,262
fus_00000995,val,data/FUSeg/val/images/0980.png,data/FUSeg/val/labels/0980.png,1,181,295,205,337
fus_00000996,val,data/FUSeg/val/images/0982.png,data/FUSeg/val/labels/0982.png,1,218,95,315,290
fus_00000997,val,data/FUSeg/val/images/0983.png,data/FUSeg/val/labels/0983.png,1,210,227,237,262
fus_00000998,val,data/FUSeg/val/images/0985.png,data/FUSeg/val/labels/0985.png,1,99,125,255,302
fus_00000999,val,data/FUSeg/val/images/0988.png,data/FUSeg/val/labels/0988.png,1,144,198,156,212
fus_00001000,val,data/FUSeg/val/images/0992.png,data/FUSeg/val/labels/0992.png,1,147,234,205,312
fus_00001001,val,data/FUSeg/val/images/0993.png,data/FUSeg/val/labels/0993.png,1,154,219,277,295
fus_00001002,val,data/FUSeg/val/images/0996.png,data/FUSeg/val/labels/0996.png,1,191,238,200,261
fus_00001003,val,data/FUSeg/val/images/0999.png,data/FUSeg/val/labels/0999.png,1,85,183,229,252
fus_00001004,val,data/FUSeg/val/images/1000.png,data/FUSeg/val/labels/1000.png,1,127,101,326,245
fus_00001005,val,data/FUSeg/val/images/1001.png,data/FUSeg/val/labels/1001.png,1,170,241,217,275
fus_00001006,val,data/FUSeg/val/images/1003.png,data/FUSeg/val/labels/1003.png,1,210,261,250,294
fus_00001007,val,data/FUSeg/val/images/1004.png,data/FUSeg/val/labels/1004.png,1,148,199,230,250
fus_00001008,val,data/FUSeg/val/images/1008.png,data/FUSeg/val/labels/1008.png,1,159,189,241,238
fus_00001009,val,data/FUSeg/val/images/1009.png,data/FUSeg/val/labels/1009.png,1,191,22,269,290
